work_id,mp_id,state,district,ia_id,category,sanctioned_amount,status,cost_anomaly_score,cost_anomaly_reason,dup_score,dup_reason,structuring_score,structuring_reason,execution_risk_score,execution_risk_reason,image_forensics_score,image_forensics_reason,network_score,network_reason,rule_score,rule_reason,corroboration_count,composite_risk_score,risk_tier,delay_risk_score,delay_tier,risk_explanation
W00054,MP027,Uttar Pradesh,Sitapur,IA029,Street Lighting (per 50 units),1272595.6,Completed,0.4173255459226619,,0.0,,0.0,,0.0,,1.0,completion photo GPS tag is 149.8km from the sanctioned work location,1.0,"3 Implementing Agencies in Sitapur (IA010, IA017, IA029) share an unusually overlapping small set of regular vendors (V025, V073) -- avg vendor-overlap 58%, consistent with a closed-loop vendor ring",0.0,,3,100.0,Critical,0.0,On Track,"completion photo GPS tag is 149.8km from the sanctioned work location || 3 Implementing Agencies in Sitapur (IA010, IA017, IA029) share an unusually overlapping small set of regular vendors (V025, V073) -- avg vendor-overlap 58%, consistent with a closed-loop vendor ring"
W00265,MP039,Bihar,Gaya,IA025,Public Toilet Complex,2263701.26,Completed,1.0,cost is 15.3x the typical spread for 'Public Toilet Complex' works in Bihar (peer-group check),0.0,,0.0,,0.0,,1.0,"identical photo (hash 755f17f4eb8b0119) also submitted as completion evidence for 2 other unrelated work(s): W00265, W01115",0.0,,0.5,[R1] sanctioned amount deviates 176% from MP-recommended amount without documented justification; ,3,100.0,Critical,0.0,On Track,"cost is 15.3x the typical spread for 'Public Toilet Complex' works in Bihar (peer-group check) || identical photo (hash 755f17f4eb8b0119) also submitted as completion evidence for 2 other unrelated work(s): W00265, W01115 || [R1] sanctioned amount deviates 176% from MP-recommended amount without documented justification; "
W00930,MP031,Uttar Pradesh,Sitapur,IA029,Health Sub-Centre Upgrade,3704758.75,In Progress,1.0,"cost is 9.8x the typical spread for 'Health Sub-Centre Upgrade' works in Uttar Pradesh (peer-group check); ML model predicted ~₹1,699,543 for a work of this type/scale/location, actual sanctioned amount is ₹3,704,759 (118% above prediction)",0.0,,0.0,,1.0,"sanctioned 849 days ago but expected duration was only 210 days (4.0x overdue), still marked 'In Progress' | 100% of sanctioned funds already disbursed, but work is still marked 'In Progress' -- payment has outpaced physical progress",0.0,,1.0,"3 Implementing Agencies in Sitapur (IA010, IA017, IA029) share an unusually overlapping small set of regular vendors (V025, V073) -- avg vendor-overlap 58%, consistent with a closed-loop vendor ring",0.5,[R1] sanctioned amount deviates 199% from MP-recommended amount without documented justification; ,3,100.0,Critical,100.0,Severely Stalled,"cost is 9.8x the typical spread for 'Health Sub-Centre Upgrade' works in Uttar Pradesh (peer-group check); ML model predicted ~₹1,699,543 for a work of this type/scale/location, actual sanctioned amount is ₹3,704,759 (118% above prediction) || 3 Implementing Agencies in Sitapur (IA010, IA017, IA029) share an unusually overlapping small set of regular vendors (V025, V073) -- avg vendor-overlap 58%, consistent with a closed-loop vendor ring || [R1] sanctioned amount deviates 199% from MP-recommended amount without documented justification; "
W01105,MP028,Tamil Nadu,Madurai,IA031,Drainage / Sewage Line (per km),4649439.59,Completed,0.5671312550644657,,0.8773180522456263,"description + location closely match work W01401 (text similarity 0.75, 114m apart) -- possible duplicate/phantom billing",0.8,"2 payments totalling ₹1,800,848 were each made just under the ₹1,000,000 approval threshold, within 2 days of each other -- consistent with structuring to avoid extra review",0.0,,0.06666030304312998,,0.0,,0.0,,3,98.6,Critical,0.0,On Track,"description + location closely match work W01401 (text similarity 0.75, 114m apart) -- possible duplicate/phantom billing || 2 payments totalling ₹1,800,848 were each made just under the ₹1,000,000 approval threshold, within 2 days of each other -- consistent with structuring to avoid extra review"
W00578,MP029,Bihar,Patna,IA023,Street Lighting (per 50 units),9610594.25,Completed,1.0,"cost is 23.5x the typical spread for 'Street Lighting (per 50 units)' works in Bihar (peer-group check); ML model predicted ~₹6,400,875 for a work of this type/scale/location, actual sanctioned amount is ₹9,610,594 (50% above prediction)",0.0,,0.0,,0.0,,0.016732651017658605,,0.0,,0.5,[R1] sanctioned amount deviates 256% from MP-recommended amount without documented justification; ,2,97.0,Critical,0.0,On Track,"cost is 23.5x the typical spread for 'Street Lighting (per 50 units)' works in Bihar (peer-group check); ML model predicted ~₹6,400,875 for a work of this type/scale/location, actual sanctioned amount is ₹9,610,594 (50% above prediction) || [R1] sanctioned amount deviates 256% from MP-recommended amount without documented justification; "
W00417,MP008,West Bengal,Malda,IA019,Health Sub-Centre Upgrade,5041709.8,Completed,1.0,"cost is 11.2x the typical spread for 'Health Sub-Centre Upgrade' works in West Bengal (peer-group check); ML model predicted ~₹1,833,330 for a work of this type/scale/location, actual sanctioned amount is ₹5,041,710 (175% above prediction)",0.0,,0.0,,0.0,,0.00913042049591341,,0.0,,0.5,[R1] sanctioned amount deviates 188% from MP-recommended amount without documented justification; ,2,97.0,Critical,0.0,On Track,"cost is 11.2x the typical spread for 'Health Sub-Centre Upgrade' works in West Bengal (peer-group check); ML model predicted ~₹1,833,330 for a work of this type/scale/location, actual sanctioned amount is ₹5,041,710 (175% above prediction) || [R1] sanctioned amount deviates 188% from MP-recommended amount without documented justification; "
W00636,MP031,Uttar Pradesh,Gorakhpur,IA054,Street Lighting (per 50 units),4804526.36,Completed,1.0,"cost is 22.6x the typical spread for 'Street Lighting (per 50 units)' works in Uttar Pradesh (peer-group check); ML model predicted ~₹1,792,200 for a work of this type/scale/location, actual sanctioned amount is ₹4,804,526 (168% above prediction)",0.0,,0.0,,0.0,,0.04925618980568683,,0.0,,0.5,[R1] sanctioned amount deviates 283% from MP-recommended amount without documented justification; ,2,97.0,Critical,0.0,On Track,"cost is 22.6x the typical spread for 'Street Lighting (per 50 units)' works in Uttar Pradesh (peer-group check); ML model predicted ~₹1,792,200 for a work of this type/scale/location, actual sanctioned amount is ₹4,804,526 (168% above prediction) || [R1] sanctioned amount deviates 283% from MP-recommended amount without documented justification; "
W00616,MP032,Tamil Nadu,Coimbatore,IA024,Drinking Water Facility,5581639.59,Completed,1.0,"cost is 17.6x the typical spread for 'Drinking Water Facility' works in Tamil Nadu (peer-group check); ML model predicted ~₹2,765,025 for a work of this type/scale/location, actual sanctioned amount is ₹5,581,640 (102% above prediction)",0.0,,0.0,,0.0,,0.04412007239647764,,0.0,,0.5,[R1] sanctioned amount deviates 164% from MP-recommended amount without documented justification; ,2,97.0,Critical,0.0,On Track,"cost is 17.6x the typical spread for 'Drinking Water Facility' works in Tamil Nadu (peer-group check); ML model predicted ~₹2,765,025 for a work of this type/scale/location, actual sanctioned amount is ₹5,581,640 (102% above prediction) || [R1] sanctioned amount deviates 164% from MP-recommended amount without documented justification; "
W00740,MP020,Tamil Nadu,Madurai,IA031,Street Lighting (per 50 units),4223139.6,Completed,1.0,"cost is 10.4x the typical spread for 'Street Lighting (per 50 units)' works in Tamil Nadu (peer-group check); ML model predicted ~₹2,486,448 for a work of this type/scale/location, actual sanctioned amount is ₹4,223,140 (70% above prediction)",0.0,,0.0,,0.0,,0.07786808915031092,,0.0,,0.5,[R1] sanctioned amount deviates 163% from MP-recommended amount without documented justification; ,2,97.0,Critical,0.0,On Track,"cost is 10.4x the typical spread for 'Street Lighting (per 50 units)' works in Tamil Nadu (peer-group check); ML model predicted ~₹2,486,448 for a work of this type/scale/location, actual sanctioned amount is ₹4,223,140 (70% above prediction) || [R1] sanctioned amount deviates 163% from MP-recommended amount without documented justification; "
W00032,MP034,Uttar Pradesh,Gorakhpur,IA060,Health Sub-Centre Upgrade,6135844.04,Completed,1.0,"cost is 21.3x the typical spread for 'Health Sub-Centre Upgrade' works in Uttar Pradesh (peer-group check); ML model predicted ~₹1,707,196 for a work of this type/scale/location, actual sanctioned amount is ₹6,135,844 (259% above prediction)",0.0,,0.0,,0.0,,0.08709813692133478,,0.0,,0.5,[R1] sanctioned amount deviates 288% from MP-recommended amount without documented justification; ,2,97.0,Critical,0.0,On Track,"cost is 21.3x the typical spread for 'Health Sub-Centre Upgrade' works in Uttar Pradesh (peer-group check); ML model predicted ~₹1,707,196 for a work of this type/scale/location, actual sanctioned amount is ₹6,135,844 (259% above prediction) || [R1] sanctioned amount deviates 288% from MP-recommended amount without documented justification; "
W01161,MP010,Bihar,Gaya,IA036,Street Lighting (per 50 units),5530485.64,Completed,1.0,"cost is 16.0x the typical spread for 'Street Lighting (per 50 units)' works in Bihar (peer-group check); ML model predicted ~₹2,492,604 for a work of this type/scale/location, actual sanctioned amount is ₹5,530,486 (122% above prediction)",0.0,,0.0,,0.0,,0.06367755403544283,,0.0,,0.5,[R1] sanctioned amount deviates 202% from MP-recommended amount without documented justification; ,2,97.0,Critical,0.0,On Track,"cost is 16.0x the typical spread for 'Street Lighting (per 50 units)' works in Bihar (peer-group check); ML model predicted ~₹2,492,604 for a work of this type/scale/location, actual sanctioned amount is ₹5,530,486 (122% above prediction) || [R1] sanctioned amount deviates 202% from MP-recommended amount without documented justification; "
W00134,MP015,West Bengal,Malda,IA051,Health Sub-Centre Upgrade,6260359.22,Completed,1.0,"cost is 15.4x the typical spread for 'Health Sub-Centre Upgrade' works in West Bengal (peer-group check); ML model predicted ~₹1,772,166 for a work of this type/scale/location, actual sanctioned amount is ₹6,260,359 (253% above prediction)",0.0,,0.0,,0.0,,0.010632510538253597,,0.0,,0.5,[R1] sanctioned amount deviates 288% from MP-recommended amount without documented justification; ,2,97.0,Critical,0.0,On Track,"cost is 15.4x the typical spread for 'Health Sub-Centre Upgrade' works in West Bengal (peer-group check); ML model predicted ~₹1,772,166 for a work of this type/scale/location, actual sanctioned amount is ₹6,260,359 (253% above prediction) || [R1] sanctioned amount deviates 288% from MP-recommended amount without documented justification; "
W00279,MP024,Maharashtra,Nagpur,IA001,Drainage / Sewage Line (per km),1867709.18,Completed,1.0,"cost is 18.5x the typical spread for 'Drainage / Sewage Line (per km)' works in Maharashtra (peer-group check); ML model predicted ~₹1,227,646 for a work of this type/scale/location, actual sanctioned amount is ₹1,867,709 (52% above prediction)",0.0,,0.0,,0.0,,0.0572136120401861,,0.0,,0.5,[R1] sanctioned amount deviates 197% from MP-recommended amount without documented justification; ,2,97.0,Critical,0.0,On Track,"cost is 18.5x the typical spread for 'Drainage / Sewage Line (per km)' works in Maharashtra (peer-group check); ML model predicted ~₹1,227,646 for a work of this type/scale/location, actual sanctioned amount is ₹1,867,709 (52% above prediction) || [R1] sanctioned amount deviates 197% from MP-recommended amount without documented justification; "
W00904,MP010,Bihar,Gaya,IA036,Community Hall,15021008.63,Completed,1.0,"cost is 23.5x the typical spread for 'Community Hall' works in Bihar (peer-group check); ML model predicted ~₹4,745,577 for a work of this type/scale/location, actual sanctioned amount is ₹15,021,009 (217% above prediction)",0.0,,0.0,,0.0,,0.05306963657229553,,0.0,,0.5,[R1] sanctioned amount deviates 228% from MP-recommended amount without documented justification; ,2,97.0,Critical,0.0,On Track,"cost is 23.5x the typical spread for 'Community Hall' works in Bihar (peer-group check); ML model predicted ~₹4,745,577 for a work of this type/scale/location, actual sanctioned amount is ₹15,021,009 (217% above prediction) || [R1] sanctioned amount deviates 228% from MP-recommended amount without documented justification; "
W01060,MP019,Maharashtra,Nashik,IA027,School Building Renovation,5287583.86,Completed,1.0,"cost is 20.4x the typical spread for 'School Building Renovation' works in Maharashtra (peer-group check); ML model predicted ~₹1,679,353 for a work of this type/scale/location, actual sanctioned amount is ₹5,287,584 (215% above prediction)",0.0,,0.0,,0.0,,0.02176254565426876,,0.0,,0.5,[R1] sanctioned amount deviates 243% from MP-recommended amount without documented justification; ,2,97.0,Critical,0.0,On Track,"cost is 20.4x the typical spread for 'School Building Renovation' works in Maharashtra (peer-group check); ML model predicted ~₹1,679,353 for a work of this type/scale/location, actual sanctioned amount is ₹5,287,584 (215% above prediction) || [R1] sanctioned amount deviates 243% from MP-recommended amount without documented justification; "
W00006,MP015,West Bengal,Malda,IA014,Health Sub-Centre Upgrade,3398606.61,Completed,1.0,"cost is 5.7x the typical spread for 'Health Sub-Centre Upgrade' works in West Bengal (peer-group check); ML model predicted ~₹1,745,956 for a work of this type/scale/location, actual sanctioned amount is ₹3,398,607 (95% above prediction)",0.0,,0.0,,0.0,,0.059826949751114585,,0.0,,0.5,[R1] sanctioned amount deviates 207% from MP-recommended amount without documented justification; ,2,97.0,Critical,0.0,On Track,"cost is 5.7x the typical spread for 'Health Sub-Centre Upgrade' works in West Bengal (peer-group check); ML model predicted ~₹1,745,956 for a work of this type/scale/location, actual sanctioned amount is ₹3,398,607 (95% above prediction) || [R1] sanctioned amount deviates 207% from MP-recommended amount without documented justification; "
W00567,MP031,Uttar Pradesh,Gorakhpur,IA052,Road Construction (per km),9650953.85,Completed,1.0,cost is 16.8x the typical spread for 'Road Construction (per km)' works in Uttar Pradesh (peer-group check),0.0,,0.0,,0.0,,0.07413879058043375,,0.0,,0.5,[R1] sanctioned amount deviates 281% from MP-recommended amount without documented justification; ,2,97.0,Critical,0.0,On Track,cost is 16.8x the typical spread for 'Road Construction (per km)' works in Uttar Pradesh (peer-group check) || [R1] sanctioned amount deviates 281% from MP-recommended amount without documented justification; 
W00915,MP015,West Bengal,Malda,IA043,Drainage / Sewage Line (per km),1663194.95,Completed,1.0,"cost is 19.3x the typical spread for 'Drainage / Sewage Line (per km)' works in West Bengal (peer-group check); ML model predicted ~₹883,048 for a work of this type/scale/location, actual sanctioned amount is ₹1,663,195 (88% above prediction)",0.0,,0.0,,0.0,,0.052981165112659406,,0.0,,0.5,[R1] sanctioned amount deviates 222% from MP-recommended amount without documented justification; ,2,97.0,Critical,0.0,On Track,"cost is 19.3x the typical spread for 'Drainage / Sewage Line (per km)' works in West Bengal (peer-group check); ML model predicted ~₹883,048 for a work of this type/scale/location, actual sanctioned amount is ₹1,663,195 (88% above prediction) || [R1] sanctioned amount deviates 222% from MP-recommended amount without documented justification; "
W00855,MP015,West Bengal,Malda,IA028,Public Toilet Complex,3325466.17,Completed,1.0,cost is 11.7x the typical spread for 'Public Toilet Complex' works in West Bengal (peer-group check),0.0,,0.0,,0.0,,0.03940462648843649,,0.0,,0.5,[R1] sanctioned amount deviates 187% from MP-recommended amount without documented justification; ,2,97.0,Critical,0.0,On Track,cost is 11.7x the typical spread for 'Public Toilet Complex' works in West Bengal (peer-group check) || [R1] sanctioned amount deviates 187% from MP-recommended amount without documented justification; 
W00593,MP030,Bihar,Muzaffarpur,IA032,Street Lighting (per 50 units),6812054.81,Completed,1.0,"cost is 19.5x the typical spread for 'Street Lighting (per 50 units)' works in Bihar (peer-group check); ML model predicted ~₹2,637,463 for a work of this type/scale/location, actual sanctioned amount is ₹6,812,055 (158% above prediction)",0.0,,0.0,,0.0,,0.03587114132182517,,0.0,,0.5,[R1] sanctioned amount deviates 253% from MP-recommended amount without documented justification; ,2,97.0,Critical,0.0,On Track,"cost is 19.5x the typical spread for 'Street Lighting (per 50 units)' works in Bihar (peer-group check); ML model predicted ~₹2,637,463 for a work of this type/scale/location, actual sanctioned amount is ₹6,812,055 (158% above prediction) || [R1] sanctioned amount deviates 253% from MP-recommended amount without documented justification; "
W00146,MP016,West Bengal,Howrah,IA056,Street Lighting (per 50 units),2577240.52,Completed,1.0,"cost is 10.2x the typical spread for 'Street Lighting (per 50 units)' works in West Bengal (peer-group check); ML model predicted ~₹1,533,234 for a work of this type/scale/location, actual sanctioned amount is ₹2,577,241 (68% above prediction)",0.0,,0.0,,0.0,,0.02071789295978779,,0.0,,0.5,[R1] sanctioned amount deviates 152% from MP-recommended amount without documented justification; ,2,97.0,Critical,0.0,On Track,"cost is 10.2x the typical spread for 'Street Lighting (per 50 units)' works in West Bengal (peer-group check); ML model predicted ~₹1,533,234 for a work of this type/scale/location, actual sanctioned amount is ₹2,577,241 (68% above prediction) || [R1] sanctioned amount deviates 152% from MP-recommended amount without documented justification; "
W01123,MP030,Bihar,Gaya,IA011,Community Hall,7636345.12,Completed,1.0,"cost is 8.4x the typical spread for 'Community Hall' works in Bihar (peer-group check); ML model predicted ~₹4,745,577 for a work of this type/scale/location, actual sanctioned amount is ₹7,636,345 (61% above prediction)",0.0,,0.0,,0.0,,0.03622002638941719,,0.0,,0.5,[R1] sanctioned amount deviates 215% from MP-recommended amount without documented justification; ,2,97.0,Critical,0.0,On Track,"cost is 8.4x the typical spread for 'Community Hall' works in Bihar (peer-group check); ML model predicted ~₹4,745,577 for a work of this type/scale/location, actual sanctioned amount is ₹7,636,345 (61% above prediction) || [R1] sanctioned amount deviates 215% from MP-recommended amount without documented justification; "
W00651,MP010,Bihar,Gaya,IA025,Public Toilet Complex,1878933.61,Completed,1.0,cost is 13.9x the typical spread for 'Public Toilet Complex' works in Bihar (peer-group check),0.0,,0.0,,0.0,,0.006150709025613747,,0.0,,0.5,[R1] sanctioned amount deviates 207% from MP-recommended amount without documented justification; ,2,97.0,Critical,0.0,On Track,cost is 13.9x the typical spread for 'Public Toilet Complex' works in Bihar (peer-group check) || [R1] sanctioned amount deviates 207% from MP-recommended amount without documented justification; 
W00284,MP027,Uttar Pradesh,Sitapur,IA017,Street Lighting (per 50 units),1766317.67,Completed,0.028483408932849143,,0.977149051659608,"description + location closely match work W01409 (text similarity 0.78, 65m apart) -- possible duplicate/phantom billing",0.0,,0.0,,0.07518029860613466,,1.0,"3 Implementing Agencies in Sitapur (IA010, IA017, IA029) share an unusually overlapping small set of regular vendors (V025, V073) -- avg vendor-overlap 58%, consistent with a closed-loop vendor ring",0.0,,2,95.1,Critical,0.0,On Track,"3 Implementing Agencies in Sitapur (IA010, IA017, IA029) share an unusually overlapping small set of regular vendors (V025, V073) -- avg vendor-overlap 58%, consistent with a closed-loop vendor ring || description + location closely match work W01409 (text similarity 0.78, 65m apart) -- possible duplicate/phantom billing"
W01409,MP027,Uttar Pradesh,Sitapur,IA017,Street Lighting (per 50 units),1766317.67,Completed,0.028483408932849143,,0.977149051659608,"description + location closely match work W00284 (text similarity 0.78, 65m apart) -- possible duplicate/phantom billing",0.0,,0.0,,0.02030903187348063,,1.0,"3 Implementing Agencies in Sitapur (IA010, IA017, IA029) share an unusually overlapping small set of regular vendors (V025, V073) -- avg vendor-overlap 58%, consistent with a closed-loop vendor ring",0.0,,2,95.1,Critical,0.0,On Track,"3 Implementing Agencies in Sitapur (IA010, IA017, IA029) share an unusually overlapping small set of regular vendors (V025, V073) -- avg vendor-overlap 58%, consistent with a closed-loop vendor ring || description + location closely match work W00284 (text similarity 0.78, 65m apart) -- possible duplicate/phantom billing"
W01414,MP022,Uttar Pradesh,Meerut,IA018,Drainage / Sewage Line (per km),3275589.38,In Progress,0.354856353921641,,0.9667717055455962,"description + location closely match work W00694 (text similarity 0.79, 78m apart) -- possible duplicate/phantom billing",0.0,,1.0,"sanctioned 988 days ago but expected duration was only 180 days (5.5x overdue), still marked 'In Progress' | 100% of sanctioned funds already disbursed, but work is still marked 'In Progress' -- payment has outpaced physical progress",0.0,,0.0,,0.0,,2,94.2,Critical,100.0,Severely Stalled,"description + location closely match work W00694 (text similarity 0.79, 78m apart) -- possible duplicate/phantom billing"
W00694,MP022,Uttar Pradesh,Meerut,IA018,Drainage / Sewage Line (per km),3275589.38,In Progress,0.354856353921641,,0.9667717055455962,"description + location closely match work W01414 (text similarity 0.79, 78m apart) -- possible duplicate/phantom billing",0.0,,1.0,"sanctioned 1071 days ago but expected duration was only 180 days (6.0x overdue), still marked 'In Progress' | 100% of sanctioned funds already disbursed, but work is still marked 'In Progress' -- payment has outpaced physical progress",0.0,,0.0,,0.0,,2,94.2,Critical,100.0,Severely Stalled,"description + location closely match work W01414 (text similarity 0.79, 78m apart) -- possible duplicate/phantom billing"
W01406,MP027,Uttar Pradesh,Sitapur,IA010,Street Lighting (per 50 units),2250570.47,Completed,0.1579501219849125,,0.9530632412955478,"description + location closely match work W00208 (text similarity 0.79, 85m apart) -- possible duplicate/phantom billing",0.0,,0.0,,0.05222600035230324,,1.0,"3 Implementing Agencies in Sitapur (IA010, IA017, IA029) share an unusually overlapping small set of regular vendors (V025, V073) -- avg vendor-overlap 58%, consistent with a closed-loop vendor ring",0.0,,2,93.0,Critical,0.0,On Track,"3 Implementing Agencies in Sitapur (IA010, IA017, IA029) share an unusually overlapping small set of regular vendors (V025, V073) -- avg vendor-overlap 58%, consistent with a closed-loop vendor ring || description + location closely match work W00208 (text similarity 0.79, 85m apart) -- possible duplicate/phantom billing"
W00208,MP027,Uttar Pradesh,Sitapur,IA010,Street Lighting (per 50 units),2250570.47,Completed,0.1579501219849125,,0.9530632412955478,"description + location closely match work W01406 (text similarity 0.79, 85m apart) -- possible duplicate/phantom billing",0.0,,0.0,,0.03147815723402615,,1.0,"3 Implementing Agencies in Sitapur (IA010, IA017, IA029) share an unusually overlapping small set of regular vendors (V025, V073) -- avg vendor-overlap 58%, consistent with a closed-loop vendor ring",0.0,,2,93.0,Critical,0.0,On Track,"3 Implementing Agencies in Sitapur (IA010, IA017, IA029) share an unusually overlapping small set of regular vendors (V025, V073) -- avg vendor-overlap 58%, consistent with a closed-loop vendor ring || description + location closely match work W01406 (text similarity 0.79, 85m apart) -- possible duplicate/phantom billing"
W01072,MP012,Uttar Pradesh,Sitapur,IA029,Street Lighting (per 50 units),1214923.95,Completed,0.32302946606783006,,0.0,,0.0,,0.0,,0.03162619224325016,,1.0,"3 Implementing Agencies in Sitapur (IA010, IA017, IA029) share an unusually overlapping small set of regular vendors (V025, V073) -- avg vendor-overlap 58%, consistent with a closed-loop vendor ring",0.0,,2,92.0,Critical,0.0,On Track,"3 Implementing Agencies in Sitapur (IA010, IA017, IA029) share an unusually overlapping small set of regular vendors (V025, V073) -- avg vendor-overlap 58%, consistent with a closed-loop vendor ring"
W00391,MP031,Uttar Pradesh,Gorakhpur,IA060,Health Sub-Centre Upgrade,1284103.45,Completed,0.5512194112276012,,0.0,,0.0,,0.0,,1.0,completion photo GPS tag is 184.8km from the sanctioned work location,0.0,,0.0,,2,92.0,Critical,0.0,On Track,completion photo GPS tag is 184.8km from the sanctioned work location
W01316,MP019,Maharashtra,Nashik,IA048,Street Lighting (per 50 units),1180928.57,Completed,0.3951890564446523,,0.0,,0.0,,0.0,,1.0,"identical photo (hash 2aedad26689ce119) also submitted as completion evidence for 2 other unrelated work(s): W00960, W01316",0.0,,0.0,,2,92.0,Critical,0.0,On Track,"identical photo (hash 2aedad26689ce119) also submitted as completion evidence for 2 other unrelated work(s): W00960, W01316"
W01249,MP027,Uttar Pradesh,Sitapur,IA029,Public Toilet Complex,931934.28,Completed,0.7055962202407847,,0.0,,0.0,,0.0,,0.06847881897562824,,1.0,"3 Implementing Agencies in Sitapur (IA010, IA017, IA029) share an unusually overlapping small set of regular vendors (V025, V073) -- avg vendor-overlap 58%, consistent with a closed-loop vendor ring",0.0,,2,92.0,Critical,0.0,On Track,"3 Implementing Agencies in Sitapur (IA010, IA017, IA029) share an unusually overlapping small set of regular vendors (V025, V073) -- avg vendor-overlap 58%, consistent with a closed-loop vendor ring"
W00429,MP027,Uttar Pradesh,Sitapur,IA017,Road Construction (per km),4298893.58,Completed,0.4787045774011289,,0.0,,0.0,,0.0,,0.05389684379722672,,1.0,"3 Implementing Agencies in Sitapur (IA010, IA017, IA029) share an unusually overlapping small set of regular vendors (V025, V073) -- avg vendor-overlap 58%, consistent with a closed-loop vendor ring",0.0,,2,92.0,Critical,0.0,On Track,"3 Implementing Agencies in Sitapur (IA010, IA017, IA029) share an unusually overlapping small set of regular vendors (V025, V073) -- avg vendor-overlap 58%, consistent with a closed-loop vendor ring"
W00516,MP031,Uttar Pradesh,Sitapur,IA017,Public Toilet Complex,477895.83,Completed,0.5941071567815931,,0.0,,0.0,,0.0,,0.023913223718618867,,1.0,"3 Implementing Agencies in Sitapur (IA010, IA017, IA029) share an unusually overlapping small set of regular vendors (V025, V073) -- avg vendor-overlap 58%, consistent with a closed-loop vendor ring",0.0,,2,92.0,Critical,0.0,On Track,"3 Implementing Agencies in Sitapur (IA010, IA017, IA029) share an unusually overlapping small set of regular vendors (V025, V073) -- avg vendor-overlap 58%, consistent with a closed-loop vendor ring"
W00228,MP036,Maharashtra,Pune,IA003,Drinking Water Facility,2958726.41,Completed,0.7119429501551348,,0.0,,0.0,,0.0,,1.0,completion photo GPS tag is 90.1km from the sanctioned work location,0.0,,0.0,,2,92.0,Critical,0.0,On Track,completion photo GPS tag is 90.1km from the sanctioned work location
W00534,MP014,Maharashtra,Pune,IA003,Community Hall,2867877.32,Completed,0.45127539210207995,,0.0,,0.0,,0.0,,1.0,"identical photo (hash 2aedad26689ce119) also submitted as completion evidence for 2 other unrelated work(s): W00960, W01316",0.0,,0.0,,2,92.0,Critical,0.0,On Track,"identical photo (hash 2aedad26689ce119) also submitted as completion evidence for 2 other unrelated work(s): W00960, W01316"
W01405,MP018,Bihar,Gaya,IA011,Drainage / Sewage Line (per km),745949.18,Completed,0.46194891983250663,,0.9413631071169595,"description + location closely match work W00834 (text similarity 0.76, 77m apart) -- possible duplicate/phantom billing",0.0,,0.0,,0.017293570763402138,,0.0,,0.0,,2,92.0,Critical,0.0,On Track,"description + location closely match work W00834 (text similarity 0.76, 77m apart) -- possible duplicate/phantom billing"
W00642,MP027,Uttar Pradesh,Sitapur,IA029,Drainage / Sewage Line (per km),2278518.78,Completed,0.22652533935780675,,0.0,,0.0,,0.0,,1.0,completion photo GPS tag is 119.9km from the sanctioned work location,1.0,"3 Implementing Agencies in Sitapur (IA010, IA017, IA029) share an unusually overlapping small set of regular vendors (V025, V073) -- avg vendor-overlap 58%, consistent with a closed-loop vendor ring",0.0,,2,92.0,Critical,0.0,On Track,"completion photo GPS tag is 119.9km from the sanctioned work location || 3 Implementing Agencies in Sitapur (IA010, IA017, IA029) share an unusually overlapping small set of regular vendors (V025, V073) -- avg vendor-overlap 58%, consistent with a closed-loop vendor ring"
W00122,MP031,Uttar Pradesh,Gorakhpur,IA026,Street Lighting (per 50 units),1042930.23,Completed,0.4220636806856332,,0.0,,0.0,,0.0,,1.0,"identical photo (hash 755f17f4eb8b0119) also submitted as completion evidence for 2 other unrelated work(s): W00265, W01115",0.0,,0.0,,2,92.0,Critical,0.0,On Track,"identical photo (hash 755f17f4eb8b0119) also submitted as completion evidence for 2 other unrelated work(s): W00265, W01115"
W00834,MP018,Bihar,Gaya,IA011,Drainage / Sewage Line (per km),745949.18,Completed,0.46194891983250663,,0.9413631071169595,"description + location closely match work W01405 (text similarity 0.76, 77m apart) -- possible duplicate/phantom billing",0.0,,0.0,,0.0328461289174359,,0.0,,0.0,,2,92.0,Critical,0.0,On Track,"description + location closely match work W01405 (text similarity 0.76, 77m apart) -- possible duplicate/phantom billing"
W01396,MP034,Uttar Pradesh,Meerut,IA040,Public Toilet Complex,855198.41,Completed,0.3988435405376105,,0.0,,0.0,,0.0,,1.0,completion photo GPS tag is 133.6km from the sanctioned work location,0.0,,0.0,,2,92.0,Critical,0.0,On Track,completion photo GPS tag is 133.6km from the sanctioned work location
W00608,MP027,Uttar Pradesh,Sitapur,IA029,School Building Renovation,2185803.43,Completed,0.41393953222787355,,0.0,,0.0,,0.0,,0.03706925502116515,,1.0,"3 Implementing Agencies in Sitapur (IA010, IA017, IA029) share an unusually overlapping small set of regular vendors (V025, V073) -- avg vendor-overlap 58%, consistent with a closed-loop vendor ring",0.0,,2,92.0,Critical,0.0,On Track,"3 Implementing Agencies in Sitapur (IA010, IA017, IA029) share an unusually overlapping small set of regular vendors (V025, V073) -- avg vendor-overlap 58%, consistent with a closed-loop vendor ring"
W00960,MP027,Uttar Pradesh,Sitapur,IA033,Drinking Water Facility,2082794.46,Completed,0.3579497934519777,,0.0,,0.0,,0.0,,1.0,"identical photo (hash 2aedad26689ce119) also submitted as completion evidence for 2 other unrelated work(s): W00960, W01316",0.0,,0.0,,2,92.0,Critical,0.0,On Track,"identical photo (hash 2aedad26689ce119) also submitted as completion evidence for 2 other unrelated work(s): W00960, W01316"
W01401,MP028,Tamil Nadu,Madurai,IA031,Drainage / Sewage Line (per km),4649439.59,Completed,0.5671312550644657,,0.8773180522456263,"description + location closely match work W01105 (text similarity 0.75, 114m apart) -- possible duplicate/phantom billing",0.0,,0.0,,0.05252549935231198,,0.0,,0.0,,2,86.6,Critical,0.0,On Track,"description + location closely match work W01105 (text similarity 0.75, 114m apart) -- possible duplicate/phantom billing"
W01404,MP010,Bihar,Gaya,IA036,Public Toilet Complex,603609.69,Completed,0.3047521842738556,,0.8642481279579557,"description + location closely match work W01113 (text similarity 0.73, 114m apart) -- possible duplicate/phantom billing",0.0,,0.0,,0.012955737074634864,,0.0,,0.0,,2,85.5,Critical,0.0,On Track,"description + location closely match work W01113 (text similarity 0.73, 114m apart) -- possible duplicate/phantom billing"
W01113,MP010,Bihar,Gaya,IA036,Public Toilet Complex,603609.69,Completed,0.3047521842738556,,0.8642481279579557,"description + location closely match work W01404 (text similarity 0.73, 114m apart) -- possible duplicate/phantom billing",0.0,,0.0,,0.04070170569412643,,0.0,,0.0,,2,85.5,Critical,0.0,On Track,"description + location closely match work W01404 (text similarity 0.73, 114m apart) -- possible duplicate/phantom billing"
W01403,MP030,Bihar,Muzaffarpur,IA032,Drinking Water Facility,1382343.57,In Progress,0.36679768671945223,,0.8597852418095715,"description + location closely match work W00606 (text similarity 0.68, 86m apart) -- possible duplicate/phantom billing",0.0,,0.0,,0.0,,0.0,,0.0,,2,85.1,Critical,0.0,On Track,"description + location closely match work W00606 (text similarity 0.68, 86m apart) -- possible duplicate/phantom billing"
W00606,MP030,Bihar,Muzaffarpur,IA032,Drinking Water Facility,1382343.57,In Progress,0.36679768671945223,,0.8597852418095715,"description + location closely match work W01403 (text similarity 0.68, 86m apart) -- possible duplicate/phantom billing",0.0,,0.0,,0.0,,0.0,,0.0,,2,85.1,Critical,0.0,On Track,"description + location closely match work W01403 (text similarity 0.68, 86m apart) -- possible duplicate/phantom billing"
W01399,MP012,Uttar Pradesh,Varanasi,IA057,Public Toilet Complex,1290332.79,Completed,1.0,cost is 3.3x the typical spread for 'Public Toilet Complex' works in Uttar Pradesh (peer-group check),0.0,,0.0,,0.0,,0.01377367748251339,,0.0,,0.0,,1,85.0,Critical,0.0,On Track,cost is 3.3x the typical spread for 'Public Toilet Complex' works in Uttar Pradesh (peer-group check)
W00594,MP022,Uttar Pradesh,Meerut,IA005,Public Toilet Complex,1376817.86,Completed,1.0,cost is 3.2x the typical spread for 'Public Toilet Complex' works in Uttar Pradesh (peer-group check),0.0,,0.0,,0.0,,0.13219989482154185,,0.0,,0.0,,1,85.0,Critical,0.0,On Track,cost is 3.2x the typical spread for 'Public Toilet Complex' works in Uttar Pradesh (peer-group check)
W00526,MP024,Maharashtra,Nagpur,IA035,Road Construction (per km),4144492.94,In Progress,1.0,cost is -4.4x the typical spread for 'Road Construction (per km)' works in Maharashtra (peer-group check),0.0,,0.0,,1.0,"sanctioned 473 days ago but expected duration was only 270 days (1.8x overdue), still marked 'In Progress' | 100% of sanctioned funds already disbursed, but work is still marked 'In Progress' -- payment has outpaced physical progress",0.0,,0.0,,0.0,,1,85.0,Critical,100.0,Severely Stalled,cost is -4.4x the typical spread for 'Road Construction (per km)' works in Maharashtra (peer-group check)
W00659,MP012,Uttar Pradesh,Varanasi,IA057,Public Toilet Complex,1574356.66,Completed,1.0,cost is 3.9x the typical spread for 'Public Toilet Complex' works in Uttar Pradesh (peer-group check),0.0,,0.0,,0.0,,0.01928543290429169,,0.0,,0.0,,1,85.0,Critical,0.0,On Track,cost is 3.9x the typical spread for 'Public Toilet Complex' works in Uttar Pradesh (peer-group check)
W00596,MP031,Uttar Pradesh,Gorakhpur,IA026,Drinking Water Facility,1208057.44,Completed,1.0,cost is 3.4x the typical spread for 'Drinking Water Facility' works in Uttar Pradesh (peer-group check),0.0,,0.0,,0.0,,0.10479988230309177,,0.0,,0.0,,1,85.0,Critical,0.0,On Track,cost is 3.4x the typical spread for 'Drinking Water Facility' works in Uttar Pradesh (peer-group check)
W00647,MP009,Bihar,Muzaffarpur,IA032,Road Construction (per km),5831358.92,In Progress,1.0,cost is -3.2x the typical spread for 'Road Construction (per km)' works in Bihar (peer-group check),0.0,,0.0,,1.0,"100% of sanctioned funds already disbursed, but work is still marked 'In Progress' -- payment has outpaced physical progress",0.0,,0.0,,0.0,,1,85.0,Critical,100.0,Severely Stalled,cost is -3.2x the typical spread for 'Road Construction (per km)' works in Bihar (peer-group check)
W00858,MP038,Tamil Nadu,Madurai,IA031,Public Toilet Complex,432684.27,Completed,0.9936347155310504,cost is -3.0x the typical spread for 'Public Toilet Complex' works in Tamil Nadu (peer-group check),0.0,,0.0,,0.0,,0.023414378659779207,,0.0,,0.0,,1,84.5,Critical,0.0,On Track,cost is -3.0x the typical spread for 'Public Toilet Complex' works in Tamil Nadu (peer-group check)
W00148,MP036,Maharashtra,Nashik,IA027,Drinking Water Facility,2570006.37,Completed,0.9748520349540022,cost is 2.9x the typical spread for 'Drinking Water Facility' works in Maharashtra (peer-group check),0.0,,0.0,,0.0,,0.026114633344810987,,0.0,,0.0,,1,82.9,Critical,0.0,On Track,cost is 2.9x the typical spread for 'Drinking Water Facility' works in Maharashtra (peer-group check)
W00070,MP036,Maharashtra,Nashik,IA048,Health Sub-Centre Upgrade,923788.09,Completed,0.9756401797402345,cost is -2.9x the typical spread for 'Health Sub-Centre Upgrade' works in Maharashtra (peer-group check),0.0,,0.0,,0.0,,0.08902122592533629,,0.0,,0.0,,1,82.9,Critical,0.0,On Track,cost is -2.9x the typical spread for 'Health Sub-Centre Upgrade' works in Maharashtra (peer-group check)
W01356,MP035,West Bengal,Malda,IA050,Street Lighting (per 50 units),1076294.95,Completed,0.015167376672381218,,0.9703300031073596,"description + location closely match work W01412 (text similarity 0.77, 65m apart) -- possible duplicate/phantom billing",0.0,,0.0,,0.035628138822434256,,0.0,,0.0,,1,82.5,Critical,0.0,On Track,"description + location closely match work W01412 (text similarity 0.77, 65m apart) -- possible duplicate/phantom billing"
W01412,MP035,West Bengal,Malda,IA050,Street Lighting (per 50 units),1076294.95,Completed,0.015167376672381218,,0.9703300031073596,"description + location closely match work W01356 (text similarity 0.77, 65m apart) -- possible duplicate/phantom billing",0.0,,0.0,,0.04094080443747814,,0.0,,0.0,,1,82.5,Critical,0.0,On Track,"description + location closely match work W01356 (text similarity 0.77, 65m apart) -- possible duplicate/phantom billing"
W00811,MP040,Bihar,Gaya,IA042,Road Construction (per km),5222016.67,Completed,0.9630066559291879,cost is 2.9x the typical spread for 'Road Construction (per km)' works in Bihar (peer-group check),0.0,,0.0,,0.0,,0.00634806300660275,,0.0,,0.0,,1,81.9,Critical,0.0,On Track,cost is 2.9x the typical spread for 'Road Construction (per km)' works in Bihar (peer-group check)
W00953,MP003,Bihar,Patna,IA023,Road Construction (per km),7982691.54,Completed,0.22514819261208616,,0.0,,0.95,"3 payments totalling ₹2,633,300 were each made just under the ₹1,000,000 approval threshold, within 4 days of each other -- consistent with structuring to avoid extra review",0.0,,0.02472664967908637,,0.0,,0.0,,1,80.8,Critical,0.0,On Track,"3 payments totalling ₹2,633,300 were each made just under the ₹1,000,000 approval threshold, within 4 days of each other -- consistent with structuring to avoid extra review"
W00347,MP032,Tamil Nadu,Coimbatore,IA015,Street Lighting (per 50 units),1556825.44,Completed,0.9466464071718815,cost is -2.8x the typical spread for 'Street Lighting (per 50 units)' works in Tamil Nadu (peer-group check),0.0,,0.0,,0.0,,0.05500432547857187,,0.0,,0.0,,1,80.5,Critical,0.0,On Track,cost is -2.8x the typical spread for 'Street Lighting (per 50 units)' works in Tamil Nadu (peer-group check)
W01408,MP038,Tamil Nadu,Coimbatore,IA024,Drainage / Sewage Line (per km),3170470.71,Completed,0.422549288325798,,0.8029545887462162,"description + location closely match work W01073 (text similarity 0.62, 96m apart) -- possible duplicate/phantom billing",0.0,,0.0,,0.013044261137702524,,0.0,,0.0,,2,80.3,Critical,0.0,On Track,"description + location closely match work W01073 (text similarity 0.62, 96m apart) -- possible duplicate/phantom billing"
W01073,MP038,Tamil Nadu,Coimbatore,IA024,Drainage / Sewage Line (per km),3170470.71,Completed,0.422549288325798,,0.8029545887462162,"description + location closely match work W01408 (text similarity 0.62, 96m apart) -- possible duplicate/phantom billing",0.0,,0.0,,0.06427283358734394,,0.0,,0.0,,2,80.3,Critical,0.0,On Track,"description + location closely match work W01408 (text similarity 0.62, 96m apart) -- possible duplicate/phantom billing"
W01382,MP025,Bihar,Patna,IA023,School Building Renovation,1470991.33,Completed,0.9440947437916402,cost is -2.8x the typical spread for 'School Building Renovation' works in Bihar (peer-group check),0.0,,0.0,,0.0,,0.03496770071354324,,0.0,,0.0,,1,80.2,Critical,0.0,On Track,cost is -2.8x the typical spread for 'School Building Renovation' works in Bihar (peer-group check)
W00666,MP027,Uttar Pradesh,Sitapur,IA010,Health Sub-Centre Upgrade,1817756.9,Completed,0.29165455641941224,,0.0,,0.0,,0.0,,0.011165975278025325,,1.0,"3 Implementing Agencies in Sitapur (IA010, IA017, IA029) share an unusually overlapping small set of regular vendors (V025, V073) -- avg vendor-overlap 58%, consistent with a closed-loop vendor ring",0.0,,1,80.0,Critical,0.0,On Track,"3 Implementing Agencies in Sitapur (IA010, IA017, IA029) share an unusually overlapping small set of regular vendors (V025, V073) -- avg vendor-overlap 58%, consistent with a closed-loop vendor ring"
W00644,MP027,Uttar Pradesh,Sitapur,IA010,Public Toilet Complex,426748.74,Completed,0.1736954862960108,,0.0,,0.0,,0.0,,0.046169117067359385,,1.0,"3 Implementing Agencies in Sitapur (IA010, IA017, IA029) share an unusually overlapping small set of regular vendors (V025, V073) -- avg vendor-overlap 58%, consistent with a closed-loop vendor ring",0.0,,1,80.0,Critical,0.0,On Track,"3 Implementing Agencies in Sitapur (IA010, IA017, IA029) share an unusually overlapping small set of regular vendors (V025, V073) -- avg vendor-overlap 58%, consistent with a closed-loop vendor ring"
W00677,MP027,Uttar Pradesh,Sitapur,IA017,Road Construction (per km),4257170.27,In Progress,0.24400771031561905,,0.0,,0.0,,0.0,,0.0,,1.0,"3 Implementing Agencies in Sitapur (IA010, IA017, IA029) share an unusually overlapping small set of regular vendors (V025, V073) -- avg vendor-overlap 58%, consistent with a closed-loop vendor ring",0.0,,1,80.0,Critical,0.0,On Track,"3 Implementing Agencies in Sitapur (IA010, IA017, IA029) share an unusually overlapping small set of regular vendors (V025, V073) -- avg vendor-overlap 58%, consistent with a closed-loop vendor ring"
W01264,MP027,Uttar Pradesh,Sitapur,IA010,Public Toilet Complex,1195092.73,Completed,0.0640565077490296,,0.0,,0.0,,0.0,,0.0037253016510936147,,1.0,"3 Implementing Agencies in Sitapur (IA010, IA017, IA029) share an unusually overlapping small set of regular vendors (V025, V073) -- avg vendor-overlap 58%, consistent with a closed-loop vendor ring",0.0,,1,80.0,Critical,0.0,On Track,"3 Implementing Agencies in Sitapur (IA010, IA017, IA029) share an unusually overlapping small set of regular vendors (V025, V073) -- avg vendor-overlap 58%, consistent with a closed-loop vendor ring"
W00650,MP027,Uttar Pradesh,Sitapur,IA010,Health Sub-Centre Upgrade,1720396.38,Completed,0.13787939056116394,,0.0,,0.0,,0.0,,0.10918459377956093,,1.0,"3 Implementing Agencies in Sitapur (IA010, IA017, IA029) share an unusually overlapping small set of regular vendors (V025, V073) -- avg vendor-overlap 58%, consistent with a closed-loop vendor ring",0.0,,1,80.0,Critical,0.0,On Track,"3 Implementing Agencies in Sitapur (IA010, IA017, IA029) share an unusually overlapping small set of regular vendors (V025, V073) -- avg vendor-overlap 58%, consistent with a closed-loop vendor ring"
W01231,MP001,West Bengal,Malda,IA051,Community Hall,3956212.8,Completed,0.4592347668329622,,0.0,,0.8,"2 payments totalling ₹1,840,518 were each made just under the ₹1,000,000 approval threshold, within 2 days of each other -- consistent with structuring to avoid extra review",0.0,,0.08415514964670118,,0.0,,0.0,,2,80.0,Critical,0.0,On Track,"2 payments totalling ₹1,840,518 were each made just under the ₹1,000,000 approval threshold, within 2 days of each other -- consistent with structuring to avoid extra review"
W01244,MP027,Uttar Pradesh,Sitapur,IA017,Community Hall,3652467.49,In Progress,0.1559423004925394,,0.0,,0.0,,1.0,"sanctioned 746 days ago but expected duration was only 240 days (3.1x overdue), still marked 'In Progress' | 100% of sanctioned funds already disbursed, but work is still marked 'In Progress' -- payment has outpaced physical progress",0.0,,1.0,"3 Implementing Agencies in Sitapur (IA010, IA017, IA029) share an unusually overlapping small set of regular vendors (V025, V073) -- avg vendor-overlap 58%, consistent with a closed-loop vendor ring",0.0,,1,80.0,Critical,100.0,Severely Stalled,"3 Implementing Agencies in Sitapur (IA010, IA017, IA029) share an unusually overlapping small set of regular vendors (V025, V073) -- avg vendor-overlap 58%, consistent with a closed-loop vendor ring"
W00769,MP027,Uttar Pradesh,Sitapur,IA010,Public Toilet Complex,1042448.13,Completed,0.017936473828814685,,0.0,,0.0,,0.0,,0.020565367847569953,,1.0,"3 Implementing Agencies in Sitapur (IA010, IA017, IA029) share an unusually overlapping small set of regular vendors (V025, V073) -- avg vendor-overlap 58%, consistent with a closed-loop vendor ring",0.0,,1,80.0,Critical,0.0,On Track,"3 Implementing Agencies in Sitapur (IA010, IA017, IA029) share an unusually overlapping small set of regular vendors (V025, V073) -- avg vendor-overlap 58%, consistent with a closed-loop vendor ring"
W01368,MP019,Maharashtra,Nashik,IA048,Drinking Water Facility,1683987.39,Completed,0.0,,0.0,,0.0,,0.0,,1.0,"identical photo (hash b8c84c4967e20ad4) also submitted as completion evidence for 2 other unrelated work(s): W00828, W01368",0.0,,0.0,,1,80.0,Critical,0.0,On Track,"identical photo (hash b8c84c4967e20ad4) also submitted as completion evidence for 2 other unrelated work(s): W00828, W01368"
W00948,MP034,Uttar Pradesh,Sitapur,IA010,Public Toilet Complex,1224463.23,Completed,0.18587939314507926,,0.0,,0.0,,0.0,,0.02909183448082961,,1.0,"3 Implementing Agencies in Sitapur (IA010, IA017, IA029) share an unusually overlapping small set of regular vendors (V025, V073) -- avg vendor-overlap 58%, consistent with a closed-loop vendor ring",0.0,,1,80.0,Critical,0.0,On Track,"3 Implementing Agencies in Sitapur (IA010, IA017, IA029) share an unusually overlapping small set of regular vendors (V025, V073) -- avg vendor-overlap 58%, consistent with a closed-loop vendor ring"
W00741,MP031,Uttar Pradesh,Sitapur,IA010,Drainage / Sewage Line (per km),3914866.07,Completed,0.017698586811369713,,0.0,,0.0,,0.0,,0.06940971119359121,,1.0,"3 Implementing Agencies in Sitapur (IA010, IA017, IA029) share an unusually overlapping small set of regular vendors (V025, V073) -- avg vendor-overlap 58%, consistent with a closed-loop vendor ring",0.0,,1,80.0,Critical,0.0,On Track,"3 Implementing Agencies in Sitapur (IA010, IA017, IA029) share an unusually overlapping small set of regular vendors (V025, V073) -- avg vendor-overlap 58%, consistent with a closed-loop vendor ring"
W00152,MP027,Uttar Pradesh,Sitapur,IA017,Road Construction (per km),1994786.3,In Progress,0.21644344612718136,,0.0,,0.0,,0.0,,0.0,,1.0,"3 Implementing Agencies in Sitapur (IA010, IA017, IA029) share an unusually overlapping small set of regular vendors (V025, V073) -- avg vendor-overlap 58%, consistent with a closed-loop vendor ring",0.0,,1,80.0,Critical,0.0,On Track,"3 Implementing Agencies in Sitapur (IA010, IA017, IA029) share an unusually overlapping small set of regular vendors (V025, V073) -- avg vendor-overlap 58%, consistent with a closed-loop vendor ring"
W00413,MP027,Uttar Pradesh,Sitapur,IA010,Road Construction (per km),6935000.71,Completed,0.1709707909010277,,0.0,,0.0,,0.0,,0.0448198884498947,,1.0,"3 Implementing Agencies in Sitapur (IA010, IA017, IA029) share an unusually overlapping small set of regular vendors (V025, V073) -- avg vendor-overlap 58%, consistent with a closed-loop vendor ring",0.0,,1,80.0,Critical,0.0,On Track,"3 Implementing Agencies in Sitapur (IA010, IA017, IA029) share an unusually overlapping small set of regular vendors (V025, V073) -- avg vendor-overlap 58%, consistent with a closed-loop vendor ring"
W00412,MP038,Tamil Nadu,Coimbatore,IA024,Health Sub-Centre Upgrade,1501797.83,Completed,0.21944759844086392,,0.0,,0.0,,0.0,,1.0,completion photo GPS tag is 193.6km from the sanctioned work location,0.0,,0.0,,1,80.0,Critical,0.0,On Track,completion photo GPS tag is 193.6km from the sanctioned work location
W00389,MP003,Bihar,Patna,IA023,Road Construction (per km),5465657.58,Completed,0.4576597588368994,,0.0,,0.8,"2 payments totalling ₹1,771,894 were each made just under the ₹1,000,000 approval threshold, within 2 days of each other -- consistent with structuring to avoid extra review",0.0,,0.05643392925451864,,0.0,,0.0,,2,80.0,Critical,0.0,On Track,"2 payments totalling ₹1,771,894 were each made just under the ₹1,000,000 approval threshold, within 2 days of each other -- consistent with structuring to avoid extra review"
W00151,MP005,Tamil Nadu,Salem,IA006,Drainage / Sewage Line (per km),2095305.28,Completed,0.17595671464900278,,0.0,,0.0,,0.0,,1.0,completion photo GPS tag is 155.2km from the sanctioned work location,0.0,,0.0,,1,80.0,Critical,0.0,On Track,completion photo GPS tag is 155.2km from the sanctioned work location
W00360,MP027,Uttar Pradesh,Sitapur,IA010,Street Lighting (per 50 units),1615208.28,Completed,0.21987479815982514,,0.0,,0.0,,0.0,,0.09089075895660624,,1.0,"3 Implementing Agencies in Sitapur (IA010, IA017, IA029) share an unusually overlapping small set of regular vendors (V025, V073) -- avg vendor-overlap 58%, consistent with a closed-loop vendor ring",0.0,,1,80.0,Critical,0.0,On Track,"3 Implementing Agencies in Sitapur (IA010, IA017, IA029) share an unusually overlapping small set of regular vendors (V025, V073) -- avg vendor-overlap 58%, consistent with a closed-loop vendor ring"
W00718,MP027,Uttar Pradesh,Sitapur,IA029,Drinking Water Facility,1787844.29,Completed,0.10870589438487747,,0.0,,0.0,,0.0,,0.03896046429820179,,1.0,"3 Implementing Agencies in Sitapur (IA010, IA017, IA029) share an unusually overlapping small set of regular vendors (V025, V073) -- avg vendor-overlap 58%, consistent with a closed-loop vendor ring",0.0,,1,80.0,Critical,0.0,On Track,"3 Implementing Agencies in Sitapur (IA010, IA017, IA029) share an unusually overlapping small set of regular vendors (V025, V073) -- avg vendor-overlap 58%, consistent with a closed-loop vendor ring"
W01297,MP012,Uttar Pradesh,Varanasi,IA057,Drinking Water Facility,2193855.23,Completed,0.06670744852562657,,0.0,,0.0,,0.0,,1.0,completion photo GPS tag is 169.5km from the sanctioned work location,0.0,,0.0,,1,80.0,Critical,0.0,On Track,completion photo GPS tag is 169.5km from the sanctioned work location
W00932,MP040,Bihar,Gaya,IA025,Drainage / Sewage Line (per km),1558823.48,Completed,0.06308208157204372,,0.0,,0.0,,0.0,,1.0,completion photo GPS tag is 169.7km from the sanctioned work location,0.0,,0.0,,1,80.0,Critical,0.0,On Track,completion photo GPS tag is 169.7km from the sanctioned work location
W00305,MP001,West Bengal,Malda,IA007,Drinking Water Facility,1955570.31,Completed,0.20178503831398234,,0.0,,0.0,,0.0,,1.0,completion photo GPS tag is 189.9km from the sanctioned work location,0.0,,0.0,,1,80.0,Critical,0.0,On Track,completion photo GPS tag is 189.9km from the sanctioned work location
W00342,MP027,Uttar Pradesh,Sitapur,IA029,Drinking Water Facility,1929729.68,Completed,0.09601901943515267,,0.0,,0.0,,0.0,,0.03513964181325547,,1.0,"3 Implementing Agencies in Sitapur (IA010, IA017, IA029) share an unusually overlapping small set of regular vendors (V025, V073) -- avg vendor-overlap 58%, consistent with a closed-loop vendor ring",0.0,,1,80.0,Critical,0.0,On Track,"3 Implementing Agencies in Sitapur (IA010, IA017, IA029) share an unusually overlapping small set of regular vendors (V025, V073) -- avg vendor-overlap 58%, consistent with a closed-loop vendor ring"
W00804,MP027,Uttar Pradesh,Sitapur,IA017,Street Lighting (per 50 units),1728718.57,Completed,0.14143137079038687,,0.0,,0.0,,0.0,,0.05834483294135832,,1.0,"3 Implementing Agencies in Sitapur (IA010, IA017, IA029) share an unusually overlapping small set of regular vendors (V025, V073) -- avg vendor-overlap 58%, consistent with a closed-loop vendor ring",0.0,,1,80.0,Critical,0.0,On Track,"3 Implementing Agencies in Sitapur (IA010, IA017, IA029) share an unusually overlapping small set of regular vendors (V025, V073) -- avg vendor-overlap 58%, consistent with a closed-loop vendor ring"
W00828,MP003,Bihar,Patna,IA023,School Building Renovation,1616086.81,Completed,0.022727236559364008,,0.0,,0.0,,0.0,,1.0,"identical photo (hash b8c84c4967e20ad4) also submitted as completion evidence for 2 other unrelated work(s): W00828, W01368",0.0,,0.0,,1,80.0,Critical,0.0,On Track,"identical photo (hash b8c84c4967e20ad4) also submitted as completion evidence for 2 other unrelated work(s): W00828, W01368"
W00048,MP017,Uttar Pradesh,Sitapur,IA017,Community Hall,3050823.63,Completed,0.2981016694135003,,0.0,,0.0,,0.0,,0.029447125451162858,,1.0,"3 Implementing Agencies in Sitapur (IA010, IA017, IA029) share an unusually overlapping small set of regular vendors (V025, V073) -- avg vendor-overlap 58%, consistent with a closed-loop vendor ring",0.0,,1,80.0,Critical,0.0,On Track,"3 Implementing Agencies in Sitapur (IA010, IA017, IA029) share an unusually overlapping small set of regular vendors (V025, V073) -- avg vendor-overlap 58%, consistent with a closed-loop vendor ring"
W00168,MP027,Uttar Pradesh,Sitapur,IA010,Street Lighting (per 50 units),1130517.53,Completed,0.0,,0.0,,0.0,,0.0,,0.059229466360757786,,1.0,"3 Implementing Agencies in Sitapur (IA010, IA017, IA029) share an unusually overlapping small set of regular vendors (V025, V073) -- avg vendor-overlap 58%, consistent with a closed-loop vendor ring",0.0,,1,80.0,Critical,0.0,On Track,"3 Implementing Agencies in Sitapur (IA010, IA017, IA029) share an unusually overlapping small set of regular vendors (V025, V073) -- avg vendor-overlap 58%, consistent with a closed-loop vendor ring"
W00612,MP027,Uttar Pradesh,Sitapur,IA017,Health Sub-Centre Upgrade,1496587.73,Completed,0.21561309565666473,,0.0,,0.0,,0.0,,0.07819117434357055,,1.0,"3 Implementing Agencies in Sitapur (IA010, IA017, IA029) share an unusually overlapping small set of regular vendors (V025, V073) -- avg vendor-overlap 58%, consistent with a closed-loop vendor ring",0.0,,1,80.0,Critical,0.0,On Track,"3 Implementing Agencies in Sitapur (IA010, IA017, IA029) share an unusually overlapping small set of regular vendors (V025, V073) -- avg vendor-overlap 58%, consistent with a closed-loop vendor ring"
W01115,MP008,West Bengal,Howrah,IA045,Street Lighting (per 50 units),1896696.41,Completed,0.06924954212478089,,0.0,,0.0,,0.0,,1.0,"identical photo (hash 755f17f4eb8b0119) also submitted as completion evidence for 2 other unrelated work(s): W00265, W01115",0.0,,0.0,,1,80.0,Critical,0.0,On Track,"identical photo (hash 755f17f4eb8b0119) also submitted as completion evidence for 2 other unrelated work(s): W00265, W01115"
W00234,MP028,Tamil Nadu,Madurai,IA031,Drainage / Sewage Line (per km),1066249.85,Completed,0.10867247534406214,,0.0,,0.0,,0.0,,1.0,"identical photo (hash b8c84c4967e20ad4) also submitted as completion evidence for 2 other unrelated work(s): W00828, W01368",0.0,,0.0,,1,80.0,Critical,0.0,On Track,"identical photo (hash b8c84c4967e20ad4) also submitted as completion evidence for 2 other unrelated work(s): W00828, W01368"
W00233,MP027,Uttar Pradesh,Sitapur,IA029,Public Toilet Complex,456594.27,Completed,0.09888678313301169,,0.0,,0.0,,0.0,,0.06857741546031185,,1.0,"3 Implementing Agencies in Sitapur (IA010, IA017, IA029) share an unusually overlapping small set of regular vendors (V025, V073) -- avg vendor-overlap 58%, consistent with a closed-loop vendor ring",0.0,,1,80.0,Critical,0.0,On Track,"3 Implementing Agencies in Sitapur (IA010, IA017, IA029) share an unusually overlapping small set of regular vendors (V025, V073) -- avg vendor-overlap 58%, consistent with a closed-loop vendor ring"
W00280,MP027,Uttar Pradesh,Sitapur,IA010,Drainage / Sewage Line (per km),3537697.98,Completed,0.2080206308111304,,0.0,,0.0,,0.0,,0.008420088326256328,,1.0,"3 Implementing Agencies in Sitapur (IA010, IA017, IA029) share an unusually overlapping small set of regular vendors (V025, V073) -- avg vendor-overlap 58%, consistent with a closed-loop vendor ring",0.0,,1,80.0,Critical,0.0,On Track,"3 Implementing Agencies in Sitapur (IA010, IA017, IA029) share an unusually overlapping small set of regular vendors (V025, V073) -- avg vendor-overlap 58%, consistent with a closed-loop vendor ring"
W01034,MP020,Tamil Nadu,Coimbatore,IA015,Drinking Water Facility,1942218.67,Completed,0.9312551110686078,cost is 2.8x the typical spread for 'Drinking Water Facility' works in Tamil Nadu (peer-group check),0.0,,0.0,,0.0,,0.036681746292062306,,0.0,,0.0,,1,79.2,Critical,0.0,On Track,cost is 2.8x the typical spread for 'Drinking Water Facility' works in Tamil Nadu (peer-group check)
W00384,MP015,West Bengal,Malda,IA051,Street Lighting (per 50 units),1611480.2,Completed,0.923128226925993,cost is 2.8x the typical spread for 'Street Lighting (per 50 units)' works in West Bengal (peer-group check),0.0,,0.0,,0.0,,0.05629857146361652,,0.0,,0.0,,1,78.5,Critical,0.0,On Track,cost is 2.8x the typical spread for 'Street Lighting (per 50 units)' works in West Bengal (peer-group check)
W01402,MP033,Uttar Pradesh,Meerut,IA040,Public Toilet Complex,874493.73,Completed,0.2648800611572197,,0.9152767189396038,"description + location closely match work W01341 (text similarity 0.73, 78m apart) -- possible duplicate/phantom billing",0.0,,0.0,,0.04019396617576055,,0.0,,0.0,,1,77.8,Critical,0.0,On Track,"description + location closely match work W01341 (text similarity 0.73, 78m apart) -- possible duplicate/phantom billing"
W01341,MP033,Uttar Pradesh,Meerut,IA040,Public Toilet Complex,874493.73,Completed,0.2648800611572197,,0.9152767189396038,"description + location closely match work W01402 (text similarity 0.73, 78m apart) -- possible duplicate/phantom billing",0.0,,0.0,,0.048990747492358405,,0.0,,0.0,,1,77.8,Critical,0.0,On Track,"description + location closely match work W01402 (text similarity 0.73, 78m apart) -- possible duplicate/phantom billing"
W01413,MP002,West Bengal,Howrah,IA013,Health Sub-Centre Upgrade,1507434.87,In Progress,0.22483333333333333,,0.9071766912425376,"description + location closely match work W01036 (text similarity 0.72, 80m apart) -- possible duplicate/phantom billing",0.0,,1.0,"100% of sanctioned funds already disbursed, but work is still marked 'In Progress' -- payment has outpaced physical progress",0.0,,0.0,,0.0,,1,77.1,Critical,100.0,Severely Stalled,"description + location closely match work W01036 (text similarity 0.72, 80m apart) -- possible duplicate/phantom billing"
W01036,MP002,West Bengal,Howrah,IA013,Health Sub-Centre Upgrade,1507434.87,In Progress,0.22483333333333333,,0.9071766912425376,"description + location closely match work W01413 (text similarity 0.72, 80m apart) -- possible duplicate/phantom billing",0.0,,1.0,"100% of sanctioned funds already disbursed, but work is still marked 'In Progress' -- payment has outpaced physical progress",0.0,,0.0,,0.0,,1,77.1,Critical,100.0,Severely Stalled,"description + location closely match work W01413 (text similarity 0.72, 80m apart) -- possible duplicate/phantom billing"
W00996,MP008,West Bengal,Howrah,IA012,Community Hall,3674861.77,Completed,0.16179649346649533,,0.9049802807747185,"description + location closely match work W01415 (text similarity 0.70, 67m apart) -- possible duplicate/phantom billing",0.0,,0.0,,0.06567885997635622,,0.0,,0.0,,1,76.9,Critical,0.0,On Track,"description + location closely match work W01415 (text similarity 0.70, 67m apart) -- possible duplicate/phantom billing"
W01415,MP008,West Bengal,Howrah,IA012,Community Hall,3674861.77,Completed,0.16179649346649533,,0.9049802807747185,"description + location closely match work W00996 (text similarity 0.70, 67m apart) -- possible duplicate/phantom billing",0.0,,0.0,,0.03461343987934195,,0.0,,0.0,,1,76.9,Critical,0.0,On Track,"description + location closely match work W00996 (text similarity 0.70, 67m apart) -- possible duplicate/phantom billing"
W00702,MP035,West Bengal,Howrah,IA056,Drainage / Sewage Line (per km),2384273.64,In Progress,0.9000387698184452,cost is -2.7x the typical spread for 'Drainage / Sewage Line (per km)' works in West Bengal (peer-group check),0.0,,0.0,,1.0,"sanctioned 296 days ago but expected duration was only 180 days (1.6x overdue), still marked 'In Progress' | 100% of sanctioned funds already disbursed, but work is still marked 'In Progress' -- payment has outpaced physical progress",0.0,,0.0,,0.0,,1,76.5,Critical,100.0,Severely Stalled,cost is -2.7x the typical spread for 'Drainage / Sewage Line (per km)' works in West Bengal (peer-group check)
W00373,MP020,Tamil Nadu,Madurai,IA031,Drinking Water Facility,1499399.4,Completed,0.8949448221215349,cost is -2.7x the typical spread for 'Drinking Water Facility' works in Tamil Nadu (peer-group check),0.0,,0.0,,0.0,,0.05159580970153727,,0.0,,0.0,,1,76.1,Critical,0.0,On Track,cost is -2.7x the typical spread for 'Drinking Water Facility' works in Tamil Nadu (peer-group check)
W01007,MP029,Bihar,Gaya,IA011,Public Toilet Complex,1072224.61,Completed,0.12665561138763445,,0.8876080659681569,"description + location closely match work W01407 (text similarity 0.71, 85m apart) -- possible duplicate/phantom billing",0.0,,0.0,,0.05452720888569194,,0.0,,0.0,,1,75.4,Critical,0.0,On Track,"description + location closely match work W01407 (text similarity 0.71, 85m apart) -- possible duplicate/phantom billing"
W01407,MP029,Bihar,Gaya,IA011,Public Toilet Complex,1072224.61,Completed,0.12665561138763445,,0.8876080659681569,"description + location closely match work W01007 (text similarity 0.71, 85m apart) -- possible duplicate/phantom billing",0.0,,0.0,,0.029039382853667223,,0.0,,0.0,,1,75.4,Critical,0.0,On Track,"description + location closely match work W01007 (text similarity 0.71, 85m apart) -- possible duplicate/phantom billing"
W00770,MP007,Maharashtra,Nagpur,IA016,Road Construction (per km),4451214.57,Completed,0.8800728376325431,cost is -2.6x the typical spread for 'Road Construction (per km)' works in Maharashtra (peer-group check),0.0,,0.0,,0.0,,0.05976982416752231,,0.0,,0.0,,1,74.8,Critical,0.0,On Track,cost is -2.6x the typical spread for 'Road Construction (per km)' works in Maharashtra (peer-group check)
W01410,MP017,Uttar Pradesh,Gorakhpur,IA053,Drinking Water Facility,2617248.59,Completed,0.12117815618587059,,0.865237210534678,"description + location closely match work W00562 (text similarity 0.71, 102m apart) -- possible duplicate/phantom billing",0.0,,0.0,,0.04365939888876171,,0.0,,0.0,,1,73.5,Critical,0.0,On Track,"description + location closely match work W00562 (text similarity 0.71, 102m apart) -- possible duplicate/phantom billing"
W00562,MP017,Uttar Pradesh,Gorakhpur,IA053,Drinking Water Facility,2617248.59,Completed,0.12117815618587059,,0.865237210534678,"description + location closely match work W01410 (text similarity 0.71, 102m apart) -- possible duplicate/phantom billing",0.0,,0.0,,0.06532237540423931,,0.0,,0.0,,1,73.5,Critical,0.0,On Track,"description + location closely match work W01410 (text similarity 0.71, 102m apart) -- possible duplicate/phantom billing"
W00161,MP025,Bihar,Patna,IA023,Road Construction (per km),4221479.3,Completed,0.8545587714831506,cost is -2.6x the typical spread for 'Road Construction (per km)' works in Bihar (peer-group check),0.0,,0.0,,0.0,,0.047453922259437675,,0.0,,0.0,,1,72.6,Critical,0.0,On Track,cost is -2.6x the typical spread for 'Road Construction (per km)' works in Bihar (peer-group check)
W00022,MP015,West Bengal,Malda,IA051,Community Hall,4328415.87,Completed,0.8527198679271306,cost is 2.6x the typical spread for 'Community Hall' works in West Bengal (peer-group check),0.0,,0.0,,0.0,,0.03909744679096753,,0.0,,0.0,,1,72.5,Critical,0.0,On Track,cost is 2.6x the typical spread for 'Community Hall' works in West Bengal (peer-group check)
W01337,MP035,West Bengal,Malda,IA051,Drainage / Sewage Line (per km),558597.92,Completed,0.8495042861614982,cost is 2.5x the typical spread for 'Drainage / Sewage Line (per km)' works in West Bengal (peer-group check),0.0,,0.0,,0.0,,0.030863904738216943,,0.0,,0.0,,1,72.2,Critical,0.0,On Track,cost is 2.5x the typical spread for 'Drainage / Sewage Line (per km)' works in West Bengal (peer-group check)
W00423,MP021,West Bengal,Malda,IA021,Street Lighting (per 50 units),1046250.82,Completed,0.8412619770363031,cost is -2.5x the typical spread for 'Street Lighting (per 50 units)' works in West Bengal (peer-group check),0.0,,0.0,,0.0,,0.023854703927901563,,0.0,,0.0,,1,71.5,Critical,0.0,On Track,cost is -2.5x the typical spread for 'Street Lighting (per 50 units)' works in West Bengal (peer-group check)
W00490,MP035,West Bengal,Malda,IA050,Road Construction (per km),4867420.16,Completed,0.1519222109436885,,0.834238098943588,"description + location closely match work W01411 (text similarity 0.65, 88m apart) -- possible duplicate/phantom billing",0.0,,0.0,,0.03877858250382517,,0.0,,0.0,,1,70.9,Critical,0.0,On Track,"description + location closely match work W01411 (text similarity 0.65, 88m apart) -- possible duplicate/phantom billing"
W01411,MP035,West Bengal,Malda,IA050,Road Construction (per km),4867420.16,Completed,0.1519222109436885,,0.834238098943588,"description + location closely match work W00490 (text similarity 0.65, 88m apart) -- possible duplicate/phantom billing",0.0,,0.0,,0.06299289564044398,,0.0,,0.0,,1,70.9,Critical,0.0,On Track,"description + location closely match work W00490 (text similarity 0.65, 88m apart) -- possible duplicate/phantom billing"
W00696,MP020,Tamil Nadu,Coimbatore,IA055,Public Toilet Complex,463691.93,Completed,0.832456518844637,,0.0,,0.0,,0.0,,0.09608362541429931,,0.0,,0.0,,1,70.8,Critical,0.0,On Track,
W00448,MP018,Bihar,Gaya,IA049,Street Lighting (per 50 units),1448974.65,Completed,0.6821361226914959,,0.5393433185046673,"description + location closely match work W00815 (text similarity 0.63, 310m apart) -- possible duplicate/phantom billing",0.0,,0.0,,0.08541503584703415,,0.0,,0.0,,2,70.0,Critical,0.0,On Track,"description + location closely match work W00815 (text similarity 0.63, 310m apart) -- possible duplicate/phantom billing"
W00290,MP025,Bihar,Patna,IA023,Drinking Water Facility,2570702.0,Completed,0.8192130335158322,,0.0,,0.0,,0.0,,0.055729793086247405,,0.0,,0.0,,1,69.6,High,0.0,On Track,
W01217,MP033,Uttar Pradesh,Gorakhpur,IA046,Public Toilet Complex,1201142.39,Completed,0.8171878332318862,,0.0,,0.0,,0.0,,0.07043466653309986,,0.0,,0.0,,1,69.5,High,0.0,On Track,
W01344,MP016,West Bengal,Howrah,IA056,Drainage / Sewage Line (per km),1659733.88,Completed,0.8137242040406693,,0.0,,0.0,,0.0,,0.04481190249781703,,0.0,,0.0,,1,69.2,High,0.0,On Track,
W00110,MP033,Uttar Pradesh,Meerut,IA018,Public Toilet Complex,398152.14,In Progress,0.8119078518055125,,0.0,,0.0,,1.0,"sanctioned 741 days ago but expected duration was only 120 days (6.2x overdue), still marked 'In Progress' | 100% of sanctioned funds already disbursed, but work is still marked 'In Progress' -- payment has outpaced physical progress",0.0,,0.0,,0.0,,1,69.0,High,100.0,Severely Stalled,
W00793,MP036,Maharashtra,Nashik,IA038,Public Toilet Complex,702961.64,Completed,0.8093448312546633,,0.0,,0.0,,0.0,,0.033691471389133885,,0.0,,0.0,,1,68.8,High,0.0,On Track,
W00577,MP005,Tamil Nadu,Coimbatore,IA055,Drinking Water Facility,2967969.93,Completed,0.8079614715711844,,0.0,,0.0,,0.0,,0.04464010258963725,,0.0,,0.0,,1,68.7,High,0.0,On Track,
W01059,MP030,Bihar,Muzaffarpur,IA032,Drainage / Sewage Line (per km),4020226.12,Completed,0.011491944050702916,,0.0,,0.8,"2 payments totalling ₹1,918,013 were each made just under the ₹1,000,000 approval threshold, within 2 days of each other -- consistent with structuring to avoid extra review",0.0,,0.026506064226364506,,0.0,,0.0,,1,68.0,High,0.0,On Track,"2 payments totalling ₹1,918,013 were each made just under the ₹1,000,000 approval threshold, within 2 days of each other -- consistent with structuring to avoid extra review"
W00913,MP037,Bihar,Muzaffarpur,IA032,Community Hall,3366894.01,Completed,0.08399326216607307,,0.0,,0.8,"2 payments totalling ₹1,683,447 were each made just under the ₹1,000,000 approval threshold, within 2 days of each other -- consistent with structuring to avoid extra review",0.0,,0.04040747715457043,,0.0,,0.0,,1,68.0,High,0.0,On Track,"2 payments totalling ₹1,683,447 were each made just under the ₹1,000,000 approval threshold, within 2 days of each other -- consistent with structuring to avoid extra review"
W00773,MP008,West Bengal,Howrah,IA058,Road Construction (per km),7411729.48,Completed,0.22483333333333333,,0.0,,0.8,"2 payments totalling ₹1,859,903 were each made just under the ₹1,000,000 approval threshold, within 2 days of each other -- consistent with structuring to avoid extra review",0.0,,0.0005052882621172783,,0.0,,0.0,,1,68.0,High,0.0,On Track,"2 payments totalling ₹1,859,903 were each made just under the ₹1,000,000 approval threshold, within 2 days of each other -- consistent with structuring to avoid extra review"
W00757,MP024,Maharashtra,Nagpur,IA001,Drainage / Sewage Line (per km),2351909.18,Completed,0.7989239553314755,,0.0,,0.0,,0.0,,0.021050802478266007,,0.0,,0.0,,1,67.9,High,0.0,On Track,
W00494,MP025,Bihar,Patna,IA023,Drainage / Sewage Line (per km),2125822.34,Completed,0.5152987959651844,,0.6548781603696437,"description + location closely match work W00527 (text similarity 0.84, 289m apart) -- possible duplicate/phantom billing",0.0,,0.0,,0.003130938451368574,,0.0,,0.0,,2,67.7,High,0.0,On Track,"description + location closely match work W00527 (text similarity 0.84, 289m apart) -- possible duplicate/phantom billing"
W00071,MP024,Maharashtra,Nagpur,IA035,Road Construction (per km),9434735.57,Completed,0.7960217146528477,,0.0,,0.0,,0.0,,0.044541170258216405,,0.0,,0.0,,1,67.7,High,0.0,On Track,
W00856,MP031,Uttar Pradesh,Gorakhpur,IA053,Health Sub-Centre Upgrade,1131031.53,Completed,0.7929874285537258,,0.0,,0.0,,0.0,,0.0508403767485813,,0.0,,0.0,,1,67.4,High,0.0,On Track,
W00595,MP026,Maharashtra,Nagpur,IA035,Drinking Water Facility,1628115.57,In Progress,0.784170188727033,,0.0,,0.0,,1.0,"sanctioned 745 days ago but expected duration was only 150 days (5.0x overdue), still marked 'In Progress' | 100% of sanctioned funds already disbursed, but work is still marked 'In Progress' -- payment has outpaced physical progress",0.0,,0.0,,0.0,,1,66.7,High,100.0,Severely Stalled,
W01001,MP023,Tamil Nadu,Coimbatore,IA055,Drainage / Sewage Line (per km),5114336.36,Completed,0.7845714024093199,,0.0,,0.0,,0.0,,0.053889697342411495,,0.0,,0.0,,1,66.7,High,0.0,On Track,
W00738,MP007,Maharashtra,Nagpur,IA001,Public Toilet Complex,1583947.71,In Progress,0.7827058325317156,,0.0,,0.0,,1.0,"sanctioned 808 days ago but expected duration was only 120 days (6.7x overdue), still marked 'In Progress' | 100% of sanctioned funds already disbursed, but work is still marked 'In Progress' -- payment has outpaced physical progress",0.0,,0.0,,0.0,,1,66.5,High,100.0,Severely Stalled,
W01328,MP009,Bihar,Muzaffarpur,IA032,Drainage / Sewage Line (per km),1607222.12,Completed,0.7744832801128131,,0.0,,0.0,,0.0,,0.038002657461181095,,0.0,,0.0,,1,65.8,High,0.0,On Track,
W01183,MP016,West Bengal,Howrah,IA058,Community Hall,2790017.77,Completed,0.7736416016372555,,0.0,,0.0,,0.0,,0.06552255142278617,,0.0,,0.0,,1,65.8,High,0.0,On Track,
W00926,MP022,Uttar Pradesh,Meerut,IA005,Public Toilet Complex,1240115.36,Completed,0.7625639764928218,,0.0,,0.0,,0.0,,0.09253397125510843,,0.0,,0.0,,1,64.8,High,0.0,On Track,
W00751,MP002,West Bengal,Howrah,IA037,School Building Renovation,1187824.67,Completed,0.7570309578160996,,0.0,,0.0,,0.0,,0.04796425489796424,,0.0,,0.0,,1,64.3,High,0.0,On Track,
W01353,MP035,West Bengal,Malda,IA014,Community Hall,2806858.57,In Progress,0.7558378691465305,,0.0,,0.0,,1.0,"sanctioned 711 days ago but expected duration was only 240 days (3.0x overdue), still marked 'In Progress' | 100% of sanctioned funds already disbursed, but work is still marked 'In Progress' -- payment has outpaced physical progress",0.0,,0.0,,0.0,,1,64.2,High,100.0,Severely Stalled,
W00455,MP009,Bihar,Muzaffarpur,IA032,School Building Renovation,2523474.61,In Progress,0.7552319177837924,,0.0,,0.0,,1.0,"sanctioned 514 days ago but expected duration was only 200 days (2.6x overdue), still marked 'In Progress' | 100% of sanctioned funds already disbursed, but work is still marked 'In Progress' -- payment has outpaced physical progress",0.0,,0.0,,0.0,,1,64.2,High,100.0,Severely Stalled,
W01108,MP010,Bihar,Gaya,IA042,Street Lighting (per 50 units),1861249.43,Completed,0.7530624783480894,,0.0,,0.0,,0.0,,0.06095652990812366,,0.0,,0.0,,1,64.0,High,0.0,On Track,
W00125,MP010,Bihar,Gaya,IA036,School Building Renovation,1386486.76,Completed,0.746800208736754,,0.0,,0.0,,0.0,,0.02162161280702843,,0.0,,0.0,,1,63.5,High,0.0,On Track,
W00660,MP003,Bihar,Patna,IA023,Drainage / Sewage Line (per km),4499736.47,Completed,0.7454585630651636,,0.0,,0.0,,0.0,,0.0223085470929409,,0.0,,0.0,,1,63.4,High,0.0,On Track,
W00557,MP019,Maharashtra,Nashik,IA027,Road Construction (per km),1179906.36,Completed,0.7440753378199099,,0.0,,0.0,,0.0,,0.03819970672246991,,0.0,,0.0,,1,63.2,High,0.0,On Track,
W01329,MP040,Bihar,Gaya,IA036,Community Hall,4582627.7,Completed,0.7415086790102001,,0.0,,0.0,,0.0,,0.015049998949723219,,0.0,,0.0,,1,63.0,High,0.0,On Track,
W01102,MP028,Tamil Nadu,Coimbatore,IA055,Public Toilet Complex,1078732.15,Completed,0.7364087763954315,,0.0,,0.0,,0.0,,0.041233581652014344,,0.0,,0.0,,1,62.6,High,0.0,On Track,
W01042,MP011,Bihar,Muzaffarpur,IA032,Street Lighting (per 50 units),1129879.43,Completed,0.7360691460818681,,0.0,,0.0,,0.0,,0.025668786225003543,,0.0,,0.0,,1,62.6,High,0.0,On Track,
W00813,MP019,Maharashtra,Nashik,IA027,School Building Renovation,2858525.6,Completed,0.733000399220242,,0.0,,0.0,,0.0,,0.012495210078487052,,0.0,,0.0,,1,62.3,High,0.0,On Track,
W00119,MP017,Uttar Pradesh,Gorakhpur,IA052,Drainage / Sewage Line (per km),3801652.23,Completed,0.7305353976433139,,0.0,,0.0,,0.0,,0.0361648972076749,,0.0,,0.0,,1,62.1,High,0.0,On Track,
W01076,MP018,Bihar,Patna,IA023,Health Sub-Centre Upgrade,1142008.81,Completed,0.730272766594627,,0.0,,0.0,,0.0,,0.023700370364903522,,0.0,,0.0,,1,62.1,High,0.0,On Track,
W00063,MP035,West Bengal,Howrah,IA013,Street Lighting (per 50 units),1135287.66,In Progress,0.7295165674706433,,0.0,,0.0,,1.0,"sanctioned 974 days ago but expected duration was only 90 days (10.8x overdue), still marked 'In Progress' | 100% of sanctioned funds already disbursed, but work is still marked 'In Progress' -- payment has outpaced physical progress",0.0,,0.0,,0.0,,1,62.0,High,100.0,Severely Stalled,
W01003,MP009,Bihar,Muzaffarpur,IA032,Public Toilet Complex,1162196.78,Completed,0.7290972676919713,,0.0,,0.0,,0.0,,0.07694908155475426,,0.0,,0.0,,1,62.0,High,0.0,On Track,
W00878,MP001,West Bengal,Malda,IA041,School Building Renovation,1746022.92,Completed,0.728692129578779,,0.0,,0.0,,0.0,,0.022669293116235358,,0.0,,0.0,,1,61.9,High,0.0,On Track,
W00995,MP033,Uttar Pradesh,Meerut,IA040,Health Sub-Centre Upgrade,1171737.22,In Progress,0.7286952058835467,,0.0,,0.0,,0.0,,0.0,,0.0,,0.0,,1,61.9,High,0.0,On Track,
W00713,MP006,Bihar,Muzaffarpur,IA032,Community Hall,2422863.92,Completed,0.725004265014741,,0.0,,0.0,,0.0,,0.060169428526733924,,0.0,,0.0,,1,61.6,High,0.0,On Track,
W00965,MP029,Bihar,Patna,IA023,Public Toilet Complex,1217992.97,Completed,0.7249269780106004,,0.0,,0.0,,0.0,,0.005797638161496049,,0.0,,0.0,,1,61.6,High,0.0,On Track,
W01224,MP024,Maharashtra,Nagpur,IA035,Drinking Water Facility,3095767.21,Completed,0.7221241224988258,,0.0,,0.0,,0.0,,0.06462418062961067,,0.0,,0.0,,1,61.4,High,0.0,On Track,
W00044,MP011,Bihar,Muzaffarpur,IA032,Community Hall,4553040.94,In Progress,0.7214188122786824,,0.0,,0.0,,1.0,"sanctioned 1148 days ago but expected duration was only 240 days (4.8x overdue), still marked 'In Progress' | 100% of sanctioned funds already disbursed, but work is still marked 'In Progress' -- payment has outpaced physical progress",0.0,,0.0,,0.0,,1,61.3,High,100.0,Severely Stalled,
W00967,MP032,Tamil Nadu,Coimbatore,IA015,Drinking Water Facility,2092979.56,Completed,0.7202155316533778,,0.0,,0.0,,0.0,,0.06165198286107477,,0.0,,0.0,,1,61.2,High,0.0,On Track,
W00835,MP038,Tamil Nadu,Coimbatore,IA055,Health Sub-Centre Upgrade,1301235.31,In Progress,0.7160359788322785,,0.0,,0.0,,0.0,,0.0,,0.0,,0.0,,1,60.9,High,0.0,On Track,
W00812,MP036,Maharashtra,Nashik,IA048,Road Construction (per km),2868414.72,In Progress,0.7093051027775147,,0.0,,0.0,,1.0,"100% of sanctioned funds already disbursed, but work is still marked 'In Progress' -- payment has outpaced physical progress",0.0,,0.0,,0.0,,1,60.3,High,100.0,Severely Stalled,
W01038,MP026,Maharashtra,Nagpur,IA034,Public Toilet Complex,1069342.7,Completed,0.70855950568384,,0.0,,0.0,,0.0,,0.03629029641273591,,0.0,,0.0,,1,60.2,High,0.0,On Track,
W00296,MP026,Maharashtra,Nagpur,IA034,Drinking Water Facility,2268654.22,Completed,0.7053724617430538,,0.0,,0.0,,0.0,,0.042046378336834916,,0.0,,0.0,,1,60.0,High,0.0,On Track,
W01398,MP022,Uttar Pradesh,Meerut,IA018,Community Hall,4378608.75,Completed,0.7039410125594646,,0.0,,0.0,,0.0,,0.09917276383880468,,0.0,,0.0,,1,59.8,High,0.0,On Track,
W00921,MP028,Tamil Nadu,Coimbatore,IA024,Community Hall,4211090.98,Completed,0.7023246318579885,,0.0,,0.0,,0.0,,0.0371324719051063,,0.0,,0.0,,1,59.7,High,0.0,On Track,
W00101,MP038,Tamil Nadu,Madurai,IA031,Health Sub-Centre Upgrade,1873780.7,Completed,0.7015737915309516,,0.0,,0.0,,0.0,,0.0336326035218421,,0.0,,0.0,,1,59.6,High,0.0,On Track,
W01319,MP022,Uttar Pradesh,Meerut,IA047,Health Sub-Centre Upgrade,1189833.5,Completed,0.7001132051052301,,0.0,,0.0,,0.0,,0.04783046215533385,,0.0,,0.0,,1,59.5,High,0.0,On Track,
W01210,MP020,Tamil Nadu,Coimbatore,IA015,Community Hall,4205771.88,In Progress,0.6970529300842508,,0.0,,0.0,,0.0,,0.0,,0.0,,0.0,,1,59.2,High,0.0,On Track,
W01303,MP038,Tamil Nadu,Coimbatore,IA024,Community Hall,4205155.96,Completed,0.6964424985156622,,0.0,,0.0,,0.0,,0.039669294262287796,,0.0,,0.0,,1,59.2,High,0.0,On Track,
W00528,MP015,West Bengal,Malda,IA050,Community Hall,2864362.53,In Progress,0.6950459162109596,,0.0,,0.0,,1.0,"100% of sanctioned funds already disbursed, but work is still marked 'In Progress' -- payment has outpaced physical progress",0.0,,0.0,,0.0,,1,59.1,High,100.0,Severely Stalled,
W00357,MP038,Tamil Nadu,Coimbatore,IA015,Street Lighting (per 50 units),1109254.19,Completed,0.6929231211904626,,0.0,,0.0,,0.0,,0.03878304619645962,,0.0,,0.0,,1,58.9,High,0.0,On Track,
W00267,MP014,Maharashtra,Pune,IA003,Drainage / Sewage Line (per km),4499047.61,Completed,0.6908200846395439,,0.0,,0.0,,0.0,,0.039920317090466624,,0.0,,0.0,,1,58.7,High,0.0,On Track,
W01364,MP038,Tamil Nadu,Salem,IA006,Public Toilet Complex,1337413.46,Completed,0.6897796490562595,,0.0,,0.0,,0.0,,0.027131602548798678,,0.0,,0.0,,1,58.6,High,0.0,On Track,
W00786,MP001,West Bengal,Malda,IA043,Public Toilet Complex,971838.97,Completed,0.6892851775838073,,0.0,,0.0,,0.0,,0.049367593963139944,,0.0,,0.0,,1,58.6,High,0.0,On Track,
W01354,MP014,Maharashtra,Pune,IA003,Drainage / Sewage Line (per km),1170362.12,Completed,0.6897501656871428,,0.0,,0.0,,0.0,,0.016514172357217995,,0.0,,0.0,,1,58.6,High,0.0,On Track,
W01293,MP012,Uttar Pradesh,Varanasi,IA057,Public Toilet Complex,834924.16,Completed,0.6859707154406717,,0.0,,0.0,,0.0,,0.07537569515367319,,0.0,,0.0,,1,58.3,High,0.0,On Track,
W01051,MP019,Maharashtra,Nashik,IA027,Community Hall,4323434.13,Completed,0.6842590559187752,,0.0,,0.0,,0.0,,0.03707557693701504,,0.0,,0.0,,1,58.2,High,0.0,On Track,
W00096,MP018,Bihar,Gaya,IA011,Public Toilet Complex,420130.58,In Progress,0.6809027338467621,,0.0,,0.0,,1.0,"sanctioned 1105 days ago but expected duration was only 120 days (9.2x overdue), still marked 'In Progress' | 100% of sanctioned funds already disbursed, but work is still marked 'In Progress' -- payment has outpaced physical progress",0.0,,0.0,,0.0,,1,57.9,High,100.0,Severely Stalled,
W00815,MP040,Bihar,Gaya,IA011,Street Lighting (per 50 units),1673809.24,Completed,0.4084907700214177,,0.5393433185046673,"description + location closely match work W00448 (text similarity 0.63, 310m apart) -- possible duplicate/phantom billing",0.0,,0.0,,0.023624550698006327,,0.0,,0.0,,2,57.8,High,0.0,On Track,"description + location closely match work W00448 (text similarity 0.63, 310m apart) -- possible duplicate/phantom billing"
W01144,MP016,West Bengal,Howrah,IA009,Road Construction (per km),1768662.22,In Progress,0.6804919408377778,,0.0,,0.0,,1.0,"sanctioned 428 days ago but expected duration was only 270 days (1.6x overdue), still marked 'In Progress' | 100% of sanctioned funds already disbursed, but work is still marked 'In Progress' -- payment has outpaced physical progress",0.0,,0.0,,0.0,,1,57.8,High,100.0,Severely Stalled,
W01097,MP028,Tamil Nadu,Madurai,IA044,Drainage / Sewage Line (per km),2617136.45,Completed,0.6803843257175316,,0.0,,0.0,,0.0,,0.056281295016329946,,0.0,,0.0,,1,57.8,High,0.0,On Track,
W01185,MP037,Bihar,Muzaffarpur,IA032,Community Hall,2491021.17,In Progress,0.6787244402117971,,0.0,,0.0,,1.0,"sanctioned 570 days ago but expected duration was only 240 days (2.4x overdue), still marked 'In Progress' | 100% of sanctioned funds already disbursed, but work is still marked 'In Progress' -- payment has outpaced physical progress",0.0,,0.0,,0.0,,1,57.7,High,100.0,Severely Stalled,
W00743,MP010,Bihar,Gaya,IA036,Drinking Water Facility,2073388.63,Completed,0.6689213564004461,,0.0,,0.0,,0.0,,0.007320044097615321,,0.0,,0.0,,1,56.9,High,0.0,On Track,
W00023,MP019,Maharashtra,Nashik,IA027,Community Hall,2593166.46,Completed,0.6655876351092314,,0.0,,0.0,,0.0,,0.017150410534156366,,0.0,,0.0,,1,56.6,High,0.0,On Track,
W00102,MP033,Uttar Pradesh,Meerut,IA018,Road Construction (per km),5247274.42,In Progress,0.6640144836797831,,0.0,,0.0,,1.0,"sanctioned 1202 days ago but expected duration was only 270 days (4.5x overdue), still marked 'In Progress' | 100% of sanctioned funds already disbursed, but work is still marked 'In Progress' -- payment has outpaced physical progress",0.0,,0.0,,0.0,,1,56.4,High,100.0,Severely Stalled,
W00043,MP038,Tamil Nadu,Coimbatore,IA055,Drinking Water Facility,1049773.73,Completed,0.6602647704188553,,0.0,,0.0,,0.0,,0.049783931987383484,,0.0,,0.0,,1,56.1,High,0.0,On Track,
W01237,MP026,Maharashtra,Nagpur,IA016,Drinking Water Facility,2113265.64,Completed,0.6582961468766838,,0.0,,0.0,,0.0,,0.012791845566198263,,0.0,,0.0,,1,56.0,High,0.0,On Track,
W01026,MP007,Maharashtra,Nagpur,IA016,Community Hall,2605383.49,Completed,0.6560566718914479,,0.0,,0.0,,0.0,,0.04821920359027342,,0.0,,0.0,,1,55.8,High,0.0,On Track,
W00527,MP029,Bihar,Patna,IA023,Drainage / Sewage Line (per km),1298778.85,In Progress,0.07383634119121961,,0.6548781603696437,"description + location closely match work W00494 (text similarity 0.84, 289m apart) -- possible duplicate/phantom billing",0.0,,1.0,"sanctioned 631 days ago but expected duration was only 180 days (3.5x overdue), still marked 'In Progress' | 100% of sanctioned funds already disbursed, but work is still marked 'In Progress' -- payment has outpaced physical progress",0.0,,0.0,,0.0,,1,55.7,High,100.0,Severely Stalled,"description + location closely match work W00494 (text similarity 0.84, 289m apart) -- possible duplicate/phantom billing"
W00315,MP029,Bihar,Patna,IA023,Public Toilet Complex,986091.23,In Progress,0.6538717901935919,,0.0,,0.0,,1.0,"sanctioned 749 days ago but expected duration was only 120 days (6.2x overdue), still marked 'In Progress' | 100% of sanctioned funds already disbursed, but work is still marked 'In Progress' -- payment has outpaced physical progress",0.0,,0.0,,0.0,,1,55.6,High,100.0,Severely Stalled,
W00058,MP023,Tamil Nadu,Madurai,IA044,Community Hall,2843694.38,Completed,0.6528871674355324,,0.0,,0.0,,0.0,,0.022761257882128433,,0.0,,0.0,,1,55.5,High,0.0,On Track,
W00796,MP024,Maharashtra,Nagpur,IA001,Street Lighting (per 50 units),1279733.51,Completed,0.6531387919814226,,0.0,,0.0,,0.0,,0.0500028810838923,,0.0,,0.0,,1,55.5,High,0.0,On Track,
W00402,MP026,Maharashtra,Nagpur,IA035,Community Hall,2616431.46,Completed,0.6474377362171332,,0.0,,0.0,,0.0,,0.04166237139026235,,0.0,,0.0,,1,55.0,High,0.0,On Track,
W00789,MP023,Tamil Nadu,Coimbatore,IA055,Drinking Water Facility,1535148.59,In Progress,0.6468596047346119,,0.0,,0.0,,1.0,"sanctioned 925 days ago but expected duration was only 150 days (6.2x overdue), still marked 'In Progress' | 100% of sanctioned funds already disbursed, but work is still marked 'In Progress' -- payment has outpaced physical progress",0.0,,0.0,,0.0,,1,55.0,High,100.0,Severely Stalled,
W01010,MP019,Maharashtra,Nashik,IA048,Road Construction (per km),3752136.26,Completed,0.6474653342220927,,0.0,,0.0,,0.0,,0.04912442973959075,,0.0,,0.0,,1,55.0,High,0.0,On Track,
W00135,MP021,West Bengal,Howrah,IA013,Community Hall,4129345.51,Completed,0.6422669537976138,,0.0,,0.0,,0.0,,0.05127315890949932,,0.0,,0.0,,1,54.6,High,0.0,On Track,
W01207,MP013,Uttar Pradesh,Gorakhpur,IA026,School Building Renovation,3007527.42,Completed,0.6367706444232408,,0.0,,0.0,,0.0,,0.017864035560423343,,0.0,,0.0,,1,54.1,High,0.0,On Track,
W00256,MP013,Uttar Pradesh,Gorakhpur,IA026,Street Lighting (per 50 units),1356644.12,Completed,0.6315906311284768,,0.0,,0.0,,0.0,,0.08312966300374805,,0.0,,0.0,,1,53.7,High,0.0,On Track,
W00459,MP007,Maharashtra,Nashik,IA027,Drinking Water Facility,2359777.46,Completed,0.6309209487268997,,0.0,,0.0,,0.0,,0.0469379364367962,,0.0,,0.0,,1,53.6,High,0.0,On Track,
W01206,MP039,Bihar,Gaya,IA025,Road Construction (per km),8683765.13,Completed,0.6256008221403613,,0.0,,0.0,,0.0,,0.08236396473051956,,0.0,,0.0,,1,53.2,High,0.0,On Track,
W01233,MP035,West Bengal,Malda,IA021,Community Hall,4113187.45,Completed,0.625184999388733,,0.0,,0.0,,0.0,,0.03621963905368466,,0.0,,0.0,,1,53.1,High,0.0,On Track,
W00982,MP001,West Bengal,Malda,IA028,Street Lighting (per 50 units),2131493.75,Completed,0.6239414645516385,,0.0,,0.0,,0.0,,0.019317315639205964,,0.0,,0.0,,1,53.0,High,0.0,On Track,
W00142,MP015,West Bengal,Howrah,IA022,Community Hall,2933819.49,In Progress,0.6216175080914518,,0.0,,0.0,,1.0,"sanctioned 399 days ago but expected duration was only 240 days (1.7x overdue), still marked 'In Progress' | 100% of sanctioned funds already disbursed, but work is still marked 'In Progress' -- payment has outpaced physical progress",0.0,,0.0,,0.0,,1,52.8,High,100.0,Severely Stalled,
W00613,MP007,Maharashtra,Nagpur,IA035,Public Toilet Complex,1094020.74,Completed,0.620842182033141,,0.0,,0.0,,0.0,,0.053261484721343476,,0.0,,0.0,,1,52.8,High,0.0,On Track,
W00871,MP032,Tamil Nadu,Coimbatore,IA055,Street Lighting (per 50 units),938496.45,Completed,0.6207047547124704,,0.0,,0.0,,0.0,,0.028605599776750576,,0.0,,0.0,,1,52.8,High,0.0,On Track,
W00914,MP005,Tamil Nadu,Salem,IA006,Community Hall,2876725.9,Completed,0.6201499896097284,,0.0,,0.0,,0.0,,0.03231377988186147,,0.0,,0.0,,1,52.7,High,0.0,On Track,
W00973,MP016,West Bengal,Howrah,IA013,Public Toilet Complex,947662.37,Completed,0.6194842690171546,,0.0,,0.0,,0.0,,0.03732580420973661,,0.0,,0.0,,1,52.7,High,0.0,On Track,
W01250,MP018,Bihar,Gaya,IA025,School Building Renovation,1947956.46,Completed,0.6187842748698592,,0.0,,0.0,,0.0,,0.02763089024619252,,0.0,,0.0,,1,52.6,High,0.0,On Track,
W00657,MP004,Bihar,Patna,IA023,Health Sub-Centre Upgrade,1961135.6,Completed,0.6160135468805098,,0.0,,0.0,,0.0,,0.05342630510615629,,0.0,,0.0,,1,52.4,High,0.0,On Track,
W01141,MP009,Bihar,Muzaffarpur,IA032,Health Sub-Centre Upgrade,1211907.06,In Progress,0.6153906037113163,,0.0,,0.0,,1.0,"sanctioned 705 days ago but expected duration was only 210 days (3.4x overdue), still marked 'In Progress' | 100% of sanctioned funds already disbursed, but work is still marked 'In Progress' -- payment has outpaced physical progress",0.0,,0.0,,0.0,,1,52.3,High,100.0,Severely Stalled,
W00559,MP003,Bihar,Patna,IA023,Street Lighting (per 50 units),2947404.82,Completed,0.6141276848014108,,0.0,,0.0,,0.0,,0.009750121277576218,,0.0,,0.0,,1,52.2,High,0.0,On Track,
W00375,MP002,West Bengal,Howrah,IA012,School Building Renovation,2701862.61,Completed,0.6111052318647444,,0.0,,0.0,,0.0,,0.03263649387312024,,0.0,,0.0,,1,51.9,High,0.0,On Track,
W00124,MP021,West Bengal,Howrah,IA009,School Building Renovation,2608677.67,Completed,0.6059592245353473,,0.0,,0.0,,0.0,,0.01060431481947554,,0.0,,0.0,,1,51.5,High,0.0,On Track,
W00889,MP008,West Bengal,Malda,IA019,Drinking Water Facility,1409085.92,In Progress,0.6045316746420345,,0.0,,0.0,,1.0,"sanctioned 757 days ago but expected duration was only 150 days (5.0x overdue), still marked 'In Progress' | 100% of sanctioned funds already disbursed, but work is still marked 'In Progress' -- payment has outpaced physical progress",0.0,,0.0,,0.0,,1,51.4,High,100.0,Severely Stalled,
W00816,MP008,West Bengal,Howrah,IA020,Drinking Water Facility,2671494.42,Completed,0.6040658656446304,,0.0,,0.0,,0.0,,0.07109555105016026,,0.0,,0.0,,1,51.3,High,0.0,On Track,
W00683,MP004,Bihar,Muzaffarpur,IA032,Road Construction (per km),5571415.07,In Progress,0.6023238251990999,,0.0,,0.0,,0.0,,0.0,,0.0,,0.0,,1,51.2,High,0.0,On Track,
W00471,MP032,Tamil Nadu,Coimbatore,IA015,Health Sub-Centre Upgrade,1831545.24,Completed,0.5969997231731828,,0.0,,0.0,,0.0,,0.032331700998550476,,0.0,,0.0,,1,50.7,High,0.0,On Track,
W00292,MP001,West Bengal,Malda,IA007,School Building Renovation,1068178.57,Completed,0.5953549966147227,,0.0,,0.0,,0.0,,0.015775399111722137,,0.0,,0.0,,1,50.6,High,0.0,On Track,
W00487,MP037,Bihar,Muzaffarpur,IA032,Drainage / Sewage Line (per km),2475395.4,In Progress,0.5946752390655022,,0.0,,0.0,,1.0,"sanctioned 888 days ago but expected duration was only 180 days (4.9x overdue), still marked 'In Progress' | 100% of sanctioned funds already disbursed, but work is still marked 'In Progress' -- payment has outpaced physical progress",0.0,,0.0,,0.0,,1,50.5,High,100.0,Severely Stalled,
W00053,MP010,Bihar,Gaya,IA042,Street Lighting (per 50 units),2386572.32,Completed,0.5919692077382481,,0.0,,0.0,,0.0,,0.054530564338352204,,0.0,,0.0,,1,50.3,High,0.0,On Track,
W00699,MP029,Bihar,Muzaffarpur,IA032,Drainage / Sewage Line (per km),1174061.8,In Progress,0.588099107292703,,0.0,,0.0,,1.0,"sanctioned 1163 days ago but expected duration was only 180 days (6.5x overdue), still marked 'In Progress' | 100% of sanctioned funds already disbursed, but work is still marked 'In Progress' -- payment has outpaced physical progress",0.0,,0.0,,0.0,,1,50.0,High,100.0,Severely Stalled,
W00393,MP033,Uttar Pradesh,Meerut,IA005,Community Hall,4224914.88,Completed,0.5879525025379001,,0.0,,0.0,,0.0,,0.07739580311970597,,0.0,,0.0,,1,50.0,High,0.0,On Track,
W01367,MP033,Uttar Pradesh,Varanasi,IA057,Health Sub-Centre Upgrade,2004098.31,Completed,0.5859697596353551,,0.0,,0.0,,0.0,,0.028169467880980136,,0.0,,0.0,,1,49.8,High,0.0,On Track,
W00916,MP010,Bihar,Gaya,IA036,Public Toilet Complex,1091893.37,Completed,0.5836617901059219,,0.0,,0.0,,0.0,,0.06495297094144949,,0.0,,0.0,,1,49.6,High,0.0,On Track,
W00832,MP034,Uttar Pradesh,Gorakhpur,IA046,Road Construction (per km),2814351.87,Completed,0.5805149336153733,,0.0,,0.0,,0.0,,0.0790547353711621,,0.0,,0.0,,1,49.3,High,0.0,On Track,
W00189,MP009,Bihar,Muzaffarpur,IA032,Street Lighting (per 50 units),1820854.48,Completed,0.5793694728719735,,0.0,,0.0,,0.0,,0.027361967707993953,,0.0,,0.0,,1,49.2,High,0.0,On Track,
W00104,MP017,Uttar Pradesh,Gorakhpur,IA026,Community Hall,2683907.03,Completed,0.5750034725639993,,0.0,,0.0,,0.0,,0.010906154054083376,,0.0,,0.0,,1,48.9,High,0.0,On Track,
W00719,MP011,Bihar,Muzaffarpur,IA032,Drainage / Sewage Line (per km),477285.33,In Progress,0.5743193433506634,,0.0,,0.0,,1.0,"sanctioned 374 days ago but expected duration was only 180 days (2.1x overdue), still marked 'In Progress' | 100% of sanctioned funds already disbursed, but work is still marked 'In Progress' -- payment has outpaced physical progress",0.0,,0.0,,0.0,,1,48.8,High,100.0,Severely Stalled,
W00959,MP037,Bihar,Muzaffarpur,IA032,Street Lighting (per 50 units),1097059.82,Completed,0.5710618971713824,,0.0,,0.0,,0.0,,0.023245727902786558,,0.0,,0.0,,1,48.5,High,0.0,On Track,
W01261,MP005,Tamil Nadu,Salem,IA006,Street Lighting (per 50 units),1294568.27,Completed,0.5689424863658298,,0.0,,0.0,,0.0,,0.02401301396767186,,0.0,,0.0,,1,48.4,High,0.0,On Track,
W00839,MP037,Bihar,Patna,IA023,Health Sub-Centre Upgrade,1932565.1,Completed,0.5690561361490877,,0.0,,0.0,,0.0,,0.009424767439787152,,0.0,,0.0,,1,48.4,High,0.0,On Track,
W01366,MP012,Uttar Pradesh,Varanasi,IA057,Drinking Water Facility,2056571.8,Completed,0.5692904501333593,,0.0,,0.0,,0.0,,0.06118551457798274,,0.0,,0.0,,1,48.4,High,0.0,On Track,
W00301,MP025,Bihar,Patna,IA023,Health Sub-Centre Upgrade,1240057.43,Completed,0.5691237030154411,,0.0,,0.0,,0.0,,0.04579899154052403,,0.0,,0.0,,1,48.4,High,0.0,On Track,
W00762,MP034,Uttar Pradesh,Gorakhpur,IA039,Public Toilet Complex,1295940.24,Completed,0.5696200279893875,,0.0,,0.0,,0.0,,0.04862202007412355,,0.0,,0.0,,1,48.4,High,0.0,On Track,
W00275,MP018,Bihar,Gaya,IA036,Drainage / Sewage Line (per km),720920.24,Completed,0.5683238813593153,,0.0,,0.0,,0.0,,0.05565814698222076,,0.0,,0.0,,1,48.3,High,0.0,On Track,
W01400,MP018,Bihar,Gaya,IA049,Drainage / Sewage Line (per km),2611340.19,Completed,0.5683161165760836,,0.0,,0.0,,0.0,,0.04267991695745187,,0.0,,0.0,,1,48.3,High,0.0,On Track,
W01192,MP035,West Bengal,Howrah,IA058,Road Construction (per km),2275109.82,In Progress,0.5676192643303968,,0.0,,0.0,,1.0,"sanctioned 1057 days ago but expected duration was only 270 days (3.9x overdue), still marked 'In Progress' | 100% of sanctioned funds already disbursed, but work is still marked 'In Progress' -- payment has outpaced physical progress",0.0,,0.0,,0.0,,1,48.2,High,100.0,Severely Stalled,
W00933,MP038,Tamil Nadu,Coimbatore,IA024,Drinking Water Facility,1320813.19,In Progress,0.5616057934517468,,0.0,,0.0,,1.0,"sanctioned 927 days ago but expected duration was only 150 days (6.2x overdue), still marked 'In Progress' | 100% of sanctioned funds already disbursed, but work is still marked 'In Progress' -- payment has outpaced physical progress",0.0,,0.0,,0.0,,1,47.7,High,100.0,Severely Stalled,
W01348,MP023,Tamil Nadu,Coimbatore,IA055,Street Lighting (per 50 units),2843255.71,Completed,0.5614738322450012,,0.0,,0.0,,0.0,,0.038201234796019994,,0.0,,0.0,,1,47.7,High,0.0,On Track,
W01085,MP007,Maharashtra,Nagpur,IA016,Public Toilet Complex,568890.79,Completed,0.559533539436238,,0.0,,0.0,,0.0,,0.009184894351062558,,0.0,,0.0,,1,47.6,High,0.0,On Track,
W00925,MP010,Bihar,Patna,IA023,School Building Renovation,2215019.25,Completed,0.5581219665410457,,0.0,,0.0,,0.0,,0.007444883059477545,,0.0,,0.0,,1,47.4,High,0.0,On Track,
W01048,MP016,West Bengal,Howrah,IA022,Drinking Water Facility,1406772.99,Completed,0.5544880238333708,,0.0,,0.0,,0.0,,0.0814132693341199,,0.0,,0.0,,1,47.1,High,0.0,On Track,
W00466,MP015,West Bengal,Malda,IA043,Road Construction (per km),6464533.98,Completed,0.5514265031000967,,0.0,,0.0,,0.0,,0.08019099427737898,,0.0,,0.0,,1,46.9,High,0.0,On Track,
W00937,MP020,Tamil Nadu,Coimbatore,IA024,Street Lighting (per 50 units),537158.62,In Progress,0.5506861873297614,,0.0,,0.0,,1.0,"sanctioned 706 days ago but expected duration was only 90 days (7.8x overdue), still marked 'In Progress' | 100% of sanctioned funds already disbursed, but work is still marked 'In Progress' -- payment has outpaced physical progress",0.0,,0.0,,0.0,,1,46.8,High,100.0,Severely Stalled,
W00088,MP026,Maharashtra,Nagpur,IA016,Health Sub-Centre Upgrade,1937387.44,Completed,0.5492717480688026,,0.0,,0.0,,0.0,,0.02363779844955846,,0.0,,0.0,,1,46.7,High,0.0,On Track,
W01172,MP004,Bihar,Muzaffarpur,IA032,Drinking Water Facility,1354171.78,Completed,0.5478589474286654,,0.0,,0.0,,0.0,,0.11045473207274874,,0.0,,0.0,,1,46.6,High,0.0,On Track,
W00434,MP017,Uttar Pradesh,Gorakhpur,IA039,Drinking Water Facility,1906297.71,Completed,0.5472841743216766,,0.0,,0.0,,0.0,,0.052593476334051474,,0.0,,0.0,,1,46.5,High,0.0,On Track,
W00777,MP035,West Bengal,Malda,IA019,Street Lighting (per 50 units),1327702.45,Completed,0.546076420771869,,0.0,,0.0,,0.0,,0.023490461271294488,,0.0,,0.0,,1,46.4,High,0.0,On Track,
W00896,MP025,Bihar,Patna,IA023,Community Hall,4292526.83,Completed,0.5445257103783728,,0.0,,0.0,,0.0,,0.05362347095381268,,0.0,,0.0,,1,46.3,High,0.0,On Track,
W00191,MP012,Uttar Pradesh,Varanasi,IA057,Public Toilet Complex,1093072.5,Completed,0.5437237569248786,,0.0,,0.0,,0.0,,0.030661168856909685,,0.0,,0.0,,1,46.2,High,0.0,On Track,
W00015,MP025,Bihar,Patna,IA023,Road Construction (per km),6286379.67,Completed,0.5429435769112011,,0.0,,0.0,,0.0,,0.0429168683890701,,0.0,,0.0,,1,46.2,High,0.0,On Track,
W00731,MP012,Uttar Pradesh,Varanasi,IA057,Community Hall,4165952.05,In Progress,0.5434548866059516,,0.0,,0.0,,1.0,"sanctioned 1039 days ago but expected duration was only 240 days (4.3x overdue), still marked 'In Progress' | 100% of sanctioned funds already disbursed, but work is still marked 'In Progress' -- payment has outpaced physical progress",0.0,,0.0,,0.0,,1,46.2,High,100.0,Severely Stalled,
W00009,MP022,Uttar Pradesh,Meerut,IA040,Public Toilet Complex,1117901.91,Completed,0.5427406646949221,,0.0,,0.0,,0.0,,0.04223395462549586,,0.0,,0.0,,1,46.1,High,0.0,On Track,
W01045,MP029,Bihar,Patna,IA023,Community Hall,4289043.5,Completed,0.542160475540834,,0.0,,0.0,,0.0,,0.012394079241545479,,0.0,,0.0,,1,46.1,High,0.0,On Track,
W00748,MP008,West Bengal,Howrah,IA022,Community Hall,4033727.3,Completed,0.5411814333899143,,0.0,,0.0,,0.0,,0.025610276189775825,,0.0,,0.0,,1,46.0,High,0.0,On Track,
W00177,MP015,West Bengal,Malda,IA007,School Building Renovation,2914382.24,Completed,0.540890332052617,,0.0,,0.0,,0.0,,0.051381370173470296,,0.0,,0.0,,1,46.0,High,0.0,On Track,
W00467,MP024,Maharashtra,Nagpur,IA001,Drinking Water Facility,1655134.52,Completed,0.5396780820062935,,0.0,,0.0,,0.0,,0.052359003433413154,,0.0,,0.0,,1,45.9,High,0.0,On Track,
W00403,MP024,Maharashtra,Nagpur,IA016,Drainage / Sewage Line (per km),2605680.24,Completed,0.5391162085206704,,0.0,,0.0,,0.0,,0.07543558218681608,,0.0,,0.0,,1,45.8,High,0.0,On Track,
W01155,MP020,Tamil Nadu,Coimbatore,IA024,School Building Renovation,2181756.04,Completed,0.5380243082400251,,0.0,,0.0,,0.0,,0.036189930616018606,,0.0,,0.0,,1,45.7,High,0.0,On Track,
W00331,MP010,Bihar,Gaya,IA036,Public Toilet Complex,1065779.59,Completed,0.5378920994992534,,0.0,,0.0,,0.0,,0.0371370825329815,,0.0,,0.0,,1,45.7,High,0.0,On Track,
W00325,MP028,Tamil Nadu,Coimbatore,IA024,Drainage / Sewage Line (per km),2657672.17,Completed,0.5354938620750462,,0.0,,0.0,,0.0,,0.01827855791936984,,0.0,,0.0,,1,45.5,High,0.0,On Track,
W00153,MP040,Bihar,Gaya,IA025,Community Hall,2701829.81,In Progress,0.5355821196788108,,0.0,,0.0,,1.0,"sanctioned 375 days ago but expected duration was only 240 days (1.6x overdue), still marked 'In Progress' | 100% of sanctioned funds already disbursed, but work is still marked 'In Progress' -- payment has outpaced physical progress",0.0,,0.0,,0.0,,1,45.5,High,100.0,Severely Stalled,
W00905,MP020,Tamil Nadu,Coimbatore,IA055,Health Sub-Centre Upgrade,1375031.44,Completed,0.5333183869519301,,0.0,,0.0,,0.0,,0.019679763393016372,,0.0,,0.0,,1,45.3,High,0.0,On Track,
W00271,MP016,West Bengal,Malda,IA028,Community Hall,3021332.17,In Progress,0.5291009801197145,,0.0,,0.0,,1.0,"100% of sanctioned funds already disbursed, but work is still marked 'In Progress' -- payment has outpaced physical progress",0.0,,0.0,,0.0,,1,45.0,High,100.0,Severely Stalled,
W00395,MP035,West Bengal,Malda,IA050,Street Lighting (per 50 units),1627767.85,Completed,0.5292817022859723,,0.0,,0.0,,0.0,,0.0693218796754461,,0.0,,0.0,,1,45.0,High,0.0,On Track,
W00615,MP012,Uttar Pradesh,Meerut,IA018,Public Toilet Complex,1059166.01,Completed,0.5273284318526802,,0.0,,0.0,,0.0,,0.01019837482287707,,0.0,,0.0,,1,44.8,Medium,0.0,On Track,
W00092,MP034,Uttar Pradesh,Gorakhpur,IA052,Drinking Water Facility,1840658.7,Completed,0.5258709836690555,,0.0,,0.0,,0.0,,0.02511607222400289,,0.0,,0.0,,1,44.7,Medium,0.0,On Track,
W00565,MP029,Bihar,Patna,IA023,Street Lighting (per 50 units),1156334.78,Completed,0.5249027262413067,,0.0,,0.0,,0.0,,0.02195936001640705,,0.0,,0.0,,1,44.6,Medium,0.0,On Track,
W00581,MP023,Tamil Nadu,Coimbatore,IA055,School Building Renovation,1446077.65,Completed,0.5245334423063573,,0.0,,0.0,,0.0,,0.031124496206599725,,0.0,,0.0,,1,44.6,Medium,0.0,On Track,
W00086,MP035,West Bengal,Malda,IA050,Community Hall,3025287.45,Completed,0.5249195429524826,,0.0,,0.0,,0.0,,0.03459312391809346,,0.0,,0.0,,1,44.6,Medium,0.0,On Track,
W01088,MP028,Tamil Nadu,Madurai,IA044,Community Hall,2972870.19,Completed,0.5248624364282315,,0.0,,0.0,,0.0,,0.02057173077131177,,0.0,,0.0,,1,44.6,Medium,0.0,On Track,
W01083,MP002,West Bengal,Howrah,IA012,Health Sub-Centre Upgrade,1241287.54,Completed,0.5239981066180331,,0.0,,0.0,,0.0,,0.02521354230454703,,0.0,,0.0,,1,44.5,Medium,0.0,On Track,
W00980,MP030,Bihar,Muzaffarpur,IA032,Public Toilet Complex,1043067.08,Completed,0.16840523366782165,,0.522494718855643,"description + location closely match work W00625 (text similarity 0.80, 361m apart) -- possible duplicate/phantom billing",0.0,,0.0,,0.02798953514974528,,0.0,,0.0,,1,44.4,Medium,0.0,On Track,"description + location closely match work W00625 (text similarity 0.80, 361m apart) -- possible duplicate/phantom billing"
W00424,MP004,Bihar,Muzaffarpur,IA032,School Building Renovation,1366694.78,In Progress,0.5221842420726478,,0.0,,0.0,,1.0,"100% of sanctioned funds already disbursed, but work is still marked 'In Progress' -- payment has outpaced physical progress",0.0,,0.0,,0.0,,1,44.4,Medium,100.0,Severely Stalled,
W00625,MP004,Bihar,Muzaffarpur,IA032,Public Toilet Complex,774802.09,Completed,0.10064052532328471,,0.522494718855643,"description + location closely match work W00980 (text similarity 0.80, 361m apart) -- possible duplicate/phantom billing",0.0,,0.0,,0.00926967879940496,,0.0,,0.0,,1,44.4,Medium,0.0,On Track,"description + location closely match work W00980 (text similarity 0.80, 361m apart) -- possible duplicate/phantom billing"
W00558,MP006,Bihar,Muzaffarpur,IA032,Community Hall,2723571.44,Completed,0.5208192173121451,,0.0,,0.0,,0.0,,0.051212821949021846,,0.0,,0.0,,1,44.3,Medium,0.0,On Track,
W00547,MP009,Bihar,Muzaffarpur,IA032,Drainage / Sewage Line (per km),2972911.12,In Progress,0.5189044263116073,,0.0,,0.0,,1.0,"sanctioned 664 days ago but expected duration was only 180 days (3.7x overdue), still marked 'In Progress' | 100% of sanctioned funds already disbursed, but work is still marked 'In Progress' -- payment has outpaced physical progress",0.0,,0.0,,0.0,,1,44.1,Medium,100.0,Severely Stalled,
W00493,MP039,Bihar,Gaya,IA042,Road Construction (per km),4712182.47,Completed,0.5173364439743734,,0.0,,0.0,,0.0,,0.06361254491720301,,0.0,,0.0,,1,44.0,Medium,0.0,On Track,
W01314,MP031,Uttar Pradesh,Meerut,IA047,School Building Renovation,1702610.73,Completed,0.5165610629529613,,0.0,,0.0,,0.0,,0.023892624979233865,,0.0,,0.0,,1,43.9,Medium,0.0,On Track,
W00192,MP038,Tamil Nadu,Coimbatore,IA015,Drainage / Sewage Line (per km),690176.58,Completed,0.5158802667951251,,0.0,,0.0,,0.0,,0.021524627039019317,,0.0,,0.0,,1,43.8,Medium,0.0,On Track,
W00449,MP009,Bihar,Muzaffarpur,IA032,Street Lighting (per 50 units),1202367.99,Completed,0.5126108397524454,,0.0,,0.0,,0.0,,0.046368694162312325,,0.0,,0.0,,1,43.6,Medium,0.0,On Track,
W01121,MP009,Bihar,Muzaffarpur,IA032,School Building Renovation,1239271.36,In Progress,0.5131019558738391,,0.0,,0.0,,1.0,"sanctioned 1022 days ago but expected duration was only 200 days (5.1x overdue), still marked 'In Progress' | 100% of sanctioned funds already disbursed, but work is still marked 'In Progress' -- payment has outpaced physical progress",0.0,,0.0,,0.0,,1,43.6,Medium,100.0,Severely Stalled,
W01052,MP039,Bihar,Gaya,IA042,School Building Renovation,1754599.06,Completed,0.5121442498121681,,0.0,,0.0,,0.0,,0.0345801159219968,,0.0,,0.0,,1,43.5,Medium,0.0,On Track,
W00600,MP036,Maharashtra,Nashik,IA048,Community Hall,4099559.32,Completed,0.509605921769292,,0.0,,0.0,,0.0,,0.04273945151355138,,0.0,,0.0,,1,43.3,Medium,0.0,On Track,
W00066,MP001,West Bengal,Malda,IA030,Drainage / Sewage Line (per km),3120345.45,Completed,0.5070988430314941,,0.0,,0.0,,0.0,,0.04307930455280947,,0.0,,0.0,,1,43.1,Medium,0.0,On Track,
W00893,MP020,Tamil Nadu,Coimbatore,IA055,Community Hall,4014210.02,In Progress,0.50719806795675,,0.0,,0.0,,1.0,"sanctioned 1213 days ago but expected duration was only 240 days (5.1x overdue), still marked 'In Progress' | 100% of sanctioned funds already disbursed, but work is still marked 'In Progress' -- payment has outpaced physical progress",0.0,,0.0,,0.0,,1,43.1,Medium,100.0,Severely Stalled,
W00421,MP004,Bihar,Muzaffarpur,IA032,Road Construction (per km),6284873.21,Completed,0.5066385408146515,,0.0,,0.0,,0.0,,0.030993183688106257,,0.0,,0.0,,1,43.1,Medium,0.0,On Track,
W00566,MP038,Tamil Nadu,Coimbatore,IA055,Drainage / Sewage Line (per km),2066354.09,In Progress,0.5074994169067826,,0.0,,0.0,,1.0,"sanctioned 631 days ago but expected duration was only 180 days (3.5x overdue), still marked 'In Progress' | 100% of sanctioned funds already disbursed, but work is still marked 'In Progress' -- payment has outpaced physical progress",0.0,,0.0,,0.0,,1,43.1,Medium,100.0,Severely Stalled,
W01008,MP026,Maharashtra,Nagpur,IA035,Public Toilet Complex,615874.18,Completed,0.5073278664978803,,0.0,,0.0,,0.0,,0.036283164708693784,,0.0,,0.0,,1,43.1,Medium,0.0,On Track,
W00695,MP007,Maharashtra,Nagpur,IA016,Drainage / Sewage Line (per km),551111.42,Completed,0.5046048168255041,,0.0,,0.0,,0.0,,0.04635844870928196,,0.0,,0.0,,1,42.9,Medium,0.0,On Track,
W00259,MP022,Uttar Pradesh,Meerut,IA005,Drinking Water Facility,1155588.92,Completed,0.504336458931333,,0.0,,0.0,,0.0,,0.052185395339032555,,0.0,,0.0,,1,42.9,Medium,0.0,On Track,
W00202,MP035,West Bengal,Malda,IA028,Public Toilet Complex,1063221.87,Completed,0.502680496214661,,0.0,,0.0,,0.0,,0.038726324031390646,,0.0,,0.0,,1,42.7,Medium,0.0,On Track,
W00906,MP001,West Bengal,Malda,IA050,Road Construction (per km),7599759.64,In Progress,0.5016897463528222,,0.0,,0.0,,1.0,"sanctioned 1172 days ago but expected duration was only 270 days (4.3x overdue), still marked 'In Progress' | 100% of sanctioned funds already disbursed, but work is still marked 'In Progress' -- payment has outpaced physical progress",0.0,,0.0,,0.0,,1,42.6,Medium,100.0,Severely Stalled,
W01125,MP029,Bihar,Patna,IA023,Street Lighting (per 50 units),1824128.5,Completed,0.5003238516972823,,0.0,,0.0,,0.0,,0.09593862620975274,,0.0,,0.0,,1,42.5,Medium,0.0,On Track,
W00909,MP018,Bihar,Gaya,IA049,Drinking Water Facility,716587.46,Completed,0.49882043367448986,,0.0,,0.0,,0.0,,0.01715114444930883,,0.0,,0.0,,1,42.4,Medium,0.0,On Track,
W01002,MP011,Bihar,Muzaffarpur,IA032,Health Sub-Centre Upgrade,1889608.74,Completed,0.4984546611995125,,0.0,,0.0,,0.0,,0.0506181230765221,,0.0,,0.0,,1,42.4,Medium,0.0,On Track,
W00573,MP022,Uttar Pradesh,Meerut,IA018,Drinking Water Facility,2924199.58,In Progress,0.4988213835586752,,0.0,,0.0,,1.0,"sanctioned 205 days ago but expected duration was only 150 days (1.4x overdue), still marked 'In Progress' | 100% of sanctioned funds already disbursed, but work is still marked 'In Progress' -- payment has outpaced physical progress",0.0,,0.0,,0.0,,1,42.4,Medium,100.0,Severely Stalled,
W00336,MP017,Uttar Pradesh,Gorakhpur,IA039,Road Construction (per km),7141185.28,Completed,0.4989363934517219,,0.0,,0.0,,0.0,,0.07742565375266007,,0.0,,0.0,,1,42.4,Medium,0.0,On Track,
W00715,MP021,West Bengal,Howrah,IA056,School Building Renovation,1329478.46,Completed,0.49805287803243403,,0.0,,0.0,,0.0,,0.04061089437861474,,0.0,,0.0,,1,42.3,Medium,0.0,On Track,
W00474,MP040,Bihar,Gaya,IA036,Public Toilet Complex,646808.5,Completed,0.4973450150196799,,0.0,,0.0,,0.0,,0.05295137883161156,,0.0,,0.0,,1,42.3,Medium,0.0,On Track,
W00158,MP040,Bihar,Gaya,IA011,Health Sub-Centre Upgrade,1887475.54,Completed,0.4949486130529184,,0.0,,0.0,,0.0,,0.01477841284135411,,0.0,,0.0,,1,42.1,Medium,0.0,On Track,
W00065,MP001,West Bengal,Malda,IA019,Road Construction (per km),4818308.04,Completed,0.49453116089312926,,0.0,,0.0,,0.0,,0.020361828513183435,,0.0,,0.0,,1,42.0,Medium,0.0,On Track,
W00363,MP020,Tamil Nadu,Coimbatore,IA015,School Building Renovation,2003534.53,In Progress,0.4929828691746974,,0.0,,0.0,,1.0,"sanctioned 410 days ago but expected duration was only 200 days (2.0x overdue), still marked 'In Progress' | 100% of sanctioned funds already disbursed, but work is still marked 'In Progress' -- payment has outpaced physical progress",0.0,,0.0,,0.0,,1,41.9,Medium,100.0,Severely Stalled,
W00174,MP029,Bihar,Muzaffarpur,IA032,School Building Renovation,2166259.83,Completed,0.4890766307315804,,0.0,,0.0,,0.0,,0.02634102213335264,,0.0,,0.0,,1,41.6,Medium,0.0,On Track,
W00418,MP010,Bihar,Gaya,IA049,Drinking Water Facility,1180794.43,Completed,0.48685694814588726,,0.0,,0.0,,0.0,,0.06197067045314375,,0.0,,0.0,,1,41.4,Medium,0.0,On Track,
W00510,MP020,Tamil Nadu,Coimbatore,IA024,Drainage / Sewage Line (per km),2544819.95,In Progress,0.48504813166839605,,0.0,,0.0,,1.0,"sanctioned 618 days ago but expected duration was only 180 days (3.4x overdue), still marked 'In Progress' | 100% of sanctioned funds already disbursed, but work is still marked 'In Progress' -- payment has outpaced physical progress",0.0,,0.0,,0.0,,1,41.2,Medium,100.0,Severely Stalled,
W00755,MP016,West Bengal,Howrah,IA045,Drinking Water Facility,1927043.36,In Progress,0.48510378256181297,,0.0,,0.0,,1.0,"sanctioned 561 days ago but expected duration was only 150 days (3.7x overdue), still marked 'In Progress' | 100% of sanctioned funds already disbursed, but work is still marked 'In Progress' -- payment has outpaced physical progress",0.0,,0.0,,0.0,,1,41.2,Medium,100.0,Severely Stalled,
W00624,MP003,Bihar,Patna,IA023,Street Lighting (per 50 units),1554436.94,Completed,0.4759073421143756,,0.0,,0.0,,0.0,,0.01162974813957905,,0.0,,0.0,,1,40.5,Medium,0.0,On Track,
W00120,MP029,Bihar,Patna,IA023,School Building Renovation,1466683.17,Completed,0.4740441831564428,,0.0,,0.0,,0.0,,0.053834072400796795,,0.0,,0.0,,1,40.3,Medium,0.0,On Track,
W00735,MP017,Uttar Pradesh,Gorakhpur,IA053,Drinking Water Facility,1086349.01,Completed,0.4735851199915202,,0.0,,0.0,,0.0,,0.015743311642175826,,0.0,,0.0,,1,40.3,Medium,0.0,On Track,
W00857,MP025,Bihar,Patna,IA023,Drinking Water Facility,2635643.85,In Progress,0.4729503450961357,,0.0,,0.0,,1.0,"sanctioned 936 days ago but expected duration was only 150 days (6.2x overdue), still marked 'In Progress' | 100% of sanctioned funds already disbursed, but work is still marked 'In Progress' -- payment has outpaced physical progress",0.0,,0.0,,0.0,,1,40.2,Medium,100.0,Severely Stalled,
W00278,MP026,Maharashtra,Nagpur,IA001,Road Construction (per km),7624975.2,Completed,0.4734915380378861,,0.0,,0.0,,0.0,,0.07927179333376354,,0.0,,0.0,,1,40.2,Medium,0.0,On Track,
W00206,MP018,Bihar,Gaya,IA011,Drinking Water Facility,3026614.39,Completed,0.4723329656421274,,0.0,,0.0,,0.0,,0.07323555457979793,,0.0,,0.0,,1,40.1,Medium,0.0,On Track,
W00427,MP013,Uttar Pradesh,Gorakhpur,IA026,Community Hall,4070489.98,Completed,0.47141230440749265,,0.0,,0.0,,0.0,,0.03515083561917468,,0.0,,0.0,,1,40.1,Medium,0.0,On Track,
W00121,MP023,Tamil Nadu,Salem,IA006,Street Lighting (per 50 units),692161.78,Completed,0.46886355758180503,,0.0,,0.0,,0.0,,0.05733554756113452,,0.0,,0.0,,1,39.9,Medium,0.0,On Track,
W01262,MP031,Uttar Pradesh,Gorakhpur,IA008,Street Lighting (per 50 units),2192268.69,Completed,0.4697273604166902,,0.0,,0.0,,0.0,,0.05178163947434086,,0.0,,0.0,,1,39.9,Medium,0.0,On Track,
W01153,MP016,West Bengal,Howrah,IA056,Community Hall,3964033.57,Completed,0.46750271710560304,,0.0,,0.0,,0.0,,0.021757928122749307,,0.0,,0.0,,1,39.7,Medium,0.0,On Track,
W00825,MP036,Maharashtra,Nashik,IA048,Health Sub-Centre Upgrade,1882799.65,Completed,0.4671470189204119,,0.0,,0.0,,0.0,,0.0036504733040625147,,0.0,,0.0,,1,39.7,Medium,0.0,On Track,
W00036,MP018,Bihar,Gaya,IA049,Street Lighting (per 50 units),684771.14,Completed,0.46591064195350734,,0.0,,0.0,,0.0,,0.06885365628182032,,0.0,,0.0,,1,39.6,Medium,0.0,On Track,
W00367,MP028,Tamil Nadu,Madurai,IA044,Drainage / Sewage Line (per km),2647575.29,Completed,0.46636924920611095,,0.0,,0.0,,0.0,,0.03930685406682619,,0.0,,0.0,,1,39.6,Medium,0.0,On Track,
W00047,MP033,Uttar Pradesh,Meerut,IA040,Public Toilet Complex,872282.45,Completed,0.46556237182391397,,0.0,,0.0,,0.0,,0.02671143488692275,,0.0,,0.0,,1,39.6,Medium,0.0,On Track,
W00159,MP001,West Bengal,Malda,IA051,Public Toilet Complex,892678.66,Completed,0.4649762893728297,,0.0,,0.0,,0.0,,0.09247863824950482,,0.0,,0.0,,1,39.5,Medium,0.0,On Track,
W00035,MP001,West Bengal,Malda,IA030,Road Construction (per km),5915727.01,Completed,0.46412495875121124,,0.0,,0.0,,0.0,,0.04490509628226275,,0.0,,0.0,,1,39.5,Medium,0.0,On Track,
W00602,MP017,Uttar Pradesh,Gorakhpur,IA004,Drinking Water Facility,1105219.75,In Progress,0.4632637767038559,,0.0,,0.0,,1.0,"sanctioned 251 days ago but expected duration was only 150 days (1.7x overdue), still marked 'In Progress' | 100% of sanctioned funds already disbursed, but work is still marked 'In Progress' -- payment has outpaced physical progress",0.0,,0.0,,0.0,,1,39.4,Medium,100.0,Severely Stalled,
W00359,MP015,West Bengal,Malda,IA014,Public Toilet Complex,430423.0,In Progress,0.46313317803133885,,0.0,,0.0,,1.0,"sanctioned 703 days ago but expected duration was only 120 days (5.9x overdue), still marked 'In Progress' | 100% of sanctioned funds already disbursed, but work is still marked 'In Progress' -- payment has outpaced physical progress",0.0,,0.0,,0.0,,1,39.4,Medium,100.0,Severely Stalled,
W01126,MP015,West Bengal,Howrah,IA037,School Building Renovation,1624162.01,Completed,0.4614621296641537,,0.0,,0.0,,0.0,,0.047538914852130576,,0.0,,0.0,,1,39.2,Medium,0.0,On Track,
W00237,MP004,Bihar,Muzaffarpur,IA032,Health Sub-Centre Upgrade,1306088.33,Completed,0.46059777269341423,,0.0,,0.0,,0.0,,0.07927902028439279,,0.0,,0.0,,1,39.2,Medium,0.0,On Track,
W00851,MP016,West Bengal,Howrah,IA020,Drainage / Sewage Line (per km),1099663.61,In Progress,0.46012935523071513,,0.0,,0.0,,1.0,"sanctioned 454 days ago but expected duration was only 180 days (2.5x overdue), still marked 'In Progress' | 100% of sanctioned funds already disbursed, but work is still marked 'In Progress' -- payment has outpaced physical progress",0.0,,0.0,,0.0,,1,39.1,Medium,100.0,Severely Stalled,
W00365,MP014,Maharashtra,Pune,IA003,Community Hall,4036618.65,Completed,0.46050354494999574,,0.0,,0.0,,0.0,,0.025853132003124387,,0.0,,0.0,,1,39.1,Medium,0.0,On Track,
W00214,MP019,Maharashtra,Pune,IA003,Health Sub-Centre Upgrade,1878088.11,Completed,0.46005873147789417,,0.0,,0.0,,0.0,,0.05256122007895445,,0.0,,0.0,,1,39.1,Medium,0.0,On Track,
W01090,MP019,Maharashtra,Nashik,IA038,Health Sub-Centre Upgrade,1878061.78,Completed,0.4600191192474213,,0.0,,0.0,,0.0,,0.033863686568718396,,0.0,,0.0,,1,39.1,Medium,0.0,On Track,
W01275,MP033,Uttar Pradesh,Meerut,IA040,Health Sub-Centre Upgrade,1342778.43,In Progress,0.458545760950986,,0.0,,0.0,,1.0,"sanctioned 1117 days ago but expected duration was only 210 days (5.3x overdue), still marked 'In Progress' | 100% of sanctioned funds already disbursed, but work is still marked 'In Progress' -- payment has outpaced physical progress",0.0,,0.0,,0.0,,1,39.0,Medium,100.0,Severely Stalled,
W00261,MP013,Uttar Pradesh,Gorakhpur,IA054,Drainage / Sewage Line (per km),848318.56,Completed,0.45742719988400293,,0.0,,0.0,,0.0,,0.047233041296384885,,0.0,,0.0,,1,38.9,Medium,0.0,On Track,
W00303,MP034,Uttar Pradesh,Gorakhpur,IA046,Drainage / Sewage Line (per km),2928387.98,Completed,0.4574626723983523,,0.0,,0.0,,0.0,,0.07227757794461373,,0.0,,0.0,,1,38.9,Medium,0.0,On Track,
W00311,MP013,Uttar Pradesh,Meerut,IA047,Drainage / Sewage Line (per km),2718909.9,Completed,0.45767952188292443,,0.0,,0.0,,0.0,,0.011760660590417108,,0.0,,0.0,,1,38.9,Medium,0.0,On Track,
W00321,MP020,Tamil Nadu,Madurai,IA044,Health Sub-Centre Upgrade,1775092.31,Completed,0.4572235123584709,,0.0,,0.0,,0.0,,0.004348342287734393,,0.0,,0.0,,1,38.9,Medium,0.0,On Track,
W00213,MP009,Bihar,Muzaffarpur,IA032,Public Toilet Complex,964519.0,In Progress,0.4569964861604314,,0.0,,0.0,,1.0,"sanctioned 795 days ago but expected duration was only 120 days (6.6x overdue), still marked 'In Progress' | 100% of sanctioned funds already disbursed, but work is still marked 'In Progress' -- payment has outpaced physical progress",0.0,,0.0,,0.0,,1,38.8,Medium,100.0,Severely Stalled,
W00386,MP018,Bihar,Gaya,IA025,School Building Renovation,2800936.41,Completed,0.45573810392572534,,0.0,,0.0,,0.0,,0.04676330009976773,,0.0,,0.0,,1,38.7,Medium,0.0,On Track,
W01018,MP011,Bihar,Muzaffarpur,IA032,Health Sub-Centre Upgrade,1310005.5,In Progress,0.4541596578338633,,0.0,,0.0,,1.0,"sanctioned 852 days ago but expected duration was only 210 days (4.1x overdue), still marked 'In Progress' | 100% of sanctioned funds already disbursed, but work is still marked 'In Progress' -- payment has outpaced physical progress",0.0,,0.0,,0.0,,1,38.6,Medium,100.0,Severely Stalled,
W00313,MP020,Tamil Nadu,Coimbatore,IA024,Street Lighting (per 50 units),880030.15,Completed,0.45372567632756783,,0.0,,0.0,,0.0,,0.058746020112254216,,0.0,,0.0,,1,38.6,Medium,0.0,On Track,
W01280,MP010,Bihar,Gaya,IA042,Health Sub-Centre Upgrade,1862594.27,Completed,0.4540546834783777,,0.0,,0.0,,0.0,,0.030549213217941126,,0.0,,0.0,,1,38.6,Medium,0.0,On Track,
W00601,MP026,Maharashtra,Nagpur,IA034,Health Sub-Centre Upgrade,1271594.67,Completed,0.45238175182937607,,0.0,,0.0,,0.0,,0.049446761350625056,,0.0,,0.0,,1,38.5,Medium,0.0,On Track,
W01300,MP019,Maharashtra,Nashik,IA048,School Building Renovation,1158056.42,In Progress,0.4530102202697994,,0.0,,0.0,,1.0,"sanctioned 786 days ago but expected duration was only 200 days (3.9x overdue), still marked 'In Progress' | 100% of sanctioned funds already disbursed, but work is still marked 'In Progress' -- payment has outpaced physical progress",0.0,,0.0,,0.0,,1,38.5,Medium,100.0,Severely Stalled,
W00619,MP031,Uttar Pradesh,Gorakhpur,IA008,Drinking Water Facility,2129318.96,Completed,0.45201136150809523,,0.0,,0.0,,0.0,,0.04338213261838253,,0.0,,0.0,,1,38.4,Medium,0.0,On Track,
W00178,MP003,Bihar,Patna,IA023,Drainage / Sewage Line (per km),473348.08,Completed,0.44812754376974645,,0.0,,0.0,,0.0,,0.04157438893582673,,0.0,,0.0,,1,38.1,Medium,0.0,On Track,
W00588,MP020,Tamil Nadu,Coimbatore,IA024,Road Construction (per km),2870969.19,Completed,0.4487836180012528,,0.0,,0.0,,0.0,,0.05709268498081746,,0.0,,0.0,,1,38.1,Medium,0.0,On Track,
W01222,MP034,Uttar Pradesh,Gorakhpur,IA054,Health Sub-Centre Upgrade,1913969.93,Completed,0.443617329892424,,0.0,,0.0,,0.0,,0.06334022155451224,,0.0,,0.0,,1,37.7,Medium,0.0,On Track,
W00385,MP039,Bihar,Gaya,IA049,Drinking Water Facility,1203813.77,Completed,0.44218498103441767,,0.0,,0.0,,0.0,,0.02877060757690518,,0.0,,0.0,,1,37.6,Medium,0.0,On Track,
W00806,MP035,West Bengal,Malda,IA043,Street Lighting (per 50 units),721911.98,Completed,0.442309434877697,,0.0,,0.0,,0.0,,0.03352444522729954,,0.0,,0.0,,1,37.6,Medium,0.0,On Track,
W00480,MP037,Bihar,Patna,IA023,School Building Renovation,1672605.64,Completed,0.4413735541284738,,0.0,,0.0,,0.0,,0.04042047622026671,,0.0,,0.0,,1,37.5,Medium,0.0,On Track,
W00783,MP019,Maharashtra,Nashik,IA027,Road Construction (per km),4936472.15,In Progress,0.44054492937496487,,0.0,,0.0,,1.0,"sanctioned 852 days ago but expected duration was only 270 days (3.2x overdue), still marked 'In Progress' | 100% of sanctioned funds already disbursed, but work is still marked 'In Progress' -- payment has outpaced physical progress",0.0,,0.0,,0.0,,1,37.4,Medium,100.0,Severely Stalled,
W01352,MP034,Uttar Pradesh,Gorakhpur,IA052,Road Construction (per km),1338153.69,Completed,0.43877285907417973,,0.0,,0.0,,0.0,,0.060585165154706556,,0.0,,0.0,,1,37.3,Medium,0.0,On Track,
W00001,MP022,Uttar Pradesh,Varanasi,IA057,Health Sub-Centre Upgrade,1356149.56,Completed,0.4374268542990678,,0.0,,0.0,,0.0,,0.014372509933555303,,0.0,,0.0,,1,37.2,Medium,0.0,On Track,
W00495,MP037,Bihar,Muzaffarpur,IA032,Drainage / Sewage Line (per km),1068098.85,Completed,0.43583835476853133,,0.0,,0.0,,0.0,,0.05149774121704554,,0.0,,0.0,,1,37.0,Medium,0.0,On Track,
W00520,MP003,Bihar,Muzaffarpur,IA032,Health Sub-Centre Upgrade,1850565.77,Completed,0.43428508844213715,,0.0,,0.0,,0.0,,0.04922483725433859,,0.0,,0.0,,1,36.9,Medium,0.0,On Track,
W01257,MP003,Bihar,Patna,IA023,Road Construction (per km),8506469.28,Completed,0.4345348666878471,,0.0,,0.0,,0.0,,0.06563747603933238,,0.0,,0.0,,1,36.9,Medium,0.0,On Track,
W00444,MP020,Tamil Nadu,Coimbatore,IA015,Road Construction (per km),5207382.94,Completed,0.43434798708210115,,0.0,,0.0,,0.0,,0.051005269336292236,,0.0,,0.0,,1,36.9,Medium,0.0,On Track,
W00911,MP015,West Bengal,Malda,IA019,Health Sub-Centre Upgrade,2092352.74,Completed,0.43264770158337784,,0.0,,0.0,,0.0,,0.08650438997582881,,0.0,,0.0,,1,36.8,Medium,0.0,On Track,
W00314,MP031,Uttar Pradesh,Gorakhpur,IA054,School Building Renovation,2911433.84,Completed,0.42924560654792754,,0.0,,0.0,,0.0,,0.034812049400761255,,0.0,,0.0,,1,36.5,Medium,0.0,On Track,
W00154,MP024,Maharashtra,Nagpur,IA016,Drainage / Sewage Line (per km),2201012.61,In Progress,0.42806855026034624,,0.0,,0.0,,1.0,"sanctioned 756 days ago but expected duration was only 180 days (4.2x overdue), still marked 'In Progress' | 100% of sanctioned funds already disbursed, but work is still marked 'In Progress' -- payment has outpaced physical progress",0.0,,0.0,,0.0,,1,36.4,Medium,100.0,Severely Stalled,
W00732,MP013,Uttar Pradesh,Gorakhpur,IA046,Drinking Water Facility,2191398.92,In Progress,0.42332028348614864,,0.0,,0.0,,1.0,"sanctioned 1037 days ago but expected duration was only 150 days (6.9x overdue), still marked 'In Progress' | 100% of sanctioned funds already disbursed, but work is still marked 'In Progress' -- payment has outpaced physical progress",0.0,,0.0,,0.0,,1,36.0,Medium,100.0,Severely Stalled,
W00992,MP036,Maharashtra,Nashik,IA038,Health Sub-Centre Upgrade,1291296.33,Completed,0.4227415430707197,,0.0,,0.0,,0.0,,0.054369083364670855,,0.0,,0.0,,1,35.9,Medium,0.0,On Track,
W00634,MP004,Bihar,Muzaffarpur,IA032,Road Construction (per km),7382191.54,In Progress,0.4218065728957268,,0.0,,0.0,,1.0,"100% of sanctioned funds already disbursed, but work is still marked 'In Progress' -- payment has outpaced physical progress",0.0,,0.0,,0.0,,1,35.9,Medium,100.0,Severely Stalled,
W00729,MP024,Maharashtra,Nagpur,IA001,Drinking Water Facility,1553794.7,Completed,0.42241001450593413,,0.0,,0.0,,0.0,,0.041884136293295494,,0.0,,0.0,,1,35.9,Medium,0.0,On Track,
W00658,MP001,West Bengal,Malda,IA007,Drainage / Sewage Line (per km),1355021.06,Completed,0.421259204573615,,0.0,,0.0,,0.0,,0.0315542328829939,,0.0,,0.0,,1,35.8,Medium,0.0,On Track,
W00175,MP010,Bihar,Gaya,IA036,Community Hall,4111014.57,Completed,0.421276084074694,,0.0,,0.0,,0.0,,0.06830466308550344,,0.0,,0.0,,1,35.8,Medium,0.0,On Track,
W00673,MP031,Uttar Pradesh,Gorakhpur,IA008,Community Hall,2889207.43,In Progress,0.42006894262580957,,0.0,,0.0,,1.0,"sanctioned 800 days ago but expected duration was only 240 days (3.3x overdue), still marked 'In Progress' | 100% of sanctioned funds already disbursed, but work is still marked 'In Progress' -- payment has outpaced physical progress",0.0,,0.0,,0.0,,1,35.7,Medium,100.0,Severely Stalled,
W00304,MP017,Uttar Pradesh,Gorakhpur,IA004,Health Sub-Centre Upgrade,1367087.15,Completed,0.4201515797181649,,0.0,,0.0,,0.0,,0.02650573560702021,,0.0,,0.0,,1,35.7,Medium,0.0,On Track,
W00027,MP035,West Bengal,Howrah,IA022,Drinking Water Facility,981405.52,Completed,0.4191983648876531,,0.0,,0.0,,0.0,,0.04002526655510606,,0.0,,0.0,,1,35.6,Medium,0.0,On Track,
W00038,MP003,Bihar,Patna,IA023,Street Lighting (per 50 units),1840789.56,Completed,0.4173872048933201,,0.0,,0.0,,0.0,,0.019871856259609227,,0.0,,0.0,,1,35.5,Medium,0.0,On Track,
W01340,MP015,West Bengal,Malda,IA021,Health Sub-Centre Upgrade,1337027.5,Completed,0.4163809329733221,,0.0,,0.0,,0.0,,0.05530611936018499,,0.0,,0.0,,1,35.4,Medium,0.0,On Track,
W00950,MP021,West Bengal,Howrah,IA037,Health Sub-Centre Upgrade,2075565.36,Completed,0.4137777293325043,,0.0,,0.0,,0.0,,0.0463546858219972,,0.0,,0.0,,1,35.2,Medium,0.0,On Track,
W01241,MP033,Uttar Pradesh,Meerut,IA005,Street Lighting (per 50 units),1523484.54,Completed,0.4126866036318872,,0.0,,0.0,,0.0,,0.021336040079880242,,0.0,,0.0,,1,35.1,Medium,0.0,On Track,
W00093,MP033,Uttar Pradesh,Meerut,IA047,Street Lighting (per 50 units),506390.42,In Progress,0.4116743044153728,,0.0,,0.0,,1.0,"sanctioned 544 days ago but expected duration was only 90 days (6.0x overdue), still marked 'In Progress' | 100% of sanctioned funds already disbursed, but work is still marked 'In Progress' -- payment has outpaced physical progress",0.0,,0.0,,0.0,,1,35.0,Medium,100.0,Severely Stalled,
W00198,MP038,Tamil Nadu,Coimbatore,IA024,School Building Renovation,1674657.68,In Progress,0.4114692246756166,,0.0,,0.0,,0.0,,0.0,,0.0,,0.0,,1,35.0,Medium,0.0,On Track,
W00764,MP029,Bihar,Muzaffarpur,IA032,Drinking Water Facility,2991178.58,Completed,0.4111887636581413,,0.0,,0.0,,0.0,,0.08342529958343602,,0.0,,0.0,,1,35.0,Medium,0.0,On Track,
W00627,MP005,Tamil Nadu,Salem,IA006,Public Toilet Complex,618361.14,In Progress,0.41005456997043344,,0.0,,0.0,,1.0,"sanctioned 1124 days ago but expected duration was only 120 days (9.4x overdue), still marked 'In Progress' | 100% of sanctioned funds already disbursed, but work is still marked 'In Progress' -- payment has outpaced physical progress",0.0,,0.0,,0.0,,1,34.9,Medium,100.0,Severely Stalled,
W01362,MP025,Bihar,Patna,IA023,Road Construction (per km),6739228.99,In Progress,0.40669024776629664,,0.0,,0.0,,1.0,"sanctioned 901 days ago but expected duration was only 270 days (3.3x overdue), still marked 'In Progress' | 100% of sanctioned funds already disbursed, but work is still marked 'In Progress' -- payment has outpaced physical progress",0.0,,0.0,,0.0,,1,34.6,Medium,100.0,Severely Stalled,
W00014,MP006,Bihar,Muzaffarpur,IA032,Street Lighting (per 50 units),2226234.92,Completed,0.40731529877381667,,0.0,,0.0,,0.0,,0.058913864367859246,,0.0,,0.0,,1,34.6,Medium,0.0,On Track,
W00502,MP005,Tamil Nadu,Salem,IA059,Road Construction (per km),5350384.02,Completed,0.40552356851804516,,0.0,,0.0,,0.0,,0.03308136737781559,,0.0,,0.0,,1,34.5,Medium,0.0,On Track,
W00897,MP025,Bihar,Patna,IA023,Community Hall,2892939.88,Completed,0.4058154322364867,,0.0,,0.0,,0.0,,0.0850638067466859,,0.0,,0.0,,1,34.5,Medium,0.0,On Track,
W00447,MP015,West Bengal,Malda,IA051,School Building Renovation,1137988.6,Completed,0.4061050831350655,,0.0,,0.0,,0.0,,0.03877978865787451,,0.0,,0.0,,1,34.5,Medium,0.0,On Track,
W00807,MP002,West Bengal,Howrah,IA009,Road Construction (per km),5710349.97,Completed,0.4061842035288526,,0.0,,0.0,,0.0,,0.03690695828089322,,0.0,,0.0,,1,34.5,Medium,0.0,On Track,
W00450,MP035,West Bengal,Malda,IA030,Public Toilet Complex,906381.55,In Progress,0.40397596882086795,,0.0,,0.0,,1.0,"sanctioned 1120 days ago but expected duration was only 120 days (9.3x overdue), still marked 'In Progress' | 100% of sanctioned funds already disbursed, but work is still marked 'In Progress' -- payment has outpaced physical progress",0.0,,0.0,,0.0,,1,34.3,Medium,100.0,Severely Stalled,
W00742,MP013,Uttar Pradesh,Gorakhpur,IA046,Drainage / Sewage Line (per km),3584377.49,Completed,0.4018323472245562,,0.0,,0.0,,0.0,,0.022236211134754876,,0.0,,0.0,,1,34.2,Medium,0.0,On Track,
W01312,MP023,Tamil Nadu,Coimbatore,IA024,Road Construction (per km),1023286.38,Completed,0.40071873720573753,,0.0,,0.0,,0.0,,0.01293312303602723,,0.0,,0.0,,1,34.1,Medium,0.0,On Track,
W00986,MP017,Uttar Pradesh,Gorakhpur,IA052,Street Lighting (per 50 units),1002965.89,Completed,0.4005951282036376,,0.0,,0.0,,0.0,,0.02638160958988194,,0.0,,0.0,,1,34.1,Medium,0.0,On Track,
W00803,MP033,Uttar Pradesh,Meerut,IA040,School Building Renovation,1800886.61,Completed,0.40111229306291946,,0.0,,0.0,,0.0,,0.05852518235777221,,0.0,,0.0,,1,34.1,Medium,0.0,On Track,
W00302,MP019,Maharashtra,Nashik,IA027,Health Sub-Centre Upgrade,1839261.55,Completed,0.4016460219000976,,0.0,,0.0,,0.0,,0.05119525301042135,,0.0,,0.0,,1,34.1,Medium,0.0,On Track,
W01214,MP011,Bihar,Muzaffarpur,IA032,Road Construction (per km),3672912.61,Completed,0.40071040309230493,,0.0,,0.0,,0.0,,0.042964545385092916,,0.0,,0.0,,1,34.1,Medium,0.0,On Track,
W00999,MP025,Bihar,Patna,IA023,School Building Renovation,2295617.75,Completed,0.39973991368720924,,0.0,,0.0,,0.0,,0.06333960872035092,,0.0,,0.0,,1,34.0,Medium,0.0,On Track,
W00792,MP005,Tamil Nadu,Salem,IA006,Street Lighting (per 50 units),951926.66,Completed,0.3994301667799924,,0.0,,0.0,,0.0,,0.02105907988068939,,0.0,,0.0,,1,34.0,Medium,0.0,On Track,
W00917,MP003,Bihar,Patna,IA023,Road Construction (per km),5355987.18,Completed,0.3996295994236862,,0.0,,0.0,,0.0,,0.016470264295852827,,0.0,,0.0,,1,34.0,Medium,0.0,On Track,
W00254,MP006,Bihar,Muzaffarpur,IA032,Community Hall,4077756.38,In Progress,0.3986932597021875,,0.0,,0.0,,1.0,"sanctioned 874 days ago but expected duration was only 240 days (3.6x overdue), still marked 'In Progress' | 100% of sanctioned funds already disbursed, but work is still marked 'In Progress' -- payment has outpaced physical progress",0.0,,0.0,,0.0,,1,33.9,Medium,100.0,Severely Stalled,
W00199,MP005,Tamil Nadu,Salem,IA059,Community Hall,3903434.3,Completed,0.3974094646947297,,0.0,,0.0,,0.0,,0.016801204565464866,,0.0,,0.0,,1,33.8,Medium,0.0,On Track,
W01005,MP003,Bihar,Patna,IA023,Public Toilet Complex,616836.24,Completed,0.3977456701732329,,0.0,,0.0,,0.0,,0.028380084999748978,,0.0,,0.0,,1,33.8,Medium,0.0,On Track,
W00552,MP035,West Bengal,Malda,IA050,Drinking Water Facility,1062360.26,Completed,0.39744181825912733,,0.0,,0.0,,0.0,,0.03946259570604459,,0.0,,0.0,,1,33.8,Medium,0.0,On Track,
W00320,MP026,Maharashtra,Nagpur,IA034,Drinking Water Facility,1742906.65,Completed,0.3962721086881075,,0.0,,0.0,,0.0,,0.012422212704914531,,0.0,,0.0,,1,33.7,Medium,0.0,On Track,
W00898,MP037,Bihar,Muzaffarpur,IA032,Drinking Water Facility,2201314.57,Completed,0.39446530754817144,,0.0,,0.0,,0.0,,0.06727426875418789,,0.0,,0.0,,1,33.5,Medium,0.0,On Track,
W00814,MP023,Tamil Nadu,Coimbatore,IA015,Health Sub-Centre Upgrade,1749412.01,Completed,0.3936396553897528,,0.0,,0.0,,0.0,,0.02043213732702257,,0.0,,0.0,,1,33.5,Medium,0.0,On Track,
W00686,MP010,Bihar,Gaya,IA011,Community Hall,2909673.14,Completed,0.39445329040737653,,0.0,,0.0,,0.0,,0.041445938791765675,,0.0,,0.0,,1,33.5,Medium,0.0,On Track,
W00990,MP022,Uttar Pradesh,Meerut,IA040,Drainage / Sewage Line (per km),1424943.38,In Progress,0.39126770276220907,,0.0,,0.0,,1.0,"sanctioned 997 days ago but expected duration was only 180 days (5.5x overdue), still marked 'In Progress' | 100% of sanctioned funds already disbursed, but work is still marked 'In Progress' -- payment has outpaced physical progress",0.0,,0.0,,0.0,,1,33.3,Medium,100.0,Severely Stalled,
W00317,MP018,Bihar,Gaya,IA042,Public Toilet Complex,1288204.42,Completed,0.3923232715657597,,0.0,,0.0,,0.0,,0.027452129887252943,,0.0,,0.0,,1,33.3,Medium,0.0,On Track,
W00754,MP028,Tamil Nadu,Madurai,IA031,Road Construction (per km),5899206.82,Completed,0.3902483355403992,,0.0,,0.0,,0.0,,0.03558858118038561,,0.0,,0.0,,1,33.2,Medium,0.0,On Track,
W01068,MP023,Tamil Nadu,Coimbatore,IA055,Drainage / Sewage Line (per km),807880.35,Completed,0.38934278287655677,,0.0,,0.0,,0.0,,0.02311741818537387,,0.0,,0.0,,1,33.1,Medium,0.0,On Track,
W00287,MP019,Maharashtra,Nashik,IA038,Road Construction (per km),5723107.69,In Progress,0.38909819472183255,,0.0,,0.0,,1.0,"sanctioned 1156 days ago but expected duration was only 270 days (4.3x overdue), still marked 'In Progress' | 100% of sanctioned funds already disbursed, but work is still marked 'In Progress' -- payment has outpaced physical progress",0.0,,0.0,,0.0,,1,33.1,Medium,100.0,Severely Stalled,
W00298,MP002,West Bengal,Howrah,IA058,Health Sub-Centre Upgrade,2054303.78,Completed,0.38987850118554324,,0.0,,0.0,,0.0,,0.01785816897069292,,0.0,,0.0,,1,33.1,Medium,0.0,On Track,
W00761,MP021,West Bengal,Howrah,IA013,Community Hall,3890326.58,In Progress,0.38958126844184876,,0.0,,0.0,,0.0,,0.0,,0.0,,0.0,,1,33.1,Medium,0.0,On Track,
W01205,MP037,Bihar,Muzaffarpur,IA032,Community Hall,2916819.93,In Progress,0.3896005096818714,,0.0,,0.0,,1.0,"sanctioned 478 days ago but expected duration was only 240 days (2.0x overdue), still marked 'In Progress' | 100% of sanctioned funds already disbursed, but work is still marked 'In Progress' -- payment has outpaced physical progress",0.0,,0.0,,0.0,,1,33.1,Medium,100.0,Severely Stalled,
W00504,MP001,West Bengal,Malda,IA014,Public Toilet Complex,644258.64,Completed,0.3885557630108348,,0.0,,0.0,,0.0,,0.011360966299168801,,0.0,,0.0,,1,33.0,Medium,0.0,On Track,
W00145,MP008,West Bengal,Howrah,IA037,Road Construction (per km),1760391.33,Completed,0.38784926998622926,,0.0,,0.0,,0.0,,0.02859718928393157,,0.0,,0.0,,1,33.0,Medium,0.0,On Track,
W00219,MP007,Maharashtra,Nagpur,IA035,Community Hall,3943580.65,Completed,0.3879211124065595,,0.0,,0.0,,0.0,,0.025509369466581142,,0.0,,0.0,,1,33.0,Medium,0.0,On Track,
W00626,MP030,Bihar,Muzaffarpur,IA032,Community Hall,2922876.39,Completed,0.3854880798563424,,0.0,,0.0,,0.0,,0.021219823880969768,,0.0,,0.0,,1,32.8,Medium,0.0,On Track,
W01044,MP015,West Bengal,Malda,IA030,Drinking Water Facility,2656312.83,Completed,0.3861792677390076,,0.0,,0.0,,0.0,,0.09229704622243841,,0.0,,0.0,,1,32.8,Medium,0.0,On Track,
W00725,MP034,Uttar Pradesh,Gorakhpur,IA026,Drainage / Sewage Line (per km),902958.89,In Progress,0.38424169182634,,0.0,,0.0,,1.0,"sanctioned 847 days ago but expected duration was only 180 days (4.7x overdue), still marked 'In Progress' | 100% of sanctioned funds already disbursed, but work is still marked 'In Progress' -- payment has outpaced physical progress",0.0,,0.0,,0.0,,1,32.7,Medium,100.0,Severely Stalled,
W00099,MP008,West Bengal,Malda,IA021,Public Toilet Complex,680740.14,Completed,0.3830250772471337,,0.0,,0.0,,0.0,,0.02426321641572946,,0.0,,0.0,,1,32.6,Medium,0.0,On Track,
W00539,MP001,West Bengal,Malda,IA002,Drinking Water Facility,2724885.07,Completed,0.3831919536922672,,0.0,,0.0,,0.0,,0.020266864773229986,,0.0,,0.0,,1,32.6,Medium,0.0,On Track,
W00532,MP010,Bihar,Gaya,IA042,Road Construction (per km),4374433.78,Completed,0.3831245428915069,,0.0,,0.0,,0.0,,0.05536751562638358,,0.0,,0.0,,1,32.6,Medium,0.0,On Track,
W00182,MP001,West Bengal,Malda,IA014,Drainage / Sewage Line (per km),646114.77,In Progress,0.3811596633699403,,0.0,,0.0,,1.0,"sanctioned 766 days ago but expected duration was only 180 days (4.3x overdue), still marked 'In Progress' | 100% of sanctioned funds already disbursed, but work is still marked 'In Progress' -- payment has outpaced physical progress",0.0,,0.0,,0.0,,1,32.4,Medium,100.0,Severely Stalled,
W01282,MP022,Uttar Pradesh,Gorakhpur,IA008,School Building Renovation,1360709.28,Completed,0.38175759812939586,,0.0,,0.0,,0.0,,0.021255127984742415,,0.0,,0.0,,1,32.4,Medium,0.0,On Track,
W00675,MP016,West Bengal,Howrah,IA013,Health Sub-Centre Upgrade,2046640.88,Completed,0.38126496468602866,,0.0,,0.0,,0.0,,0.01981992497514359,,0.0,,0.0,,1,32.4,Medium,0.0,On Track,
W01104,MP032,Tamil Nadu,Coimbatore,IA055,Drainage / Sewage Line (per km),3477089.9,Completed,0.37948879945058733,,0.0,,0.0,,0.0,,0.06032959703662428,,0.0,,0.0,,1,32.3,Medium,0.0,On Track,
W00324,MP016,West Bengal,Howrah,IA022,Drinking Water Facility,1644706.13,Completed,0.3787015829774257,,0.0,,0.0,,0.0,,0.04773252672781692,,0.0,,0.0,,1,32.2,Medium,0.0,On Track,
W01318,MP018,Bihar,Gaya,IA025,Drainage / Sewage Line (per km),2207055.94,In Progress,0.3775261880291725,,0.0,,0.0,,0.0,,0.0,,0.0,,0.0,,1,32.1,Medium,0.0,On Track,
W00150,MP020,Tamil Nadu,Salem,IA006,School Building Renovation,1627498.84,In Progress,0.3778854377290184,,0.0,,0.0,,0.0,,0.0,,0.0,,0.0,,1,32.1,Medium,0.0,On Track,
W00310,MP021,West Bengal,Howrah,IA037,Road Construction (per km),5992399.53,In Progress,0.37702418600789933,,0.0,,0.0,,1.0,"sanctioned 866 days ago but expected duration was only 270 days (3.2x overdue), still marked 'In Progress' | 100% of sanctioned funds already disbursed, but work is still marked 'In Progress' -- payment has outpaced physical progress",0.0,,0.0,,0.0,,1,32.0,Medium,100.0,Severely Stalled,
W01190,MP033,Uttar Pradesh,Meerut,IA005,School Building Renovation,1416542.41,Completed,0.3754020970894563,,0.0,,0.0,,0.0,,0.07125886846199192,,0.0,,0.0,,1,31.9,Medium,0.0,On Track,
W00139,MP013,Uttar Pradesh,Gorakhpur,IA052,Drainage / Sewage Line (per km),3366454.03,Completed,0.3750262915484331,,0.0,,0.0,,0.0,,0.07266606029274729,,0.0,,0.0,,1,31.9,Medium,0.0,On Track,
W00523,MP021,West Bengal,Howrah,IA058,Community Hall,3167216.11,In Progress,0.37487560825774807,,0.0,,0.0,,1.0,"sanctioned 903 days ago but expected duration was only 240 days (3.8x overdue), still marked 'In Progress' | 100% of sanctioned funds already disbursed, but work is still marked 'In Progress' -- payment has outpaced physical progress",0.0,,0.0,,0.0,,1,31.9,Medium,100.0,Severely Stalled,
W01397,MP008,West Bengal,Howrah,IA037,Road Construction (per km),8184184.25,Completed,0.37430576092794715,,0.0,,0.0,,0.0,,0.040144010820486346,,0.0,,0.0,,1,31.8,Medium,0.0,On Track,
W00512,MP033,Uttar Pradesh,Meerut,IA040,Public Toilet Complex,907226.33,Completed,0.3723653518556025,,0.0,,0.0,,0.0,,0.0654252841009881,,0.0,,0.0,,1,31.7,Medium,0.0,On Track,
W00746,MP021,West Bengal,Howrah,IA058,Drainage / Sewage Line (per km),3429531.44,Completed,0.37312004518325764,,0.0,,0.0,,0.0,,0.05859889089700846,,0.0,,0.0,,1,31.7,Medium,0.0,On Track,
W01248,MP030,Bihar,Muzaffarpur,IA032,School Building Renovation,1375087.32,Completed,0.37125244904493493,,0.0,,0.0,,0.0,,0.03952229062161992,,0.0,,0.0,,1,31.6,Medium,0.0,On Track,
W00285,MP011,Bihar,Muzaffarpur,IA032,Street Lighting (per 50 units),1926702.24,Completed,0.37176057265245044,,0.0,,0.0,,0.0,,0.01768463213140388,,0.0,,0.0,,1,31.6,Medium,0.0,On Track,
W01071,MP028,Tamil Nadu,Madurai,IA044,Road Construction (per km),1215151.88,Completed,0.3704369847178002,,0.0,,0.0,,0.0,,0.06146875122193368,,0.0,,0.0,,1,31.5,Medium,0.0,On Track,
W00170,MP018,Bihar,Gaya,IA025,Health Sub-Centre Upgrade,1360736.17,Completed,0.3707806162395532,,0.0,,0.0,,0.0,,0.049002222025365694,,0.0,,0.0,,1,31.5,Medium,0.0,On Track,
W00765,MP037,Bihar,Muzaffarpur,IA032,Health Sub-Centre Upgrade,1811581.22,In Progress,0.3702115326230347,,0.0,,0.0,,1.0,"sanctioned 304 days ago but expected duration was only 210 days (1.4x overdue), still marked 'In Progress' | 100% of sanctioned funds already disbursed, but work is still marked 'In Progress' -- payment has outpaced physical progress",0.0,,0.0,,0.0,,1,31.5,Medium,100.0,Severely Stalled,
W00763,MP027,Uttar Pradesh,Sitapur,IA033,Health Sub-Centre Upgrade,1400026.37,Completed,0.3681260357015413,,0.0,,0.0,,0.0,,0.042868339683426994,,0.0,,0.0,,1,31.3,Medium,0.0,On Track,
W00641,MP038,Tamil Nadu,Coimbatore,IA015,Street Lighting (per 50 units),1320286.05,Completed,0.3670344383124546,,0.0,,0.0,,0.0,,0.01706081935800453,,0.0,,0.0,,1,31.2,Medium,0.0,On Track,
W01194,MP035,West Bengal,Malda,IA014,Public Toilet Complex,1042263.57,In Progress,0.36677383409869574,,0.0,,0.0,,1.0,"sanctioned 372 days ago but expected duration was only 120 days (3.1x overdue), still marked 'In Progress' | 100% of sanctioned funds already disbursed, but work is still marked 'In Progress' -- payment has outpaced physical progress",0.0,,0.0,,0.0,,1,31.2,Medium,100.0,Severely Stalled,
W00057,MP015,West Bengal,Malda,IA051,School Building Renovation,1110897.89,Completed,0.3660571543282882,,0.0,,0.0,,0.0,,0.04185155236283259,,0.0,,0.0,,1,31.1,Medium,0.0,On Track,
W00585,MP040,Bihar,Gaya,IA025,Drainage / Sewage Line (per km),4696068.27,Completed,0.36262936509602217,,0.0,,0.0,,0.0,,0.02863512587200029,,0.0,,0.0,,1,30.8,Medium,0.0,On Track,
W01389,MP026,Maharashtra,Nagpur,IA001,Road Construction (per km),6558719.79,Completed,0.36241337544823343,,0.0,,0.0,,0.0,,0.030682355088009275,,0.0,,0.0,,1,30.8,Medium,0.0,On Track,
W00759,MP022,Uttar Pradesh,Meerut,IA047,Community Hall,2967493.11,Completed,0.36098890658257016,,0.0,,0.0,,0.0,,0.022354693081642497,,0.0,,0.0,,1,30.7,Medium,0.0,On Track,
W01363,MP017,Uttar Pradesh,Gorakhpur,IA008,Drainage / Sewage Line (per km),866750.53,In Progress,0.3605732333196132,,0.0,,0.0,,1.0,"sanctioned 942 days ago but expected duration was only 180 days (5.2x overdue), still marked 'In Progress' | 100% of sanctioned funds already disbursed, but work is still marked 'In Progress' -- payment has outpaced physical progress",0.0,,0.0,,0.0,,1,30.6,Medium,100.0,Severely Stalled,
W01355,MP036,Maharashtra,Nashik,IA038,Public Toilet Complex,978238.41,Completed,0.3595802084223973,,0.0,,0.0,,0.0,,0.04541212706923156,,0.0,,0.0,,1,30.6,Medium,0.0,On Track,
W00843,MP003,Bihar,Patna,IA023,School Building Renovation,1228984.96,Completed,0.35956238807192054,,0.0,,0.0,,0.0,,0.02850697098467009,,0.0,,0.0,,1,30.6,Medium,0.0,On Track,
W00931,MP002,West Bengal,Howrah,IA037,Health Sub-Centre Upgrade,2026688.36,Completed,0.3588371946149993,,0.0,,0.0,,0.0,,0.08051743497283005,,0.0,,0.0,,1,30.5,Medium,0.0,On Track,
W00568,MP006,Bihar,Muzaffarpur,IA032,School Building Renovation,1178350.77,In Progress,0.35848191126507967,,0.0,,0.0,,0.0,,0.0,,0.0,,0.0,,1,30.5,Medium,0.0,On Track,
W00845,MP005,Tamil Nadu,Salem,IA006,Road Construction (per km),922906.08,Completed,0.3572075598679856,,0.0,,0.0,,0.0,,0.015200068254375984,,0.0,,0.0,,1,30.4,Medium,0.0,On Track,
W00869,MP020,Tamil Nadu,Coimbatore,IA024,School Building Renovation,1962878.89,Completed,0.3559841997443914,,0.0,,0.0,,0.0,,0.047244445658371874,,0.0,,0.0,,1,30.3,Medium,0.0,On Track,
W01152,MP039,Bihar,Gaya,IA025,Street Lighting (per 50 units),1360790.71,Completed,0.35472856741777054,,0.0,,0.0,,0.0,,0.039975186886555485,,0.0,,0.0,,1,30.2,Medium,0.0,On Track,
W00775,MP032,Tamil Nadu,Madurai,IA031,Community Hall,3145696.27,Completed,0.3535764007297033,,0.0,,0.0,,0.0,,0.017701676922519387,,0.0,,0.0,,1,30.1,Medium,0.0,On Track,
W00875,MP029,Bihar,Patna,IA023,Street Lighting (per 50 units),1873852.66,Completed,0.35362506853406006,,0.0,,0.0,,0.0,,0.03524950905598497,,0.0,,0.0,,1,30.1,Medium,0.0,On Track,
W00653,MP039,Bihar,Gaya,IA011,Public Toilet Complex,1023612.58,Completed,0.35335969960568536,,0.0,,0.0,,0.0,,0.04474025941306381,,0.0,,0.0,,1,30.0,Medium,0.0,On Track,
W00976,MP012,Uttar Pradesh,Varanasi,IA057,Road Construction (per km),2576515.89,Completed,0.35299663815584403,,0.0,,0.0,,0.0,,0.06688387751285109,,0.0,,0.0,,1,30.0,Medium,0.0,On Track,
W00886,MP018,Bihar,Gaya,IA011,Community Hall,4008506.88,Completed,0.351671780289631,,0.0,,0.0,,0.0,,0.0041410513283415785,,0.0,,0.0,,1,29.9,Medium,0.0,On Track,
W00133,MP006,Bihar,Muzaffarpur,IA032,Drainage / Sewage Line (per km),1885186.55,Completed,0.3505547970712454,,0.0,,0.0,,0.0,,0.012190909192662601,,0.0,,0.0,,1,29.8,Medium,0.0,On Track,
W00640,MP009,Bihar,Muzaffarpur,IA032,School Building Renovation,2325441.71,In Progress,0.35073182380614476,,0.0,,0.0,,0.0,,0.0,,0.0,,0.0,,1,29.8,Medium,0.0,On Track,
W00435,MP012,Uttar Pradesh,Gorakhpur,IA046,Street Lighting (per 50 units),728507.02,Completed,0.3491461560328874,,0.0,,0.0,,0.0,,0.0544393797939663,,0.0,,0.0,,1,29.7,Medium,0.0,On Track,
W00330,MP026,Maharashtra,Nagpur,IA035,Drainage / Sewage Line (per km),3387533.98,Completed,0.3480723690223661,,0.0,,0.0,,0.0,,0.053763340303775435,,0.0,,0.0,,1,29.6,Medium,0.0,On Track,
W00200,MP035,West Bengal,Malda,IA002,Road Construction (per km),7108551.39,Completed,0.34829663650040404,,0.0,,0.0,,0.0,,0.005517949205475631,,0.0,,0.0,,1,29.6,Medium,0.0,On Track,
W00019,MP025,Bihar,Patna,IA023,Health Sub-Centre Upgrade,1375295.03,In Progress,0.3468522156584896,,0.0,,0.0,,1.0,"sanctioned 744 days ago but expected duration was only 210 days (3.5x overdue), still marked 'In Progress' | 100% of sanctioned funds already disbursed, but work is still marked 'In Progress' -- payment has outpaced physical progress",0.0,,0.0,,0.0,,1,29.5,Medium,100.0,Severely Stalled,
W01004,MP018,Bihar,Gaya,IA036,Public Toilet Complex,984339.91,Completed,0.34756729638854506,,0.0,,0.0,,0.0,,0.02316810564464966,,0.0,,0.0,,1,29.5,Medium,0.0,On Track,
W00927,MP001,West Bengal,Malda,IA019,Public Toilet Complex,1004235.31,Completed,0.34533603362453835,,0.0,,0.0,,0.0,,0.10212471150517023,,0.0,,0.0,,1,29.4,Medium,0.0,On Track,
W00352,MP018,Bihar,Gaya,IA049,Community Hall,2980405.02,In Progress,0.3464252520932889,,0.0,,0.0,,1.0,"100% of sanctioned funds already disbursed, but work is still marked 'In Progress' -- payment has outpaced physical progress",0.0,,0.0,,0.0,,1,29.4,Medium,100.0,Severely Stalled,
W01223,MP009,Bihar,Gaya,IA042,Road Construction (per km),1883159.39,Completed,0.343956726240284,,0.0,,0.0,,0.0,,0.04723844154911911,,0.0,,0.0,,1,29.2,Medium,0.0,On Track,
W01063,MP029,Bihar,Patna,IA023,Street Lighting (per 50 units),735209.82,Completed,0.34311957417824157,,0.0,,0.0,,0.0,,0.044894512195019554,,0.0,,0.0,,1,29.2,Medium,0.0,On Track,
W01055,MP039,Bihar,Muzaffarpur,IA032,Drainage / Sewage Line (per km),2339863.98,In Progress,0.342716188011645,,0.0,,0.0,,1.0,"sanctioned 879 days ago but expected duration was only 180 days (4.9x overdue), still marked 'In Progress' | 100% of sanctioned funds already disbursed, but work is still marked 'In Progress' -- payment has outpaced physical progress",0.0,,0.0,,0.0,,1,29.1,Medium,100.0,Severely Stalled,
W00620,MP004,Bihar,Muzaffarpur,IA032,School Building Renovation,1651685.9,Completed,0.34190603126278646,,0.0,,0.0,,0.0,,0.014062089459345227,,0.0,,0.0,,1,29.1,Medium,0.0,On Track,
W00251,MP025,Bihar,Patna,IA023,Drinking Water Facility,1571803.02,In Progress,0.3424512323356228,,0.0,,0.0,,1.0,"sanctioned 581 days ago but expected duration was only 150 days (3.9x overdue), still marked 'In Progress' | 100% of sanctioned funds already disbursed, but work is still marked 'In Progress' -- payment has outpaced physical progress",0.0,,0.0,,0.0,,1,29.1,Medium,100.0,Severely Stalled,
W00668,MP019,Maharashtra,Nashik,IA027,Public Toilet Complex,1162849.63,In Progress,0.3414048907813641,,0.0,,0.0,,1.0,"sanctioned 790 days ago but expected duration was only 120 days (6.6x overdue), still marked 'In Progress' | 100% of sanctioned funds already disbursed, but work is still marked 'In Progress' -- payment has outpaced physical progress",0.0,,0.0,,0.0,,1,29.0,Medium,100.0,Severely Stalled,
W01157,MP040,Bihar,Muzaffarpur,IA032,Community Hall,3990939.15,Completed,0.33974302044991594,,0.0,,0.0,,0.0,,0.04513134517007519,,0.0,,0.0,,1,28.9,Medium,0.0,On Track,
W00295,MP019,Maharashtra,Nashik,IA048,Health Sub-Centre Upgrade,1798014.04,In Progress,0.33959110839662854,,0.0,,0.0,,1.0,"100% of sanctioned funds already disbursed, but work is still marked 'In Progress' -- payment has outpaced physical progress",0.0,,0.0,,0.0,,1,28.9,Medium,100.0,Severely Stalled,
W01041,MP018,Bihar,Gaya,IA011,Public Toilet Complex,628194.02,Completed,0.3388657268618944,,0.0,,0.0,,0.0,,0.015095077572088363,,0.0,,0.0,,1,28.8,Medium,0.0,On Track,
W00034,MP033,Uttar Pradesh,Meerut,IA040,Community Hall,2997133.43,In Progress,0.3386201774109876,,0.0,,0.0,,1.0,"sanctioned 433 days ago but expected duration was only 240 days (1.8x overdue), still marked 'In Progress' | 100% of sanctioned funds already disbursed, but work is still marked 'In Progress' -- payment has outpaced physical progress",0.0,,0.0,,0.0,,1,28.8,Medium,100.0,Severely Stalled,
W00128,MP028,Tamil Nadu,Madurai,IA044,Community Hall,3160737.37,Completed,0.3386693311974594,,0.0,,0.0,,0.0,,0.0365262001472533,,0.0,,0.0,,1,28.8,Medium,0.0,On Track,
W01239,MP040,Bihar,Gaya,IA042,Public Toilet Complex,1141270.4,Completed,0.33847473534207334,,0.0,,0.0,,0.0,,0.028329599791185687,,0.0,,0.0,,1,28.8,Medium,0.0,On Track,
W00165,MP003,Bihar,Gaya,IA042,Street Lighting (per 50 units),1139429.64,Completed,0.33903916938866424,,0.0,,0.0,,0.0,,0.06961040549194228,,0.0,,0.0,,1,28.8,Medium,0.0,On Track,
W00945,MP040,Bihar,Gaya,IA049,Public Toilet Complex,722035.13,Completed,0.3381329384649741,,0.0,,0.0,,0.0,,0.04157851718859033,,0.0,,0.0,,1,28.7,Medium,0.0,On Track,
W00753,MP002,West Bengal,Howrah,IA058,Drinking Water Facility,2402935.6,Completed,0.33663789439898034,,0.0,,0.0,,0.0,,0.07621860236457782,,0.0,,0.0,,1,28.6,Medium,0.0,On Track,
W00211,MP007,Maharashtra,Nagpur,IA034,Community Hall,3877545.0,Completed,0.33640422563355316,,0.0,,0.0,,0.0,,0.07172567555337338,,0.0,,0.0,,1,28.6,Medium,0.0,On Track,
W00672,MP018,Bihar,Gaya,IA011,Health Sub-Centre Upgrade,1790638.46,Completed,0.33579079153801344,,0.0,,0.0,,0.0,,0.04260758632015919,,0.0,,0.0,,1,28.5,Medium,0.0,On Track,
W00622,MP020,Tamil Nadu,Coimbatore,IA024,School Building Renovation,1407406.29,Completed,0.3357121147740847,,0.0,,0.0,,0.0,,0.045328023585757944,,0.0,,0.0,,1,28.5,Medium,0.0,On Track,
W01099,MP005,Tamil Nadu,Salem,IA059,Road Construction (per km),1559726.87,Completed,0.3342214276630157,,0.0,,0.0,,0.0,,0.02791670489558686,,0.0,,0.0,,1,28.4,Medium,0.0,On Track,
W00454,MP039,Bihar,Gaya,IA025,Road Construction (per km),6090643.71,In Progress,0.3336642428219974,,0.0,,0.0,,1.0,"sanctioned 1016 days ago but expected duration was only 270 days (3.8x overdue), still marked 'In Progress' | 100% of sanctioned funds already disbursed, but work is still marked 'In Progress' -- payment has outpaced physical progress",0.0,,0.0,,0.0,,1,28.4,Medium,100.0,Severely Stalled,
W00592,MP024,Maharashtra,Nagpur,IA035,Community Hall,3018793.62,Completed,0.333539927405343,,0.0,,0.0,,0.0,,0.027545087372788185,,0.0,,0.0,,1,28.4,Medium,0.0,On Track,
W00484,MP036,Maharashtra,Nashik,IA038,Health Sub-Centre Upgrade,1349982.25,Completed,0.3344513725980898,,0.0,,0.0,,0.0,,0.0701094951736959,,0.0,,0.0,,1,28.4,Medium,0.0,On Track,
W00430,MP028,Tamil Nadu,Madurai,IA031,School Building Renovation,1633974.06,In Progress,0.33259458093351846,,0.0,,0.0,,1.0,"100% of sanctioned funds already disbursed, but work is still marked 'In Progress' -- payment has outpaced physical progress",0.0,,0.0,,0.0,,1,28.3,Medium,100.0,Severely Stalled,
W00052,MP039,Bihar,Gaya,IA036,Drinking Water Facility,1648873.07,Completed,0.3333359156429459,,0.0,,0.0,,0.0,,0.0559399732216957,,0.0,,0.0,,1,28.3,Medium,0.0,On Track,
W01383,MP032,Tamil Nadu,Coimbatore,IA024,Public Toilet Complex,684716.99,Completed,0.33131788068203666,,0.0,,0.0,,0.0,,0.020352313090383094,,0.0,,0.0,,1,28.2,Medium,0.0,On Track,
W01017,MP020,Tamil Nadu,Coimbatore,IA055,Road Construction (per km),3176631.52,Completed,0.33155908705649717,,0.0,,0.0,,0.0,,0.08850622691082181,,0.0,,0.0,,1,28.2,Medium,0.0,On Track,
W01092,MP033,Uttar Pradesh,Meerut,IA047,School Building Renovation,1280742.93,In Progress,0.3317065113241584,,0.0,,0.0,,1.0,"sanctioned 1229 days ago but expected duration was only 200 days (6.1x overdue), still marked 'In Progress' | 100% of sanctioned funds already disbursed, but work is still marked 'In Progress' -- payment has outpaced physical progress",0.0,,0.0,,0.0,,1,28.2,Medium,100.0,Severely Stalled,
W00183,MP032,Tamil Nadu,Coimbatore,IA015,School Building Renovation,1623862.73,Completed,0.33142855945268596,,0.0,,0.0,,0.0,,0.03187651363881847,,0.0,,0.0,,1,28.2,Medium,0.0,On Track,
W00576,MP031,Uttar Pradesh,Gorakhpur,IA053,Street Lighting (per 50 units),2048248.5,Completed,0.3322177947953423,,0.0,,0.0,,0.0,,0.054584806832351486,,0.0,,0.0,,1,28.2,Medium,0.0,On Track,
W01379,MP011,Bihar,Muzaffarpur,IA032,Street Lighting (per 50 units),1860769.67,Completed,0.33163789806604765,,0.0,,0.0,,0.0,,0.07388327519781598,,0.0,,0.0,,1,28.2,Medium,0.0,On Track,
W01295,MP017,Uttar Pradesh,Gorakhpur,IA046,Drinking Water Facility,1936664.98,In Progress,0.3303439557510532,,0.0,,0.0,,1.0,"sanctioned 472 days ago but expected duration was only 150 days (3.1x overdue), still marked 'In Progress' | 100% of sanctioned funds already disbursed, but work is still marked 'In Progress' -- payment has outpaced physical progress",0.0,,0.0,,0.0,,1,28.1,Medium,100.0,Severely Stalled,
W00172,MP009,Bihar,Muzaffarpur,IA032,School Building Renovation,1370191.37,Completed,0.329513238979228,,0.0,,0.0,,0.0,,0.024111441339180462,,0.0,,0.0,,1,28.0,Medium,0.0,On Track,
W00507,MP003,Bihar,Patna,IA023,Drainage / Sewage Line (per km),1183751.67,In Progress,0.32901347588138025,,0.0,,0.0,,0.0,,0.0,,0.0,,0.0,,1,28.0,Medium,0.0,On Track,
W00808,MP022,Uttar Pradesh,Meerut,IA018,School Building Renovation,2172609.75,Completed,0.32795492693860906,,0.0,,0.0,,0.0,,0.020073914712202143,,0.0,,0.0,,1,27.9,Medium,0.0,On Track,
W00239,MP029,Bihar,Patna,IA023,Health Sub-Centre Upgrade,1386642.58,Completed,0.32820180470504634,,0.0,,0.0,,0.0,,0.09187382708657886,,0.0,,0.0,,1,27.9,Medium,0.0,On Track,
W00264,MP025,Bihar,Patna,IA023,Road Construction (per km),2525218.87,Completed,0.3282341115278235,,0.0,,0.0,,0.0,,0.03359548278654802,,0.0,,0.0,,1,27.9,Medium,0.0,On Track,
W00963,MP015,West Bengal,Malda,IA021,Health Sub-Centre Upgrade,1416918.67,Completed,0.32657870290586516,,0.0,,0.0,,0.0,,0.03936014230555284,,0.0,,0.0,,1,27.8,Medium,0.0,On Track,
W00055,MP029,Bihar,Patna,IA023,Community Hall,3009786.29,Completed,0.3264749162436472,,0.0,,0.0,,0.0,,0.07910002908701065,,0.0,,0.0,,1,27.8,Medium,0.0,On Track,
W01330,MP006,Bihar,Muzaffarpur,IA032,Road Construction (per km),6915063.7,Completed,0.32699777891225895,,0.0,,0.0,,0.0,,0.032598634146801427,,0.0,,0.0,,1,27.8,Medium,0.0,On Track,
W00431,MP012,Uttar Pradesh,Varanasi,IA057,Street Lighting (per 50 units),532794.2,Completed,0.32590668653346094,,0.0,,0.0,,0.0,,0.047111057630139876,,0.0,,0.0,,1,27.7,Medium,0.0,On Track,
W00441,MP015,West Bengal,Malda,IA050,Health Sub-Centre Upgrade,1418081.54,Completed,0.3252715707249426,,0.0,,0.0,,0.0,,0.023417211761392633,,0.0,,0.0,,1,27.6,Medium,0.0,On Track,
W00079,MP037,Bihar,Muzaffarpur,IA032,Drinking Water Facility,2874568.96,Completed,0.32329262629551997,,0.0,,0.0,,0.0,,0.04430014383789318,,0.0,,0.0,,1,27.5,Medium,0.0,On Track,
W00185,MP027,Uttar Pradesh,Meerut,IA005,Drainage / Sewage Line (per km),2262174.24,Completed,0.3239777659745025,,0.0,,0.0,,0.0,,0.02715331729367158,,0.0,,0.0,,1,27.5,Medium,0.0,On Track,
W00344,MP010,Bihar,Gaya,IA011,Street Lighting (per 50 units),2054341.89,Completed,0.32342163581204897,,0.0,,0.0,,0.0,,0.02163215276993286,,0.0,,0.0,,1,27.5,Medium,0.0,On Track,
W00838,MP039,Bihar,Gaya,IA049,Road Construction (per km),3697825.93,In Progress,0.32189814963839625,,0.0,,0.0,,1.0,"sanctioned 764 days ago but expected duration was only 270 days (2.8x overdue), still marked 'In Progress' | 100% of sanctioned funds already disbursed, but work is still marked 'In Progress' -- payment has outpaced physical progress",0.0,,0.0,,0.0,,1,27.4,Medium,100.0,Severely Stalled,
W01081,MP022,Uttar Pradesh,Meerut,IA040,Health Sub-Centre Upgrade,1837541.93,Completed,0.3229038376451126,,0.0,,0.0,,0.0,,0.01679000517331634,,0.0,,0.0,,1,27.4,Medium,0.0,On Track,
W00343,MP026,Maharashtra,Nagpur,IA035,Public Toilet Complex,1135597.67,Completed,0.32259028407528173,,0.0,,0.0,,0.0,,0.05945528167906078,,0.0,,0.0,,1,27.4,Medium,0.0,On Track,
W01281,MP021,West Bengal,Howrah,IA022,Public Toilet Complex,854841.1,Completed,0.3226415847495378,,0.0,,0.0,,0.0,,0.04270477794623335,,0.0,,0.0,,1,27.4,Medium,0.0,On Track,
W01375,MP021,West Bengal,Howrah,IA056,Health Sub-Centre Upgrade,1994703.13,In Progress,0.3228839724601535,,0.0,,0.0,,0.0,,0.0,,0.0,,0.0,,1,27.4,Medium,0.0,On Track,
W00546,MP007,Maharashtra,Nagpur,IA001,Health Sub-Centre Upgrade,1358501.59,Completed,0.3216344314831801,,0.0,,0.0,,0.0,,0.019049491742680693,,0.0,,0.0,,1,27.3,Medium,0.0,On Track,
W00884,MP013,Uttar Pradesh,Gorakhpur,IA004,School Building Renovation,1984550.67,In Progress,0.32079114109861073,,0.0,,0.0,,0.0,,0.0,,0.0,,0.0,,1,27.3,Medium,0.0,On Track,
W01212,MP011,Bihar,Patna,IA023,Drinking Water Facility,1248045.66,Completed,0.32163659128826977,,0.0,,0.0,,0.0,,0.033358922371618645,,0.0,,0.0,,1,27.3,Medium,0.0,On Track,
W00167,MP010,Bihar,Gaya,IA042,Drinking Water Facility,1429915.53,Completed,0.32116905989810185,,0.0,,0.0,,0.0,,0.06220931284099326,,0.0,,0.0,,1,27.3,Medium,0.0,On Track,
W01230,MP008,West Bengal,Howrah,IA056,Health Sub-Centre Upgrade,1424223.8,In Progress,0.3183673202845731,,0.0,,0.0,,0.0,,0.0,,0.0,,0.0,,1,27.1,Medium,0.0,On Track,
W00220,MP004,Bihar,Muzaffarpur,IA032,Public Toilet Complex,1131260.57,Completed,0.31707887824916453,,0.0,,0.0,,0.0,,0.06224605812654787,,0.0,,0.0,,1,27.0,Medium,0.0,On Track,
W00463,MP017,Uttar Pradesh,Gorakhpur,IA054,Public Toilet Complex,752746.27,Completed,0.3164757060993281,,0.0,,0.0,,0.0,,0.035056455811969825,,0.0,,0.0,,1,26.9,Medium,0.0,On Track,
W00488,MP008,West Bengal,Howrah,IA022,Drainage / Sewage Line (per km),3737979.56,Completed,0.31636931963333936,,0.0,,0.0,,0.0,,0.06561118154943792,,0.0,,0.0,,1,26.9,Medium,0.0,On Track,
W00716,MP020,Tamil Nadu,Coimbatore,IA024,Road Construction (per km),1808285.13,Completed,0.31628309203009597,,0.0,,0.0,,0.0,,0.028544687869974373,,0.0,,0.0,,1,26.9,Medium,0.0,On Track,
W00841,MP004,Bihar,Muzaffarpur,IA032,Community Hall,3026066.89,Completed,0.3154201375416483,,0.0,,0.0,,0.0,,0.038895574741565214,,0.0,,0.0,,1,26.8,Medium,0.0,On Track,
W00821,MP021,West Bengal,Howrah,IA045,Health Sub-Centre Upgrade,1427752.21,Completed,0.3144011862726127,,0.0,,0.0,,0.0,,0.08614827743594589,,0.0,,0.0,,1,26.7,Medium,0.0,On Track,
W00033,MP008,West Bengal,Howrah,IA037,Drainage / Sewage Line (per km),1204165.14,Completed,0.31467405746005667,,0.0,,0.0,,0.0,,0.043285207919104764,,0.0,,0.0,,1,26.7,Medium,0.0,On Track,
W01089,MP037,Bihar,Muzaffarpur,IA032,Road Construction (per km),5272558.92,Completed,0.31351920637049074,,0.0,,0.0,,0.0,,0.07911790753428845,,0.0,,0.0,,1,26.6,Medium,0.0,On Track,
W00472,MP031,Uttar Pradesh,Gorakhpur,IA008,Street Lighting (per 50 units),801404.34,Completed,0.31286677972428295,,0.0,,0.0,,0.0,,0.028550011507752302,,0.0,,0.0,,1,26.6,Medium,0.0,On Track,
W00536,MP026,Maharashtra,Nagpur,IA001,Street Lighting (per 50 units),1008671.14,Completed,0.31258759092945493,,0.0,,0.0,,0.0,,0.06197251635390969,,0.0,,0.0,,1,26.6,Medium,0.0,On Track,
W00406,MP012,Uttar Pradesh,Varanasi,IA057,School Building Renovation,2451752.36,Completed,0.3117535126350522,,0.0,,0.0,,0.0,,0.024649247768243402,,0.0,,0.0,,1,26.5,Medium,0.0,On Track,
W00603,MP030,Bihar,Muzaffarpur,IA032,Community Hall,3032075.82,Completed,0.31133998131977697,,0.0,,0.0,,0.0,,0.042560885486379964,,0.0,,0.0,,1,26.5,Medium,0.0,On Track,
W01323,MP013,Uttar Pradesh,Gorakhpur,IA053,Drinking Water Facility,1366639.68,Completed,0.31132503626436087,,0.0,,0.0,,0.0,,0.026140483125471747,,0.0,,0.0,,1,26.5,Medium,0.0,On Track,
W00537,MP008,West Bengal,Howrah,IA045,Road Construction (per km),6459340.66,In Progress,0.3111808612318631,,0.0,,0.0,,1.0,"sanctioned 718 days ago but expected duration was only 270 days (2.7x overdue), still marked 'In Progress' | 100% of sanctioned funds already disbursed, but work is still marked 'In Progress' -- payment has outpaced physical progress",0.0,,0.0,,0.0,,1,26.5,Medium,100.0,Severely Stalled,
W00708,MP025,Bihar,Patna,IA023,Road Construction (per km),7831077.54,In Progress,0.31132034466155906,,0.0,,0.0,,0.0,,0.0,,0.0,,0.0,,1,26.5,Medium,0.0,On Track,
W00452,MP029,Bihar,Patna,IA023,Drinking Water Facility,1300004.54,Completed,0.31152273972800776,,0.0,,0.0,,0.0,,0.05400899036428298,,0.0,,0.0,,1,26.5,Medium,0.0,On Track,
W00332,MP020,Tamil Nadu,Madurai,IA031,Drinking Water Facility,2321954.62,Completed,0.31003478778946086,,0.0,,0.0,,0.0,,0.06576389456303157,,0.0,,0.0,,1,26.4,Medium,0.0,On Track,
W01278,MP015,West Bengal,Malda,IA014,School Building Renovation,1368873.41,Completed,0.3110144795276798,,0.0,,0.0,,0.0,,0.08696922679241721,,0.0,,0.0,,1,26.4,Medium,0.0,On Track,
W00371,MP011,Bihar,Muzaffarpur,IA032,Public Toilet Complex,892064.54,Completed,0.31075500640978876,,0.0,,0.0,,0.0,,0.00965414483413656,,0.0,,0.0,,1,26.4,Medium,0.0,On Track,
W01022,MP001,West Bengal,Malda,IA030,Drainage / Sewage Line (per km),1900129.46,In Progress,0.3108241701053639,,0.0,,0.0,,1.0,"sanctioned 881 days ago but expected duration was only 180 days (4.9x overdue), still marked 'In Progress' | 100% of sanctioned funds already disbursed, but work is still marked 'In Progress' -- payment has outpaced physical progress",0.0,,0.0,,0.0,,1,26.4,Medium,100.0,Severely Stalled,
W01176,MP027,Uttar Pradesh,Gorakhpur,IA052,Drainage / Sewage Line (per km),650884.25,In Progress,0.30954319081815124,,0.0,,0.0,,1.0,"sanctioned 725 days ago but expected duration was only 180 days (4.0x overdue), still marked 'In Progress' | 100% of sanctioned funds already disbursed, but work is still marked 'In Progress' -- payment has outpaced physical progress",0.0,,0.0,,0.0,,1,26.3,Medium,100.0,Severely Stalled,
W00478,MP030,Bihar,Muzaffarpur,IA032,Public Toilet Complex,700249.59,In Progress,0.30924731952322354,,0.0,,0.0,,1.0,"sanctioned 237 days ago but expected duration was only 120 days (2.0x overdue), still marked 'In Progress' | 100% of sanctioned funds already disbursed, but work is still marked 'In Progress' -- payment has outpaced physical progress",0.0,,0.0,,0.0,,1,26.3,Medium,100.0,Severely Stalled,
W01306,MP035,West Bengal,Malda,IA050,Health Sub-Centre Upgrade,1982810.19,Completed,0.30951562982531095,,0.0,,0.0,,0.0,,0.0644922002453736,,0.0,,0.0,,1,26.3,Medium,0.0,On Track,
W00046,MP003,Bihar,Patna,IA023,Drainage / Sewage Line (per km),714491.11,In Progress,0.3081792818098095,,0.0,,0.0,,1.0,"100% of sanctioned funds already disbursed, but work is still marked 'In Progress' -- payment has outpaced physical progress",0.0,,0.0,,0.0,,1,26.2,Medium,100.0,Severely Stalled,
W00072,MP008,West Bengal,Howrah,IA056,Drinking Water Facility,1110309.99,Completed,0.30702631832979566,,0.0,,0.0,,0.0,,0.05853257799157947,,0.0,,0.0,,1,26.1,Medium,0.0,On Track,
W00722,MP011,Bihar,Muzaffarpur,IA032,Drinking Water Facility,1989664.62,In Progress,0.30603339667405144,,0.0,,0.0,,1.0,"sanctioned 455 days ago but expected duration was only 150 days (3.0x overdue), still marked 'In Progress' | 100% of sanctioned funds already disbursed, but work is still marked 'In Progress' -- payment has outpaced physical progress",0.0,,0.0,,0.0,,1,26.0,Medium,100.0,Severely Stalled,
W01137,MP037,Bihar,Muzaffarpur,IA032,Health Sub-Centre Upgrade,1772122.01,Completed,0.30535784328937093,,0.0,,0.0,,0.0,,0.008022433709452369,,0.0,,0.0,,1,26.0,Medium,0.0,On Track,
W00555,MP026,Maharashtra,Nagpur,IA035,School Building Renovation,1951067.64,In Progress,0.304655929508512,,0.0,,0.0,,0.0,,0.0,,0.0,,0.0,,1,25.9,Medium,0.0,On Track,
W00461,MP040,Bihar,Gaya,IA025,Health Sub-Centre Upgrade,1401157.19,In Progress,0.3043461317775022,,0.0,,0.0,,1.0,"sanctioned 343 days ago but expected duration was only 210 days (1.6x overdue), still marked 'In Progress' | 100% of sanctioned funds already disbursed, but work is still marked 'In Progress' -- payment has outpaced physical progress",0.0,,0.0,,0.0,,1,25.9,Medium,100.0,Severely Stalled,
W00717,MP038,Tamil Nadu,Coimbatore,IA015,Health Sub-Centre Upgrade,1467222.39,Completed,0.3050556260569939,,0.0,,0.0,,0.0,,0.0998403499693743,,0.0,,0.0,,1,25.9,Medium,0.0,On Track,
W01283,MP013,Uttar Pradesh,Gorakhpur,IA004,Street Lighting (per 50 units),1488138.96,Completed,0.30374815258299265,,0.0,,0.0,,0.0,,0.03974068119792575,,0.0,,0.0,,1,25.8,Medium,0.0,On Track,
W01193,MP007,Maharashtra,Nagpur,IA016,Drainage / Sewage Line (per km),1322327.37,Completed,0.30328281148095054,,0.0,,0.0,,0.0,,0.09214374688160792,,0.0,,0.0,,1,25.8,Medium,0.0,On Track,
W01033,MP037,Bihar,Muzaffarpur,IA032,Street Lighting (per 50 units),667400.14,In Progress,0.3038787734346949,,0.0,,0.0,,1.0,"sanctioned 205 days ago but expected duration was only 90 days (2.3x overdue), still marked 'In Progress' | 100% of sanctioned funds already disbursed, but work is still marked 'In Progress' -- payment has outpaced physical progress",0.0,,0.0,,0.0,,1,25.8,Medium,100.0,Severely Stalled,
W00440,MP039,Bihar,Gaya,IA025,Public Toilet Complex,496287.58,Completed,0.30287601044382123,,0.0,,0.0,,0.0,,0.02507261352700085,,0.0,,0.0,,1,25.7,Medium,0.0,On Track,
W00907,MP008,West Bengal,Howrah,IA009,Community Hall,3807617.14,Completed,0.3021426227588833,,0.0,,0.0,,0.0,,0.004324527835268537,,0.0,,0.0,,1,25.7,Medium,0.0,On Track,
W00288,MP018,Bihar,Patna,IA023,Drinking Water Facility,2264678.26,Completed,0.30143023320893436,,0.0,,0.0,,0.0,,0.04612818997182371,,0.0,,0.0,,1,25.6,Medium,0.0,On Track,
W01232,MP013,Uttar Pradesh,Gorakhpur,IA008,Road Construction (per km),6279028.47,Completed,0.2992621173024987,,0.0,,0.0,,0.0,,0.0860053115804653,,0.0,,0.0,,0,25.4,Medium,0.0,On Track,
W01174,MP028,Tamil Nadu,Madurai,IA044,Street Lighting (per 50 units),2156612.11,Completed,0.2986590075456011,,0.0,,0.0,,0.0,,0.05605102315388826,,0.0,,0.0,,0,25.4,Medium,0.0,On Track,
W00098,MP032,Tamil Nadu,Coimbatore,IA015,School Building Renovation,1766689.4,Completed,0.29905459211319496,,0.0,,0.0,,0.0,,0.03249272488361051,,0.0,,0.0,,0,25.4,Medium,0.0,On Track,
W00892,MP014,Maharashtra,Pune,IA003,School Building Renovation,1163358.08,Completed,0.29715193528214245,,0.0,,0.0,,0.0,,0.029084292791485097,,0.0,,0.0,,0,25.3,Medium,0.0,On Track,
W01272,MP020,Tamil Nadu,Coimbatore,IA015,Community Hall,3802462.67,In Progress,0.2973375876914525,,0.0,,0.0,,1.0,"sanctioned 1178 days ago but expected duration was only 240 days (4.9x overdue), still marked 'In Progress' | 100% of sanctioned funds already disbursed, but work is still marked 'In Progress' -- payment has outpaced physical progress",0.0,,0.0,,0.0,,0,25.3,Medium,100.0,Severely Stalled,
W01132,MP012,Uttar Pradesh,Meerut,IA005,Health Sub-Centre Upgrade,1444612.66,In Progress,0.2977046355307746,,0.0,,0.0,,1.0,"100% of sanctioned funds already disbursed, but work is still marked 'In Progress' -- payment has outpaced physical progress",0.0,,0.0,,0.0,,0,25.3,Medium,100.0,Severely Stalled,
W00149,MP037,Bihar,Muzaffarpur,IA032,School Building Renovation,1285127.57,Completed,0.2962362508513754,,0.0,,0.0,,0.0,,0.033721194303172976,,0.0,,0.0,,0,25.2,Medium,0.0,On Track,
W00711,MP002,West Bengal,Howrah,IA020,Street Lighting (per 50 units),1634167.29,Completed,0.2970177454075699,,0.0,,0.0,,0.0,,0.011234425575637877,,0.0,,0.0,,0,25.2,Medium,0.0,On Track,
W01011,MP019,Maharashtra,Nashik,IA027,Street Lighting (per 50 units),1810617.3,Completed,0.29694745140059503,,0.0,,0.0,,0.0,,0.028001167891993764,,0.0,,0.0,,0,25.2,Medium,0.0,On Track,
W00599,MP031,Uttar Pradesh,Gorakhpur,IA060,Street Lighting (per 50 units),1300239.5,Completed,0.29612116291838125,,0.0,,0.0,,0.0,,0.036604507807497765,,0.0,,0.0,,0,25.2,Medium,0.0,On Track,
W00117,MP016,West Bengal,Howrah,IA020,Health Sub-Centre Upgrade,1443528.79,Completed,0.29666741085240483,,0.0,,0.0,,0.0,,0.06432119835607998,,0.0,,0.0,,0,25.2,Medium,0.0,On Track,
W00356,MP010,Bihar,Gaya,IA049,Drinking Water Facility,1103675.2,Completed,0.2952035022682443,,0.0,,0.0,,0.0,,0.051710811423805736,,0.0,,0.0,,0,25.1,Medium,0.0,On Track,
W01394,MP017,Uttar Pradesh,Gorakhpur,IA053,Health Sub-Centre Upgrade,1446338.26,Completed,0.29497915269435376,,0.0,,0.0,,0.0,,0.07348236290685825,,0.0,,0.0,,0,25.1,Medium,0.0,On Track,
W00498,MP026,Maharashtra,Nagpur,IA001,Drinking Water Facility,885399.07,Completed,0.2949299235597393,,0.0,,0.0,,0.0,,0.05492531532379342,,0.0,,0.0,,0,25.1,Medium,0.0,On Track,
W00790,MP008,West Bengal,Howrah,IA022,School Building Renovation,2178152.02,In Progress,0.2947249332228171,,0.0,,0.0,,0.0,,0.0,,0.0,,0.0,,0,25.1,Medium,0.0,On Track,
W01047,MP040,Bihar,Gaya,IA036,Drainage / Sewage Line (per km),970042.06,Completed,0.293590615840941,,0.0,,0.0,,0.0,,0.044884940224131496,,0.0,,0.0,,0,25.0,Medium,0.0,On Track,
W00714,MP002,West Bengal,Howrah,IA020,Road Construction (per km),7011685.75,In Progress,0.294496443085794,,0.0,,0.0,,1.0,"sanctioned 629 days ago but expected duration was only 270 days (2.3x overdue), still marked 'In Progress' | 100% of sanctioned funds already disbursed, but work is still marked 'In Progress' -- payment has outpaced physical progress",0.0,,0.0,,0.0,,0,25.0,Medium,100.0,Severely Stalled,
W00204,MP005,Tamil Nadu,Madurai,IA044,Road Construction (per km),7627719.89,Completed,0.29335908467660377,,0.0,,0.0,,0.0,,0.05671735711637235,,0.0,,0.0,,0,24.9,Low,0.0,On Track,
W00712,MP022,Uttar Pradesh,Meerut,IA047,Community Hall,3059694.12,Completed,0.2914073561122527,,0.0,,0.0,,0.0,,0.02593578904724596,,0.0,,0.0,,0,24.8,Low,0.0,On Track,
W00540,MP023,Tamil Nadu,Coimbatore,IA024,Drainage / Sewage Line (per km),3065464.72,Completed,0.2907272586038637,,0.0,,0.0,,0.0,,0.027627661878067245,,0.0,,0.0,,0,24.7,Low,0.0,On Track,
W00646,MP035,West Bengal,Malda,IA002,Health Sub-Centre Upgrade,1964857.35,Completed,0.28933561408584646,,0.0,,0.0,,0.0,,0.08926242744295061,,0.0,,0.0,,0,24.6,Low,0.0,On Track,
W01225,MP019,Maharashtra,Nashik,IA048,Street Lighting (per 50 units),919033.78,In Progress,0.2898548984108643,,0.0,,0.0,,1.0,"sanctioned 197 days ago but expected duration was only 90 days (2.2x overdue), still marked 'In Progress' | 100% of sanctioned funds already disbursed, but work is still marked 'In Progress' -- payment has outpaced physical progress",0.0,,0.0,,0.0,,0,24.6,Low,100.0,Severely Stalled,
W00008,MP037,Bihar,Muzaffarpur,IA032,Health Sub-Centre Upgrade,1762485.3,Completed,0.2895193053019503,,0.0,,0.0,,0.0,,0.10221796516260938,,0.0,,0.0,,0,24.6,Low,0.0,On Track,
W00848,MP006,Bihar,Muzaffarpur,IA032,School Building Renovation,1535561.12,In Progress,0.2895456084777355,,0.0,,0.0,,1.0,"100% of sanctioned funds already disbursed, but work is still marked 'In Progress' -- payment has outpaced physical progress",0.0,,0.0,,0.0,,0,24.6,Low,100.0,Severely Stalled,
W00692,MP001,West Bengal,Malda,IA021,Public Toilet Complex,419216.75,Completed,0.28940146302891395,,0.0,,0.0,,0.0,,0.0375124295315457,,0.0,,0.0,,0,24.6,Low,0.0,On Track,
W01143,MP022,Uttar Pradesh,Meerut,IA018,Road Construction (per km),7134185.08,Completed,0.28956006343488433,,0.0,,0.0,,0.0,,0.03594744493769657,,0.0,,0.0,,0,24.6,Low,0.0,On Track,
W01147,MP015,West Bengal,Malda,IA041,Road Construction (per km),9078312.34,Completed,0.28791556904118176,,0.0,,0.0,,0.0,,0.04077721717119265,,0.0,,0.0,,0,24.5,Low,0.0,On Track,
W00682,MP022,Uttar Pradesh,Meerut,IA047,Street Lighting (per 50 units),807369.83,Completed,0.28681874195525525,,0.0,,0.0,,0.0,,0.03913251694331614,,0.0,,0.0,,0,24.4,Low,0.0,On Track,
W01391,MP036,Maharashtra,Nashik,IA027,Health Sub-Centre Upgrade,1382275.66,Completed,0.2858674759148219,,0.0,,0.0,,0.0,,0.01003348220122067,,0.0,,0.0,,0,24.3,Low,0.0,On Track,
W00113,MP039,Bihar,Gaya,IA049,Drainage / Sewage Line (per km),608480.89,Completed,0.28567459891364483,,0.0,,0.0,,0.0,,0.026180866513868816,,0.0,,0.0,,0,24.3,Low,0.0,On Track,
W00669,MP018,Bihar,Patna,IA023,Community Hall,3909399.52,Completed,0.2843763530609461,,0.0,,0.0,,0.0,,0.07094997794519182,,0.0,,0.0,,0,24.2,Low,0.0,On Track,
W00378,MP011,Bihar,Muzaffarpur,IA032,Health Sub-Centre Upgrade,1759294.33,Completed,0.284274745741507,,0.0,,0.0,,0.0,,0.021368878166065423,,0.0,,0.0,,0,24.2,Low,0.0,On Track,
W00730,MP040,Bihar,Gaya,IA025,Road Construction (per km),3485044.7,Completed,0.2852010174488776,,0.0,,0.0,,0.0,,0.05093770514537438,,0.0,,0.0,,0,24.2,Low,0.0,On Track,
W00681,MP009,Bihar,Muzaffarpur,IA032,Public Toilet Complex,1077123.25,Completed,0.2847076131685428,,0.0,,0.0,,0.0,,0.04598265063286333,,0.0,,0.0,,0,24.2,Low,0.0,On Track,
W01285,MP017,Uttar Pradesh,Gorakhpur,IA052,Drainage / Sewage Line (per km),1176300.08,Completed,0.28395392073536213,,0.0,,0.0,,0.0,,0.0087987438189133,,0.0,,0.0,,0,24.1,Low,0.0,On Track,
W01335,MP025,Bihar,Patna,IA023,Community Hall,3907291.09,Completed,0.2829446965459124,,0.0,,0.0,,0.0,,0.057100619111511146,,0.0,,0.0,,0,24.1,Low,0.0,On Track,
W00307,MP019,Maharashtra,Nashik,IA048,Drainage / Sewage Line (per km),2200755.15,Completed,0.2817834836310406,,0.0,,0.0,,0.0,,0.03634473240055137,,0.0,,0.0,,0,24.0,Low,0.0,On Track,
W01066,MP021,West Bengal,Howrah,IA020,Public Toilet Complex,714504.61,Completed,0.2824989165361395,,0.0,,0.0,,0.0,,0.03081190449382055,,0.0,,0.0,,0,24.0,Low,0.0,On Track,
W00728,MP007,Maharashtra,Nagpur,IA001,Drainage / Sewage Line (per km),2696490.1,Completed,0.27964017448086126,,0.0,,0.0,,0.0,,0.04021006638654298,,0.0,,0.0,,0,23.8,Low,0.0,On Track,
W00938,MP021,West Bengal,Howrah,IA009,School Building Renovation,2053453.75,Completed,0.2799779132557831,,0.0,,0.0,,0.0,,0.04757336050310925,,0.0,,0.0,,0,23.8,Low,0.0,On Track,
W01268,MP006,Bihar,Muzaffarpur,IA032,Health Sub-Centre Upgrade,1416115.11,Completed,0.27976185102890616,,0.0,,0.0,,0.0,,0.023316927225635626,,0.0,,0.0,,0,23.8,Low,0.0,On Track,
W00465,MP021,West Bengal,Howrah,IA013,Road Construction (per km),7694794.85,Completed,0.28007052820275824,,0.0,,0.0,,0.0,,0.02376116158820174,,0.0,,0.0,,0,23.8,Low,0.0,On Track,
W01208,MP001,West Bengal,Malda,IA007,Drinking Water Facility,2209352.21,Completed,0.2787973354275772,,0.0,,0.0,,0.0,,0.06229978548180726,,0.0,,0.0,,0,23.7,Low,0.0,On Track,
W00879,MP004,Bihar,Muzaffarpur,IA032,Health Sub-Centre Upgrade,1416427.96,Completed,0.27924766240961985,,0.0,,0.0,,0.0,,0.04415535770025294,,0.0,,0.0,,0,23.7,Low,0.0,On Track,
W00075,MP019,Maharashtra,Nashik,IA048,Drainage / Sewage Line (per km),3260227.32,Completed,0.277988747217019,,0.0,,0.0,,0.0,,0.044743336550143294,,0.0,,0.0,,0,23.6,Low,0.0,On Track,
W00486,MP026,Maharashtra,Nagpur,IA001,Street Lighting (per 50 units),2065457.08,In Progress,0.27773854844297835,,0.0,,0.0,,1.0,"sanctioned 412 days ago but expected duration was only 90 days (4.6x overdue), still marked 'In Progress' | 100% of sanctioned funds already disbursed, but work is still marked 'In Progress' -- payment has outpaced physical progress",0.0,,0.0,,0.0,,0,23.6,Low,100.0,Severely Stalled,
W01198,MP034,Uttar Pradesh,Gorakhpur,IA008,Street Lighting (per 50 units),976422.59,In Progress,0.2774344597124299,,0.0,,0.0,,1.0,"sanctioned 353 days ago but expected duration was only 90 days (3.9x overdue), still marked 'In Progress' | 100% of sanctioned funds already disbursed, but work is still marked 'In Progress' -- payment has outpaced physical progress",0.0,,0.0,,0.0,,0,23.6,Low,100.0,Severely Stalled,
W00085,MP035,West Bengal,Howrah,IA045,Drinking Water Facility,1884264.01,Completed,0.27715764128755366,,0.0,,0.0,,0.0,,0.0316232446579306,,0.0,,0.0,,0,23.6,Low,0.0,On Track,
W00499,MP038,Tamil Nadu,Coimbatore,IA015,Drainage / Sewage Line (per km),462949.61,Completed,0.2768438400249756,,0.0,,0.0,,0.0,,0.029095126288490814,,0.0,,0.0,,0,23.5,Low,0.0,On Track,
W01371,MP006,Bihar,Muzaffarpur,IA032,Drainage / Sewage Line (per km),3136009.54,Completed,0.2764813236200683,,0.0,,0.0,,0.0,,0.09030180412776594,,0.0,,0.0,,0,23.5,Low,0.0,On Track,
W00571,MP024,Maharashtra,Nagpur,IA016,Street Lighting (per 50 units),1260320.64,Completed,0.2766347420478515,,0.0,,0.0,,0.0,,0.0588486005092706,,0.0,,0.0,,0,23.5,Low,0.0,On Track,
W00115,MP038,Tamil Nadu,Coimbatore,IA015,Health Sub-Centre Upgrade,1479282.74,In Progress,0.275194465190778,,0.0,,0.0,,1.0,"100% of sanctioned funds already disbursed, but work is still marked 'In Progress' -- payment has outpaced physical progress",0.0,,0.0,,0.0,,0,23.4,Low,100.0,Severely Stalled,
W00817,MP017,Uttar Pradesh,Gorakhpur,IA052,Health Sub-Centre Upgrade,1458854.13,Completed,0.2752110784779234,,0.0,,0.0,,0.0,,0.017606166753900317,,0.0,,0.0,,0,23.4,Low,0.0,On Track,
W00574,MP027,Uttar Pradesh,Varanasi,IA057,Drainage / Sewage Line (per km),963570.18,Completed,0.2750108212834331,,0.0,,0.0,,0.0,,0.036648642890885874,,0.0,,0.0,,0,23.4,Low,0.0,On Track,
W00457,MP010,Bihar,Gaya,IA049,Drinking Water Facility,1153215.01,Completed,0.27540145590686727,,0.0,,0.0,,0.0,,0.010244479337461301,,0.0,,0.0,,0,23.4,Low,0.0,On Track,
W01240,MP004,Bihar,Muzaffarpur,IA032,Drainage / Sewage Line (per km),2225897.5,Completed,0.274495296307244,,0.0,,0.0,,0.0,,0.012304305305236627,,0.0,,0.0,,0,23.3,Low,0.0,On Track,
W00867,MP015,West Bengal,Malda,IA051,Drinking Water Facility,1068789.71,Completed,0.2739444177273393,,0.0,,0.0,,0.0,,0.029446549859743768,,0.0,,0.0,,0,23.3,Low,0.0,On Track,
W01266,MP023,Tamil Nadu,Coimbatore,IA055,Community Hall,3227308.9,Completed,0.2726910166740634,,0.0,,0.0,,0.0,,0.07231658382968285,,0.0,,0.0,,0,23.2,Low,0.0,On Track,
W00137,MP038,Tamil Nadu,Coimbatore,IA015,Community Hall,3778375.3,Completed,0.2734648590054598,,0.0,,0.0,,0.0,,0.030455818568947805,,0.0,,0.0,,0,23.2,Low,0.0,On Track,
W00392,MP021,West Bengal,Malda,IA030,Drainage / Sewage Line (per km),944655.66,Completed,0.27289644635736243,,0.0,,0.0,,0.0,,0.05884819506042036,,0.0,,0.0,,0,23.2,Low,0.0,On Track,
W00648,MP036,Maharashtra,Nashik,IA038,Drinking Water Facility,2648257.89,Completed,0.27145969978947754,,0.0,,0.0,,0.0,,0.025550924428021007,,0.0,,0.0,,0,23.1,Low,0.0,On Track,
W00518,MP021,West Bengal,Howrah,IA045,Health Sub-Centre Upgrade,1948680.65,Completed,0.2711520809728348,,0.0,,0.0,,0.0,,0.03026695633473966,,0.0,,0.0,,0,23.0,Low,0.0,On Track,
W00255,MP033,Uttar Pradesh,Meerut,IA018,Road Construction (per km),5783309.0,Completed,0.2706609205383214,,0.0,,0.0,,0.0,,0.07885304246394349,,0.0,,0.0,,0,23.0,Low,0.0,On Track,
W00037,MP015,West Bengal,Malda,IA050,Community Hall,3777380.97,Completed,0.27017759246198,,0.0,,0.0,,0.0,,0.022936910679692626,,0.0,,0.0,,0,23.0,Low,0.0,On Track,
W00610,MP005,Tamil Nadu,Coimbatore,IA015,Health Sub-Centre Upgrade,1699232.89,Completed,0.26939725989997493,,0.0,,0.0,,0.0,,0.074613668792527,,0.0,,0.0,,0,22.9,Low,0.0,On Track,
W00680,MP040,Bihar,Gaya,IA049,School Building Renovation,2497051.01,Completed,0.26891532877475116,,0.0,,0.0,,0.0,,0.10825924748722526,,0.0,,0.0,,0,22.9,Low,0.0,On Track,
W00866,MP025,Bihar,Patna,IA023,Community Hall,3886894.51,Completed,0.269095103890997,,0.0,,0.0,,0.0,,0.029534772871150323,,0.0,,0.0,,0,22.9,Low,0.0,On Track,
W00362,MP025,Bihar,Patna,IA023,Drinking Water Facility,2845392.25,In Progress,0.2695778722919408,,0.0,,0.0,,1.0,"sanctioned 1019 days ago but expected duration was only 150 days (6.8x overdue), still marked 'In Progress' | 100% of sanctioned funds already disbursed, but work is still marked 'In Progress' -- payment has outpaced physical progress",0.0,,0.0,,0.0,,0,22.9,Low,100.0,Severely Stalled,
W00238,MP039,Bihar,Gaya,IA011,Community Hall,3885380.55,Completed,0.2680671016820073,,0.0,,0.0,,0.0,,0.011569593927638204,,0.0,,0.0,,0,22.8,Low,0.0,On Track,
W00903,MP021,West Bengal,Howrah,IA045,Road Construction (per km),4207477.76,Completed,0.2666105627754427,,0.0,,0.0,,0.0,,0.10219190093064462,,0.0,,0.0,,0,22.7,Low,0.0,On Track,
W00274,MP029,Bihar,Patna,IA023,Drinking Water Facility,1872262.19,Completed,0.267137676395844,,0.0,,0.0,,0.0,,0.004044694677879031,,0.0,,0.0,,0,22.7,Low,0.0,On Track,
W01012,MP040,Bihar,Gaya,IA042,Public Toilet Complex,1003089.93,Completed,0.26661803070451556,,0.0,,0.0,,0.0,,0.020655148437059356,,0.0,,0.0,,0,22.7,Low,0.0,On Track,
W00947,MP010,Bihar,Gaya,IA025,Road Construction (per km),5290511.25,Completed,0.2670064259797427,,0.0,,0.0,,0.0,,0.05167484417614676,,0.0,,0.0,,0,22.7,Low,0.0,On Track,
W00188,MP036,Maharashtra,Nashik,IA027,Street Lighting (per 50 units),994013.6,Completed,0.2669589672448048,,0.0,,0.0,,0.0,,0.05119479957746059,,0.0,,0.0,,0,22.7,Low,0.0,On Track,
W00323,MP031,Uttar Pradesh,Gorakhpur,IA004,Street Lighting (per 50 units),1871078.54,In Progress,0.26573708947123115,,0.0,,0.0,,1.0,"sanctioned 1188 days ago but expected duration was only 90 days (13.2x overdue), still marked 'In Progress' | 100% of sanctioned funds already disbursed, but work is still marked 'In Progress' -- payment has outpaced physical progress",0.0,,0.0,,0.0,,0,22.6,Low,100.0,Severely Stalled,
W00353,MP009,Bihar,Muzaffarpur,IA032,Street Lighting (per 50 units),1521674.25,Completed,0.26530931480845044,,0.0,,0.0,,0.0,,0.03724110739258122,,0.0,,0.0,,0,22.6,Low,0.0,On Track,
W00768,MP007,Maharashtra,Nagpur,IA034,Health Sub-Centre Upgrade,1749275.39,Completed,0.26626613168831653,,0.0,,0.0,,0.0,,0.019916021597532498,,0.0,,0.0,,0,22.6,Low,0.0,On Track,
W00961,MP038,Tamil Nadu,Coimbatore,IA015,Drinking Water Facility,2071075.21,Completed,0.2660130188298856,,0.0,,0.0,,0.0,,0.031659189946186606,,0.0,,0.0,,0,22.6,Low,0.0,On Track,
W01124,MP007,Maharashtra,Nagpur,IA034,School Building Renovation,2749384.65,Completed,0.2647809655014325,,0.0,,0.0,,0.0,,0.03915775451290273,,0.0,,0.0,,0,22.5,Low,0.0,On Track,
W00163,MP024,Maharashtra,Nagpur,IA034,Public Toilet Complex,1362884.19,Completed,0.2652471002797269,,0.0,,0.0,,0.0,,0.03521140624874085,,0.0,,0.0,,0,22.5,Low,0.0,On Track,
W01211,MP009,Bihar,Patna,IA023,School Building Renovation,2139328.94,Completed,0.2650900131166138,,0.0,,0.0,,0.0,,0.07931352937283055,,0.0,,0.0,,0,22.5,Low,0.0,On Track,
W00407,MP031,Uttar Pradesh,Gorakhpur,IA060,School Building Renovation,1909983.38,Completed,0.26529214981951554,,0.0,,0.0,,0.0,,0.056970817168403215,,0.0,,0.0,,0,22.5,Low,0.0,On Track,
W00970,MP028,Tamil Nadu,Madurai,IA044,Road Construction (per km),8873844.94,Completed,0.2639695604421003,,0.0,,0.0,,0.0,,0.061777676048173635,,0.0,,0.0,,0,22.4,Low,0.0,On Track,
W00246,MP040,Bihar,Gaya,IA049,Community Hall,3877810.95,Completed,0.26292722644014604,,0.0,,0.0,,0.0,,0.04146911482228816,,0.0,,0.0,,0,22.3,Low,0.0,On Track,
W00458,MP007,Maharashtra,Nagpur,IA034,Health Sub-Centre Upgrade,1397913.62,Completed,0.262340910185867,,0.0,,0.0,,0.0,,0.04356309425297452,,0.0,,0.0,,0,22.3,Low,0.0,On Track,
W01040,MP024,Maharashtra,Nagpur,IA016,Road Construction (per km),2616050.19,Completed,0.2616761121576275,,0.0,,0.0,,0.0,,0.02705103203137815,,0.0,,0.0,,0,22.2,Low,0.0,On Track,
W00888,MP032,Tamil Nadu,Coimbatore,IA024,School Building Renovation,1970454.05,In Progress,0.2597490623837008,,0.0,,0.0,,0.0,,0.0,,0.0,,0.0,,0,22.1,Low,0.0,On Track,
W00166,MP033,Uttar Pradesh,Gorakhpur,IA039,Community Hall,3100871.46,Completed,0.2603319572479301,,0.0,,0.0,,0.0,,0.07683816239164733,,0.0,,0.0,,0,22.1,Low,0.0,On Track,
W00322,MP010,Bihar,Gaya,IA025,Community Hall,3109575.51,Completed,0.25871649554999515,,0.0,,0.0,,0.0,,0.002049174875941014,,0.0,,0.0,,0,22.0,Low,0.0,On Track,
W00623,MP038,Tamil Nadu,Coimbatore,IA055,Road Construction (per km),6074445.66,Completed,0.25920012978315826,,0.0,,0.0,,0.0,,0.03702751660045436,,0.0,,0.0,,0,22.0,Low,0.0,On Track,
W00374,MP038,Tamil Nadu,Coimbatore,IA055,Drainage / Sewage Line (per km),3276266.3,Completed,0.2590860565969502,,0.0,,0.0,,0.0,,0.05057794881861467,,0.0,,0.0,,0,22.0,Low,0.0,On Track,
W01386,MP034,Uttar Pradesh,Gorakhpur,IA046,Road Construction (per km),2731059.31,Completed,0.2575197953919413,,0.0,,0.0,,0.0,,0.06575546761639924,,0.0,,0.0,,0,21.9,Low,0.0,On Track,
W01310,MP016,West Bengal,Howrah,IA013,Street Lighting (per 50 units),1863409.68,In Progress,0.2575139383015328,,0.0,,0.0,,1.0,"sanctioned 1113 days ago but expected duration was only 90 days (12.4x overdue), still marked 'In Progress' | 100% of sanctioned funds already disbursed, but work is still marked 'In Progress' -- payment has outpaced physical progress",0.0,,0.0,,0.0,,0,21.9,Low,100.0,Severely Stalled,
W00231,MP040,Bihar,Gaya,IA042,Community Hall,3110857.12,Completed,0.25784626257748355,,0.0,,0.0,,0.0,,0.05671578791251863,,0.0,,0.0,,0,21.9,Low,0.0,On Track,
W00901,MP037,Bihar,Muzaffarpur,IA032,Public Toilet Complex,641211.46,Completed,0.2567972535018977,,0.0,,0.0,,0.0,,0.03029442240567586,,0.0,,0.0,,0,21.8,Low,0.0,On Track,
W00390,MP032,Tamil Nadu,Coimbatore,IA024,Road Construction (per km),2455184.48,Completed,0.25631983355594046,,0.0,,0.0,,0.0,,0.04429022538069322,,0.0,,0.0,,0,21.8,Low,0.0,On Track,
W00364,MP030,Bihar,Muzaffarpur,IA032,Public Toilet Complex,1133570.3,Completed,0.2559133933248165,,0.0,,0.0,,0.0,,0.041158416300748527,,0.0,,0.0,,0,21.8,Low,0.0,On Track,
W00062,MP038,Tamil Nadu,Coimbatore,IA024,Road Construction (per km),7063555.49,Completed,0.2566509938589852,,0.0,,0.0,,0.0,,0.06812684653570214,,0.0,,0.0,,0,21.8,Low,0.0,On Track,
W00376,MP038,Tamil Nadu,Coimbatore,IA055,Public Toilet Complex,957351.56,Completed,0.25619989640567375,,0.0,,0.0,,0.0,,0.08723392154306651,,0.0,,0.0,,0,21.8,Low,0.0,On Track,
W01305,MP034,Uttar Pradesh,Gorakhpur,IA039,Street Lighting (per 50 units),1464764.28,Completed,0.25688603002572274,,0.0,,0.0,,0.0,,0.014303562602801925,,0.0,,0.0,,0,21.8,Low,0.0,On Track,
W00563,MP006,Bihar,Muzaffarpur,IA032,School Building Renovation,1740208.47,Completed,0.25632781851229886,,0.0,,0.0,,0.0,,0.07543600481492675,,0.0,,0.0,,0,21.8,Low,0.0,On Track,
W00252,MP037,Bihar,Muzaffarpur,IA032,Street Lighting (per 50 units),2176630.42,In Progress,0.25564762667088503,,0.0,,0.0,,1.0,"sanctioned 555 days ago but expected duration was only 90 days (6.2x overdue), still marked 'In Progress' | 100% of sanctioned funds already disbursed, but work is still marked 'In Progress' -- payment has outpaced physical progress",0.0,,0.0,,0.0,,0,21.7,Low,100.0,Severely Stalled,
W01114,MP013,Uttar Pradesh,Gorakhpur,IA039,School Building Renovation,2574660.46,In Progress,0.2540403727412987,,0.0,,0.0,,1.0,"sanctioned 822 days ago but expected duration was only 200 days (4.1x overdue), still marked 'In Progress' | 100% of sanctioned funds already disbursed, but work is still marked 'In Progress' -- payment has outpaced physical progress",0.0,,0.0,,0.0,,0,21.6,Low,100.0,Severely Stalled,
W00289,MP016,West Bengal,Howrah,IA012,School Building Renovation,1726300.51,Completed,0.2527449145518836,,0.0,,0.0,,0.0,,0.030503698015920733,,0.0,,0.0,,0,21.5,Low,0.0,On Track,
W01376,MP008,West Bengal,Howrah,IA056,Community Hall,3282715.15,Completed,0.25277250085812525,,0.0,,0.0,,0.0,,0.014347166544800942,,0.0,,0.0,,0,21.5,Low,0.0,On Track,
W00094,MP033,Uttar Pradesh,Meerut,IA040,Drinking Water Facility,1739386.82,Completed,0.2534599249568072,,0.0,,0.0,,0.0,,0.04668392261593185,,0.0,,0.0,,0,21.5,Low,0.0,On Track,
W00667,MP015,West Bengal,Malda,IA051,Street Lighting (per 50 units),1268826.81,Completed,0.25125628837696523,,0.0,,0.0,,0.0,,0.01397657841790243,,0.0,,0.0,,0,21.4,Low,0.0,On Track,
W01117,MP036,Maharashtra,Nashik,IA048,School Building Renovation,1411620.54,Completed,0.2522019887882033,,0.0,,0.0,,0.0,,0.03463412339037027,,0.0,,0.0,,0,21.4,Low,0.0,On Track,
W00509,MP017,Uttar Pradesh,Gorakhpur,IA052,Drinking Water Facility,1949570.19,Completed,0.2506588229662991,,0.0,,0.0,,0.0,,0.03295793055172106,,0.0,,0.0,,0,21.3,Low,0.0,On Track,
W01256,MP033,Uttar Pradesh,Meerut,IA018,Drainage / Sewage Line (per km),1448183.33,Completed,0.2510180272258497,,0.0,,0.0,,0.0,,0.025924401389285156,,0.0,,0.0,,0,21.3,Low,0.0,On Track,
W00569,MP003,Bihar,Patna,IA023,Community Hall,3859016.35,In Progress,0.2501654029328682,,0.0,,0.0,,0.0,,0.0,,0.0,,0.0,,0,21.3,Low,0.0,On Track,
W01135,MP010,Bihar,Gaya,IA049,Road Construction (per km),3279675.59,Completed,0.24941685192150376,,0.0,,0.0,,0.0,,0.08625885168924602,,0.0,,0.0,,0,21.2,Low,0.0,On Track,
W00383,MP039,Bihar,Gaya,IA049,Health Sub-Centre Upgrade,1434404.3,Completed,0.24970241886023511,,0.0,,0.0,,0.0,,0.07288026336830437,,0.0,,0.0,,0,21.2,Low,0.0,On Track,
W00262,MP013,Uttar Pradesh,Gorakhpur,IA046,Street Lighting (per 50 units),2637094.87,Completed,0.24968159151365307,,0.0,,0.0,,0.0,,0.07871773558698007,,0.0,,0.0,,0,21.2,Low,0.0,On Track,
W01259,MP005,Tamil Nadu,Coimbatore,IA015,Drainage / Sewage Line (per km),2242873.55,Completed,0.24921713535164916,,0.0,,0.0,,0.0,,0.0757426218342118,,0.0,,0.0,,0,21.2,Low,0.0,On Track,
W01325,MP003,Bihar,Patna,IA023,Drinking Water Facility,2725181.3,Completed,0.24882365993480793,,0.0,,0.0,,0.0,,0.04451990006846327,,0.0,,0.0,,0,21.2,Low,0.0,On Track,
W01378,MP028,Tamil Nadu,Coimbatore,IA055,Public Toilet Complex,1016281.24,Completed,0.247741480373131,,0.0,,0.0,,0.0,,0.026290841535943868,,0.0,,0.0,,0,21.1,Low,0.0,On Track,
W00890,MP017,Uttar Pradesh,Gorakhpur,IA026,Road Construction (per km),1587983.87,Completed,0.24806730648417286,,0.0,,0.0,,0.0,,0.02565919040096379,,0.0,,0.0,,0,21.1,Low,0.0,On Track,
W00442,MP029,Bihar,Patna,IA023,Public Toilet Complex,602431.24,Completed,0.24850890769528813,,0.0,,0.0,,0.0,,0.025316870745617545,,0.0,,0.0,,0,21.1,Low,0.0,On Track,
W00394,MP035,West Bengal,Malda,IA041,Health Sub-Centre Upgrade,1488624.18,In Progress,0.24597762138303428,,0.0,,0.0,,0.0,,0.0,,0.0,,0.0,,0,20.9,Low,0.0,On Track,
W00141,MP010,Bihar,Gaya,IA049,Health Sub-Centre Upgrade,1735736.84,Completed,0.24555653171895334,,0.0,,0.0,,0.0,,0.06152809488326949,,0.0,,0.0,,0,20.9,Low,0.0,On Track,
W01199,MP023,Tamil Nadu,Coimbatore,IA024,Road Construction (per km),5361481.14,In Progress,0.24644262309488726,,0.0,,0.0,,1.0,"sanctioned 546 days ago but expected duration was only 270 days (2.0x overdue), still marked 'In Progress' | 100% of sanctioned funds already disbursed, but work is still marked 'In Progress' -- payment has outpaced physical progress",0.0,,0.0,,0.0,,0,20.9,Low,100.0,Severely Stalled,
W00372,MP016,West Bengal,Howrah,IA009,Drinking Water Facility,1892794.86,Completed,0.2450016693169911,,0.0,,0.0,,0.0,,0.03887562584063996,,0.0,,0.0,,0,20.8,Low,0.0,On Track,
W01095,MP031,Uttar Pradesh,Gorakhpur,IA004,Road Construction (per km),5674400.62,Completed,0.24308917898523053,,0.0,,0.0,,0.0,,0.04361157917592084,,0.0,,0.0,,0,20.7,Low,0.0,On Track,
W01291,MP011,Bihar,Gaya,IA049,Drainage / Sewage Line (per km),2981288.39,Completed,0.24324028179158128,,0.0,,0.0,,0.0,,0.03719266732821527,,0.0,,0.0,,0,20.7,Low,0.0,On Track,
W00103,MP014,Maharashtra,Pune,IA003,Drinking Water Facility,1229108.95,In Progress,0.2440259591580554,,0.0,,0.0,,1.0,"sanctioned 728 days ago but expected duration was only 150 days (4.9x overdue), still marked 'In Progress' | 100% of sanctioned funds already disbursed, but work is still marked 'In Progress' -- payment has outpaced physical progress",0.0,,0.0,,0.0,,0,20.7,Low,100.0,Severely Stalled,
W00663,MP002,West Bengal,Howrah,IA013,Street Lighting (per 50 units),660990.61,Completed,0.24335307958172092,,0.0,,0.0,,0.0,,0.006857020476418227,,0.0,,0.0,,0,20.7,Low,0.0,On Track,
W01020,MP034,Uttar Pradesh,Gorakhpur,IA039,Health Sub-Centre Upgrade,1786447.34,Completed,0.24220296370042568,,0.0,,0.0,,0.0,,0.04162970354061298,,0.0,,0.0,,0,20.6,Low,0.0,On Track,
W01029,MP001,West Bengal,Malda,IA030,Drainage / Sewage Line (per km),2565565.41,Completed,0.24289020064836853,,0.0,,0.0,,0.0,,0.07245011497579128,,0.0,,0.0,,0,20.6,Low,0.0,On Track,
W00273,MP001,West Bengal,Malda,IA030,School Building Renovation,2231907.27,Completed,0.2424225951451381,,0.0,,0.0,,0.0,,0.06123341692548833,,0.0,,0.0,,0,20.6,Low,0.0,On Track,
W00249,MP037,Bihar,Muzaffarpur,IA032,Health Sub-Centre Upgrade,1733585.77,Completed,0.24202111310527685,,0.0,,0.0,,0.0,,0.006377237289876486,,0.0,,0.0,,0,20.6,Low,0.0,On Track,
W00282,MP022,Uttar Pradesh,Meerut,IA018,Community Hall,3124321.48,Completed,0.24263487616215948,,0.0,,0.0,,0.0,,0.02616336768686568,,0.0,,0.0,,0,20.6,Low,0.0,On Track,
W01277,MP009,Bihar,Muzaffarpur,IA032,Drainage / Sewage Line (per km),3011248.65,In Progress,0.24252539745158777,,0.0,,0.0,,1.0,"sanctioned 1163 days ago but expected duration was only 180 days (6.5x overdue), still marked 'In Progress' | 100% of sanctioned funds already disbursed, but work is still marked 'In Progress' -- payment has outpaced physical progress",0.0,,0.0,,0.0,,0,20.6,Low,100.0,Severely Stalled,
W00772,MP007,Maharashtra,Nagpur,IA034,Street Lighting (per 50 units),1264046.2,Completed,0.2412746750426309,,0.0,,0.0,,0.0,,0.05260607793634506,,0.0,,0.0,,0,20.5,Low,0.0,On Track,
W00706,MP023,Tamil Nadu,Coimbatore,IA024,Drainage / Sewage Line (per km),826436.83,Completed,0.24105724808844473,,0.0,,0.0,,0.0,,0.010750065094814328,,0.0,,0.0,,0,20.5,Low,0.0,On Track,
W00826,MP039,Bihar,Gaya,IA025,Health Sub-Centre Upgrade,1732238.08,Completed,0.2398060999669479,,0.0,,0.0,,0.0,,0.029157240413377857,,0.0,,0.0,,0,20.4,Low,0.0,On Track,
W00489,MP032,Tamil Nadu,Coimbatore,IA015,Street Lighting (per 50 units),1121716.61,Completed,0.23980333603850867,,0.0,,0.0,,0.0,,0.04043003926075444,,0.0,,0.0,,0,20.4,Low,0.0,On Track,
W01087,MP014,Maharashtra,Pune,IA003,Street Lighting (per 50 units),1894174.61,Completed,0.24032224966087504,,0.0,,0.0,,0.0,,0.036710472837616394,,0.0,,0.0,,0,20.4,Low,0.0,On Track,
W01365,MP031,Uttar Pradesh,Gorakhpur,IA054,Public Toilet Complex,460891.69,Completed,0.24013698410339168,,0.0,,0.0,,0.0,,0.037436261576175876,,0.0,,0.0,,0,20.4,Low,0.0,On Track,
W00726,MP036,Maharashtra,Nashik,IA027,Street Lighting (per 50 units),1458087.75,Completed,0.23874577640997782,,0.0,,0.0,,0.0,,0.08027351695584216,,0.0,,0.0,,0,20.3,Low,0.0,On Track,
W00707,MP001,West Bengal,Malda,IA021,Street Lighting (per 50 units),1135108.27,Completed,0.23889433872797436,,0.0,,0.0,,0.0,,0.0451466624859988,,0.0,,0.0,,0,20.3,Low,0.0,On Track,
W00639,MP030,Bihar,Muzaffarpur,IA032,Street Lighting (per 50 units),2059626.03,Completed,0.23872922604837285,,0.0,,0.0,,0.0,,0.0475428441321167,,0.0,,0.0,,0,20.3,Low,0.0,On Track,
W00268,MP033,Uttar Pradesh,Meerut,IA018,Community Hall,3762430.13,Completed,0.23892806154883692,,0.0,,0.0,,0.0,,0.0730454043735901,,0.0,,0.0,,0,20.3,Low,0.0,On Track,
W00517,MP003,Bihar,Patna,IA023,Drainage / Sewage Line (per km),3240882.28,Completed,0.23754288863771192,,0.0,,0.0,,0.0,,0.04946216738696566,,0.0,,0.0,,0,20.2,Low,0.0,On Track,
W00985,MP035,West Bengal,Malda,IA051,Drainage / Sewage Line (per km),638715.7,Completed,0.23723484154976157,,0.0,,0.0,,0.0,,0.06264996321013962,,0.0,,0.0,,0,20.2,Low,0.0,On Track,
W00542,MP020,Tamil Nadu,Coimbatore,IA055,Public Toilet Complex,1136865.85,Completed,0.23741556471960015,,0.0,,0.0,,0.0,,0.020518048891148756,,0.0,,0.0,,0,20.2,Low,0.0,On Track,
W01197,MP011,Bihar,Muzaffarpur,IA032,Drinking Water Facility,2450173.38,Completed,0.2361169594734843,,0.0,,0.0,,0.0,,0.0242688224375377,,0.0,,0.0,,0,20.1,Low,0.0,On Track,
W01284,MP017,Uttar Pradesh,Gorakhpur,IA052,Community Hall,3758389.69,Completed,0.2358788533049979,,0.0,,0.0,,0.0,,0.03262649922655584,,0.0,,0.0,,0,20.0,Low,0.0,On Track,
W00138,MP037,Bihar,Muzaffarpur,IA032,Drainage / Sewage Line (per km),2913884.51,In Progress,0.2348217911567819,,0.0,,0.0,,1.0,"sanctioned 939 days ago but expected duration was only 180 days (5.2x overdue), still marked 'In Progress' | 100% of sanctioned funds already disbursed, but work is still marked 'In Progress' -- payment has outpaced physical progress",0.0,,0.0,,0.0,,0,20.0,Low,100.0,Severely Stalled,
W00269,MP012,Uttar Pradesh,Varanasi,IA057,Drinking Water Facility,2722059.39,Completed,0.23464615506054098,,0.0,,0.0,,0.0,,0.038590369633631376,,0.0,,0.0,,0,19.9,Low,0.0,On Track,
W01202,MP014,Maharashtra,Pune,IA003,School Building Renovation,1729509.07,Completed,0.23421370935764432,,0.0,,0.0,,0.0,,0.025531944094431488,,0.0,,0.0,,0,19.9,Low,0.0,On Track,
W01218,MP004,Bihar,Muzaffarpur,IA032,Drainage / Sewage Line (per km),3271390.91,Completed,0.23396065356478316,,0.0,,0.0,,0.0,,0.04550518272215668,,0.0,,0.0,,0,19.9,Low,0.0,On Track,
W01096,MP023,Tamil Nadu,Salem,IA006,Drinking Water Facility,1993090.12,Completed,0.23365563184999447,,0.0,,0.0,,0.0,,0.019874832795242953,,0.0,,0.0,,0,19.9,Low,0.0,On Track,
W00935,MP001,West Bengal,Howrah,IA037,Community Hall,3743176.32,In Progress,0.23401717024101124,,0.0,,0.0,,1.0,"sanctioned 1039 days ago but expected duration was only 240 days (4.3x overdue), still marked 'In Progress' | 100% of sanctioned funds already disbursed, but work is still marked 'In Progress' -- payment has outpaced physical progress",0.0,,0.0,,0.0,,0,19.9,Low,100.0,Severely Stalled,
W00226,MP014,Maharashtra,Pune,IA003,Community Hall,3145489.26,Completed,0.23469990780208982,,0.0,,0.0,,0.0,,0.013475902934307846,,0.0,,0.0,,0,19.9,Low,0.0,On Track,
W00652,MP009,Bihar,Muzaffarpur,IA032,Street Lighting (per 50 units),1060126.16,In Progress,0.23291795658663708,,0.0,,0.0,,1.0,"sanctioned 545 days ago but expected duration was only 90 days (6.1x overdue), still marked 'In Progress' | 100% of sanctioned funds already disbursed, but work is still marked 'In Progress' -- payment has outpaced physical progress",0.0,,0.0,,0.0,,0,19.8,Low,100.0,Severely Stalled,
W00629,MP010,Bihar,Gaya,IA025,School Building Renovation,1364213.6,Completed,0.23270032408541422,,0.0,,0.0,,0.0,,0.03682595027079339,,0.0,,0.0,,0,19.8,Low,0.0,On Track,
W01271,MP002,West Bengal,Malda,IA002,Health Sub-Centre Upgrade,1499892.61,Completed,0.2333112635945697,,0.0,,0.0,,0.0,,0.08639039064743248,,0.0,,0.0,,0,19.8,Low,0.0,On Track,
W00964,MP036,Maharashtra,Nashik,IA048,Health Sub-Centre Upgrade,1417533.05,Completed,0.23282441254425515,,0.0,,0.0,,0.0,,0.06131029718894502,,0.0,,0.0,,0,19.8,Low,0.0,On Track,
W00978,MP016,West Bengal,Howrah,IA009,Public Toilet Complex,943720.97,In Progress,0.23209304329549718,,0.0,,0.0,,1.0,"sanctioned 943 days ago but expected duration was only 120 days (7.9x overdue), still marked 'In Progress' | 100% of sanctioned funds already disbursed, but work is still marked 'In Progress' -- payment has outpaced physical progress",0.0,,0.0,,0.0,,0,19.7,Low,100.0,Severely Stalled,
W01061,MP011,Bihar,Muzaffarpur,IA032,Drainage / Sewage Line (per km),1822075.14,Completed,0.2316750164808906,,0.0,,0.0,,0.0,,0.049318526188251145,,0.0,,0.0,,0,19.7,Low,0.0,On Track,
W01094,MP036,Maharashtra,Nashik,IA048,Health Sub-Centre Upgrade,1418477.73,Completed,0.23140318649476865,,0.0,,0.0,,0.0,,0.05008487506847222,,0.0,,0.0,,0,19.7,Low,0.0,On Track,
W00791,MP013,Uttar Pradesh,Gorakhpur,IA053,Road Construction (per km),6980644.01,In Progress,0.2311064826862441,,0.0,,0.0,,1.0,"100% of sanctioned funds already disbursed, but work is still marked 'In Progress' -- payment has outpaced physical progress",0.0,,0.0,,0.0,,0,19.6,Low,100.0,Severely Stalled,
W01258,MP022,Uttar Pradesh,Meerut,IA018,Community Hall,3750740.17,Completed,0.23010597227089966,,0.0,,0.0,,0.0,,0.03739614057502821,,0.0,,0.0,,0,19.6,Low,0.0,On Track,
W01221,MP023,Tamil Nadu,Coimbatore,IA024,Community Hall,3734733.29,In Progress,0.2302117407097982,,0.0,,0.0,,1.0,"sanctioned 960 days ago but expected duration was only 240 days (4.0x overdue), still marked 'In Progress' | 100% of sanctioned funds already disbursed, but work is still marked 'In Progress' -- payment has outpaced physical progress",0.0,,0.0,,0.0,,0,19.6,Low,100.0,Severely Stalled,
W01255,MP006,Bihar,Muzaffarpur,IA032,Drainage / Sewage Line (per km),2091197.59,Completed,0.22997107913567094,,0.0,,0.0,,0.0,,0.043660340090940025,,0.0,,0.0,,0,19.5,Low,0.0,On Track,
W01387,MP039,Bihar,Gaya,IA042,Drinking Water Facility,799369.31,In Progress,0.22941234844473166,,0.0,,0.0,,1.0,"100% of sanctioned funds already disbursed, but work is still marked 'In Progress' -- payment has outpaced physical progress",0.0,,0.0,,0.0,,0,19.5,Low,100.0,Severely Stalled,
W01393,MP010,Bihar,Gaya,IA011,School Building Renovation,1723927.77,Completed,0.22980689281403122,,0.0,,0.0,,0.0,,0.03589239917372621,,0.0,,0.0,,0,19.5,Low,0.0,On Track,
W00242,MP018,Bihar,Gaya,IA049,Health Sub-Centre Upgrade,1446713.42,Completed,0.2294716072334747,,0.0,,0.0,,0.0,,0.020223033774883884,,0.0,,0.0,,0,19.5,Low,0.0,On Track,
W01110,MP037,Bihar,Muzaffarpur,IA032,Health Sub-Centre Upgrade,1726026.02,Completed,0.22959618929306258,,0.0,,0.0,,0.0,,0.03644417938677358,,0.0,,0.0,,0,19.5,Low,0.0,On Track,
W00854,MP011,Bihar,Muzaffarpur,IA032,Road Construction (per km),6676131.9,In Progress,0.22784788148322074,,0.0,,0.0,,1.0,"sanctioned 678 days ago but expected duration was only 270 days (2.5x overdue), still marked 'In Progress' | 100% of sanctioned funds already disbursed, but work is still marked 'In Progress' -- payment has outpaced physical progress",0.0,,0.0,,0.0,,0,19.4,Low,100.0,Severely Stalled,
W00056,MP037,Bihar,Muzaffarpur,IA032,Drinking Water Facility,1757949.99,In Progress,0.22832185686412407,,0.0,,0.0,,1.0,"sanctioned 648 days ago but expected duration was only 150 days (4.3x overdue), still marked 'In Progress' | 100% of sanctioned funds already disbursed, but work is still marked 'In Progress' -- payment has outpaced physical progress",0.0,,0.0,,0.0,,0,19.4,Low,100.0,Severely Stalled,
W01307,MP007,Maharashtra,Nagpur,IA034,Public Toilet Complex,1019866.39,Completed,0.22803231446754788,,0.0,,0.0,,0.0,,0.07302025802624286,,0.0,,0.0,,0,19.4,Low,0.0,On Track,
W00227,MP028,Tamil Nadu,Coimbatore,IA024,Health Sub-Centre Upgrade,1498193.33,Completed,0.2283722610204967,,0.0,,0.0,,0.0,,0.034548464292342575,,0.0,,0.0,,0,19.4,Low,0.0,On Track,
W01345,MP023,Tamil Nadu,Coimbatore,IA024,Road Construction (per km),3581462.94,In Progress,0.22877580740694203,,0.0,,0.0,,1.0,"sanctioned 795 days ago but expected duration was only 270 days (2.9x overdue), still marked 'In Progress' | 100% of sanctioned funds already disbursed, but work is still marked 'In Progress' -- payment has outpaced physical progress",0.0,,0.0,,0.0,,0,19.4,Low,100.0,Severely Stalled,
W01320,MP018,Bihar,Gaya,IA042,School Building Renovation,1891509.43,In Progress,0.22843787806794272,,0.0,,0.0,,0.0,,0.0,,0.0,,0.0,,0,19.4,Low,0.0,On Track,
W01321,MP007,Maharashtra,Nagpur,IA001,Health Sub-Centre Upgrade,1724224.34,Completed,0.22857802055333967,,0.0,,0.0,,0.0,,0.03094012985604426,,0.0,,0.0,,0,19.4,Low,0.0,On Track,
W00194,MP024,Maharashtra,Nagpur,IA035,Street Lighting (per 50 units),842699.66,Completed,0.2267299270420544,,0.0,,0.0,,0.0,,0.040430718491691955,,0.0,,0.0,,0,19.3,Low,0.0,On Track,
W00522,MP034,Uttar Pradesh,Gorakhpur,IA060,Road Construction (per km),6574575.78,In Progress,0.22732262410662873,,0.0,,0.0,,1.0,"sanctioned 902 days ago but expected duration was only 270 days (3.3x overdue), still marked 'In Progress' | 100% of sanctioned funds already disbursed, but work is still marked 'In Progress' -- payment has outpaced physical progress",0.0,,0.0,,0.0,,0,19.3,Low,100.0,Severely Stalled,
W00216,MP021,West Bengal,Howrah,IA012,Drinking Water Facility,1179157.05,In Progress,0.22714295868228893,,0.0,,0.0,,1.0,"sanctioned 1034 days ago but expected duration was only 150 days (6.9x overdue), still marked 'In Progress' | 100% of sanctioned funds already disbursed, but work is still marked 'In Progress' -- payment has outpaced physical progress",0.0,,0.0,,0.0,,0,19.3,Low,100.0,Severely Stalled,
W00205,MP026,Maharashtra,Nagpur,IA035,Health Sub-Centre Upgrade,1723168.04,Completed,0.22698886753213385,,0.0,,0.0,,0.0,,0.1067253960935441,,0.0,,0.0,,0,19.3,Low,0.0,On Track,
W00095,MP029,Bihar,Patna,IA023,Community Hall,3158547.65,In Progress,0.22546365657211317,,0.0,,0.0,,1.0,"sanctioned 866 days ago but expected duration was only 240 days (3.6x overdue), still marked 'In Progress' | 100% of sanctioned funds already disbursed, but work is still marked 'In Progress' -- payment has outpaced physical progress",0.0,,0.0,,0.0,,0,19.2,Low,100.0,Severely Stalled,
W00548,MP022,Uttar Pradesh,Meerut,IA047,Street Lighting (per 50 units),1689214.99,In Progress,0.2264046064651216,,0.0,,0.0,,1.0,"sanctioned 1101 days ago but expected duration was only 90 days (12.2x overdue), still marked 'In Progress' | 100% of sanctioned funds already disbursed, but work is still marked 'In Progress' -- payment has outpaced physical progress",0.0,,0.0,,0.0,,0,19.2,Low,100.0,Severely Stalled,
W00425,MP018,Bihar,Gaya,IA042,Road Construction (per km),7905369.75,Completed,0.22530311572824366,,0.0,,0.0,,0.0,,0.06661900171291953,,0.0,,0.0,,0,19.2,Low,0.0,On Track,
W01133,MP010,Bihar,Gaya,IA042,Road Construction (per km),4952295.42,Completed,0.22483333333333333,,0.0,,0.0,,0.0,,0.016682627362990657,,0.0,,0.0,,0,19.1,Low,0.0,On Track,
W00497,MP037,Bihar,Muzaffarpur,IA032,Street Lighting (per 50 units),882458.57,Completed,0.22483333333333333,,0.0,,0.0,,0.0,,0.07101580364499915,,0.0,,0.0,,0,19.1,Low,0.0,On Track,
W00401,MP012,Uttar Pradesh,Varanasi,IA057,Drinking Water Facility,1755609.49,Completed,0.22483333333333333,,0.0,,0.0,,0.0,,0.0120258364209105,,0.0,,0.0,,0,19.1,Low,0.0,On Track,
W00656,MP012,Uttar Pradesh,Varanasi,IA057,Health Sub-Centre Upgrade,1490750.07,Completed,0.22483333333333333,,0.0,,0.0,,0.0,,0.01663974637921112,,0.0,,0.0,,0,19.1,Low,0.0,On Track,
W00853,MP033,Uttar Pradesh,Meerut,IA018,School Building Renovation,1239616.52,In Progress,0.22483333333333333,,0.0,,0.0,,1.0,"sanctioned 437 days ago but expected duration was only 200 days (2.2x overdue), still marked 'In Progress' | 100% of sanctioned funds already disbursed, but work is still marked 'In Progress' -- payment has outpaced physical progress",0.0,,0.0,,0.0,,0,19.1,Low,100.0,Severely Stalled,
W00308,MP026,Maharashtra,Nagpur,IA034,Drinking Water Facility,2153705.01,Completed,0.22483333333333333,,0.0,,0.0,,0.0,,0.04549714722700695,,0.0,,0.0,,0,19.1,Low,0.0,On Track,
W01333,MP013,Uttar Pradesh,Gorakhpur,IA052,Public Toilet Complex,545623.52,Completed,0.22483333333333333,,0.0,,0.0,,0.0,,0.05633250958714605,,0.0,,0.0,,0,19.1,Low,0.0,On Track,
W00704,MP032,Tamil Nadu,Coimbatore,IA024,Street Lighting (per 50 units),1294456.44,Completed,0.2248333333333333,,0.0,,0.0,,0.0,,0.03888412021105019,,0.0,,0.0,,0,19.1,Low,0.0,On Track,
W00012,MP013,Uttar Pradesh,Gorakhpur,IA054,Street Lighting (per 50 units),2201797.86,Completed,0.22483333333333333,,0.0,,0.0,,0.0,,0.029428183100644868,,0.0,,0.0,,0,19.1,Low,0.0,On Track,
W00833,MP018,Bihar,Gaya,IA049,Community Hall,3160404.23,In Progress,0.22420301009455348,,0.0,,0.0,,1.0,"sanctioned 515 days ago but expected duration was only 240 days (2.1x overdue), still marked 'In Progress' | 100% of sanctioned funds already disbursed, but work is still marked 'In Progress' -- payment has outpaced physical progress",0.0,,0.0,,0.0,,0,19.1,Low,100.0,Severely Stalled,
W00005,MP014,Maharashtra,Nashik,IA048,Street Lighting (per 50 units),2201901.02,Completed,0.22483333333333333,,0.0,,0.0,,0.0,,0.039377845435931084,,0.0,,0.0,,0,19.1,Low,0.0,On Track,
W00004,MP023,Tamil Nadu,Coimbatore,IA015,Public Toilet Complex,507655.34,Completed,0.22483333333333333,,0.0,,0.0,,0.0,,0.06369635742352336,,0.0,,0.0,,0,19.1,Low,0.0,On Track,
W00800,MP003,Bihar,Patna,IA023,Public Toilet Complex,986555.86,Completed,0.22483333333333333,,0.0,,0.0,,0.0,,0.057174547394662094,,0.0,,0.0,,0,19.1,Low,0.0,On Track,
W00891,MP023,Tamil Nadu,Coimbatore,IA015,School Building Renovation,1857615.23,Completed,0.22483333333333333,,0.0,,0.0,,0.0,,0.08283791265325376,,0.0,,0.0,,0,19.1,Low,0.0,On Track,
W00003,MP026,Maharashtra,Nagpur,IA001,School Building Renovation,1165133.24,Completed,0.22483333333333333,,0.0,,0.0,,0.0,,0.08039381715711115,,0.0,,0.0,,0,19.1,Low,0.0,On Track,
W00798,MP014,Maharashtra,Pune,IA003,Drainage / Sewage Line (per km),2442202.01,Completed,0.22440985107561665,,0.0,,0.0,,0.0,,0.06820607468168854,,0.0,,0.0,,0,19.1,Low,0.0,On Track,
W00123,MP001,West Bengal,Malda,IA021,Community Hall,3734489.2,Completed,0.22483333333333333,,0.0,,0.0,,0.0,,0.0482475038757459,,0.0,,0.0,,0,19.1,Low,0.0,On Track,
W01292,MP039,Bihar,Gaya,IA042,Health Sub-Centre Upgrade,1449679.79,Completed,0.22459619187597749,,0.0,,0.0,,0.0,,0.07218788295894005,,0.0,,0.0,,0,19.1,Low,0.0,On Track,
W01228,MP014,Maharashtra,Pune,IA003,Drainage / Sewage Line (per km),2667554.97,Completed,0.22525681559105,,0.0,,0.0,,0.0,,0.031106554570835197,,0.0,,0.0,,0,19.1,Low,0.0,On Track,
W01229,MP018,Bihar,Gaya,IA049,Drainage / Sewage Line (per km),717543.81,Completed,0.225048720995869,,0.0,,0.0,,0.0,,0.053405286717025956,,0.0,,0.0,,0,19.1,Low,0.0,On Track,
W01013,MP026,Maharashtra,Nagpur,IA001,Road Construction (per km),5442666.48,Completed,0.22483333333333333,,0.0,,0.0,,0.0,,0.02674162605660745,,0.0,,0.0,,0,19.1,Low,0.0,On Track,
W00232,MP002,West Bengal,Howrah,IA012,Drinking Water Facility,1204693.33,In Progress,0.22483333333333333,,0.0,,0.0,,1.0,"sanctioned 1043 days ago but expected duration was only 150 days (7.0x overdue), still marked 'In Progress' | 100% of sanctioned funds already disbursed, but work is still marked 'In Progress' -- payment has outpaced physical progress",0.0,,0.0,,0.0,,0,19.1,Low,100.0,Severely Stalled,
W01171,MP012,Uttar Pradesh,Varanasi,IA057,Drainage / Sewage Line (per km),560305.53,In Progress,0.22483333333333333,,0.0,,0.0,,0.0,,0.0,,0.0,,0.0,,0,19.1,Low,0.0,On Track,
W00635,MP011,Bihar,Muzaffarpur,IA032,Drainage / Sewage Line (per km),1328012.19,Completed,0.22461794567079763,,0.0,,0.0,,0.0,,0.08170597081903086,,0.0,,0.0,,0,19.1,Low,0.0,On Track,
W00212,MP007,Maharashtra,Nagpur,IA035,Health Sub-Centre Upgrade,1721735.27,Completed,0.22483333333333333,,0.0,,0.0,,0.0,,0.03662843232818488,,0.0,,0.0,,0,19.1,Low,0.0,On Track,
W00661,MP037,Bihar,Muzaffarpur,IA032,Health Sub-Centre Upgrade,1449391.22,Completed,0.22507047479068917,,0.0,,0.0,,0.0,,0.026442999558431966,,0.0,,0.0,,0,19.1,Low,0.0,On Track,
W00549,MP017,Uttar Pradesh,Gorakhpur,IA008,Public Toilet Complex,517109.51,In Progress,0.22371197067040158,,0.0,,0.0,,1.0,"sanctioned 628 days ago but expected duration was only 120 days (5.2x overdue), still marked 'In Progress' | 100% of sanctioned funds already disbursed, but work is still marked 'In Progress' -- payment has outpaced physical progress",0.0,,0.0,,0.0,,0,19.0,Low,100.0,Severely Stalled,
W00705,MP032,Tamil Nadu,Coimbatore,IA055,Street Lighting (per 50 units),1520519.64,Completed,0.22183505893819414,,0.0,,0.0,,0.0,,0.04203850599863549,,0.0,,0.0,,0,18.9,Low,0.0,On Track,
W00041,MP034,Uttar Pradesh,Gorakhpur,IA004,Drainage / Sewage Line (per km),1826571.44,Completed,0.2220978181068214,,0.0,,0.0,,0.0,,0.055430362880896415,,0.0,,0.0,,0,18.9,Low,0.0,On Track,
W00180,MP031,Uttar Pradesh,Gorakhpur,IA060,Road Construction (per km),7815005.28,In Progress,0.22234404256003792,,0.0,,0.0,,1.0,"sanctioned 372 days ago but expected duration was only 270 days (1.4x overdue), still marked 'In Progress' | 100% of sanctioned funds already disbursed, but work is still marked 'In Progress' -- payment has outpaced physical progress",0.0,,0.0,,0.0,,0,18.9,Low,100.0,Severely Stalled,
W00991,MP020,Tamil Nadu,Coimbatore,IA024,Drainage / Sewage Line (per km),2213626.31,In Progress,0.22255924140449712,,0.0,,0.0,,1.0,"sanctioned 684 days ago but expected duration was only 180 days (3.8x overdue), still marked 'In Progress' | 100% of sanctioned funds already disbursed, but work is still marked 'In Progress' -- payment has outpaced physical progress",0.0,,0.0,,0.0,,0,18.9,Low,100.0,Severely Stalled,
W00210,MP003,Bihar,Patna,IA023,Community Hall,3163660.09,Completed,0.2219922308981671,,0.0,,0.0,,0.0,,0.021671997076863504,,0.0,,0.0,,0,18.9,Low,0.0,On Track,
W01189,MP018,Bihar,Gaya,IA025,Drinking Water Facility,2763326.8,Completed,0.2213448098025426,,0.0,,0.0,,0.0,,0.004020134915448151,,0.0,,0.0,,0,18.8,Low,0.0,On Track,
W00229,MP032,Tamil Nadu,Coimbatore,IA024,Road Construction (per km),8966242.97,Completed,0.2208908592597246,,0.0,,0.0,,0.0,,0.04812585108521248,,0.0,,0.0,,0,18.8,Low,0.0,On Track,
W00977,MP024,Maharashtra,Nagpur,IA034,Public Toilet Complex,896168.26,Completed,0.22163435219911878,,0.0,,0.0,,0.0,,0.07496778371898233,,0.0,,0.0,,0,18.8,Low,0.0,On Track,
W00766,MP008,West Bengal,Howrah,IA045,Health Sub-Centre Upgrade,1904382.77,In Progress,0.221358738213421,,0.0,,0.0,,0.0,,0.0,,0.0,,0.0,,0,18.8,Low,0.0,On Track,
W00181,MP003,Bihar,Patna,IA023,School Building Renovation,1185924.43,Completed,0.22122878859872394,,0.0,,0.0,,0.0,,0.0490571695704336,,0.0,,0.0,,0,18.8,Low,0.0,On Track,
W00842,MP028,Tamil Nadu,Coimbatore,IA024,Health Sub-Centre Upgrade,1679805.07,In Progress,0.22129440564616995,,0.0,,0.0,,1.0,"sanctioned 843 days ago but expected duration was only 210 days (4.0x overdue), still marked 'In Progress' | 100% of sanctioned funds already disbursed, but work is still marked 'In Progress' -- payment has outpaced physical progress",0.0,,0.0,,0.0,,0,18.8,Low,100.0,Severely Stalled,
W00230,MP032,Tamil Nadu,Coimbatore,IA024,Community Hall,3281023.64,Completed,0.21945492595686844,,0.0,,0.0,,0.0,,0.07152732211365827,,0.0,,0.0,,0,18.7,Low,0.0,On Track,
W01084,MP022,Uttar Pradesh,Meerut,IA018,Community Hall,3736766.85,Completed,0.219560694395767,,0.0,,0.0,,0.0,,0.02088550880293238,,0.0,,0.0,,0,18.7,Low,0.0,On Track,
W00400,MP004,Bihar,Muzaffarpur,IA032,School Building Renovation,1623058.62,Completed,0.218418732869767,,0.0,,0.0,,0.0,,0.01864105605721889,,0.0,,0.0,,0,18.6,Low,0.0,On Track,
W00266,MP005,Tamil Nadu,Salem,IA059,Health Sub-Centre Upgrade,1502060.55,Completed,0.21879710950955003,,0.0,,0.0,,0.0,,0.0038833092696264667,,0.0,,0.0,,0,18.6,Low,0.0,On Track,
W01145,MP013,Uttar Pradesh,Gorakhpur,IA060,Community Hall,3736173.77,Completed,0.21911311333398753,,0.0,,0.0,,0.0,,0.06104900737541601,,0.0,,0.0,,0,18.6,Low,0.0,On Track,
W00260,MP008,West Bengal,Howrah,IA056,Public Toilet Complex,1246152.86,Completed,0.2175736233711695,,0.0,,0.0,,0.0,,0.02331333149713202,,0.0,,0.0,,0,18.5,Low,0.0,On Track,
W01215,MP022,Uttar Pradesh,Meerut,IA018,Drainage / Sewage Line (per km),1098338.58,Completed,0.21739161077988842,,0.0,,0.0,,0.0,,0.054082740214193424,,0.0,,0.0,,0,18.5,Low,0.0,On Track,
W01203,MP036,Maharashtra,Nagpur,IA016,Health Sub-Centre Upgrade,1427376.25,Completed,0.2180157871363858,,0.0,,0.0,,0.0,,0.03726496019806145,,0.0,,0.0,,0,18.5,Low,0.0,On Track,
W00847,MP004,Bihar,Muzaffarpur,IA032,Street Lighting (per 50 units),1059013.32,Completed,0.21799906665349164,,0.0,,0.0,,0.0,,0.09664901753299195,,0.0,,0.0,,0,18.5,Low,0.0,On Track,
W00397,MP005,Tamil Nadu,Salem,IA006,Drinking Water Facility,1914956.71,Completed,0.2160110348166722,,0.0,,0.0,,0.0,,0.04929449601902942,,0.0,,0.0,,0,18.4,Low,0.0,On Track,
W01142,MP031,Uttar Pradesh,Gorakhpur,IA052,Drinking Water Facility,2606468.71,Completed,0.2164543414936483,,0.0,,0.0,,0.0,,0.06159030107364566,,0.0,,0.0,,0,18.4,Low,0.0,On Track,
W00500,MP012,Uttar Pradesh,Varanasi,IA057,Drainage / Sewage Line (per km),1229337.82,Completed,0.2169621462477412,,0.0,,0.0,,0.0,,0.04591800245803335,,0.0,,0.0,,0,18.4,Low,0.0,On Track,
W01136,MP003,Bihar,Patna,IA023,School Building Renovation,2399549.51,In Progress,0.2165781750084176,,0.0,,0.0,,0.0,,0.0,,0.0,,0.0,,0,18.4,Low,0.0,On Track,
W01086,MP014,Maharashtra,Pune,IA003,Community Hall,3170783.71,Completed,0.21496675886457683,,0.0,,0.0,,0.0,,0.027147110040215642,,0.0,,0.0,,0,18.3,Low,0.0,On Track,
W01163,MP016,West Bengal,Howrah,IA009,Drainage / Sewage Line (per km),425502.72,Completed,0.2124318251169051,,0.0,,0.0,,0.0,,0.06474609116160208,,0.0,,0.0,,0,18.1,Low,0.0,On Track,
W00131,MP028,Tamil Nadu,Madurai,IA031,Community Hall,3717724.09,Completed,0.2133541088153327,,0.0,,0.0,,0.0,,0.06760792689434193,,0.0,,0.0,,0,18.1,Low,0.0,On Track,
W00709,MP027,Uttar Pradesh,Gorakhpur,IA039,School Building Renovation,1614078.61,In Progress,0.21291612759944967,,0.0,,0.0,,1.0,"sanctioned 1060 days ago but expected duration was only 200 days (5.3x overdue), still marked 'In Progress' | 100% of sanctioned funds already disbursed, but work is still marked 'In Progress' -- payment has outpaced physical progress",0.0,,0.0,,0.0,,0,18.1,Low,100.0,Severely Stalled,
W00823,MP014,Maharashtra,Nashik,IA048,Drainage / Sewage Line (per km),1173439.65,Completed,0.21286588396100545,,0.0,,0.0,,0.0,,0.04788081465285013,,0.0,,0.0,,0,18.1,Low,0.0,On Track,
W01023,MP035,West Bengal,Malda,IA051,Health Sub-Centre Upgrade,1897060.82,Completed,0.2131284489531384,,0.0,,0.0,,0.0,,0.015117046246910805,,0.0,,0.0,,0,18.1,Low,0.0,On Track,
W00778,MP035,West Bengal,Malda,IA002,Health Sub-Centre Upgrade,1895408.33,Completed,0.21127095597657827,,0.0,,0.0,,0.0,,0.046223867551827745,,0.0,,0.0,,0,18.0,Low,0.0,On Track,
W00553,MP030,Bihar,Muzaffarpur,IA032,Road Construction (per km),8419598.66,Completed,0.21095850098540825,,0.0,,0.0,,0.0,,0.012537268905471237,,0.0,,0.0,,0,17.9,Low,0.0,On Track,
W00286,MP024,Maharashtra,Nashik,IA048,School Building Renovation,2657921.54,Completed,0.21107288220097295,,0.0,,0.0,,0.0,,0.07023045466389878,,0.0,,0.0,,0,17.9,Low,0.0,On Track,
W00329,MP008,West Bengal,Howrah,IA045,Health Sub-Centre Upgrade,1519852.41,In Progress,0.21087531038847182,,0.0,,0.0,,1.0,"sanctioned 1164 days ago but expected duration was only 210 days (5.5x overdue), still marked 'In Progress' | 100% of sanctioned funds already disbursed, but work is still marked 'In Progress' -- payment has outpaced physical progress",0.0,,0.0,,0.0,,0,17.9,Low,100.0,Severely Stalled,
W00611,MP035,West Bengal,Malda,IA002,Street Lighting (per 50 units),724339.77,Completed,0.2107723279386923,,0.0,,0.0,,0.0,,0.05783354420131748,,0.0,,0.0,,0,17.9,Low,0.0,On Track,
W00846,MP022,Uttar Pradesh,Meerut,IA040,Public Toilet Complex,892105.5,Completed,0.2093127754054279,,0.0,,0.0,,0.0,,0.023980664609444136,,0.0,,0.0,,0,17.8,Low,0.0,On Track,
W00366,MP031,Uttar Pradesh,Gorakhpur,IA008,School Building Renovation,1962156.88,Completed,0.20972143059880033,,0.0,,0.0,,0.0,,0.02430423055096843,,0.0,,0.0,,0,17.8,Low,0.0,On Track,
W00541,MP019,Maharashtra,Nashik,IA038,Drainage / Sewage Line (per km),3177600.7,Completed,0.20961875761537666,,0.0,,0.0,,0.0,,0.04803875383683729,,0.0,,0.0,,0,17.8,Low,0.0,On Track,
W01309,MP009,Bihar,Muzaffarpur,IA032,School Building Renovation,1269317.2,Completed,0.20772060892174646,,0.0,,0.0,,0.0,,0.012344563494335747,,0.0,,0.0,,0,17.7,Low,0.0,On Track,
W00334,MP017,Uttar Pradesh,Gorakhpur,IA039,Drinking Water Facility,2636936.96,Completed,0.20774770162648493,,0.0,,0.0,,0.0,,0.0053104151776966575,,0.0,,0.0,,0,17.7,Low,0.0,On Track,
W00377,MP023,Tamil Nadu,Coimbatore,IA024,Drainage / Sewage Line (per km),1229863.33,Completed,0.2086094185782219,,0.0,,0.0,,0.0,,0.02628609404087069,,0.0,,0.0,,0,17.7,Low,0.0,On Track,
W01111,MP010,Bihar,Gaya,IA049,School Building Renovation,1137612.81,Completed,0.20854496619412946,,0.0,,0.0,,0.0,,0.04739497661439748,,0.0,,0.0,,0,17.7,Low,0.0,On Track,
W00597,MP037,Bihar,Muzaffarpur,IA032,Community Hall,3797159.32,In Progress,0.20816352475805247,,0.0,,0.0,,1.0,"sanctioned 830 days ago but expected duration was only 240 days (3.5x overdue), still marked 'In Progress' | 100% of sanctioned funds already disbursed, but work is still marked 'In Progress' -- payment has outpaced physical progress",0.0,,0.0,,0.0,,0,17.7,Low,100.0,Severely Stalled,
W00654,MP011,Bihar,Muzaffarpur,IA032,Health Sub-Centre Upgrade,1460449.24,Completed,0.20689592457223718,,0.0,,0.0,,0.0,,0.019841841354395453,,0.0,,0.0,,0,17.6,Low,0.0,On Track,
W01252,MP038,Tamil Nadu,Coimbatore,IA024,Community Hall,3293155.15,In Progress,0.207431519217926,,0.0,,0.0,,1.0,"sanctioned 612 days ago but expected duration was only 240 days (2.5x overdue), still marked 'In Progress' | 100% of sanctioned funds already disbursed, but work is still marked 'In Progress' -- payment has outpaced physical progress",0.0,,0.0,,0.0,,0,17.6,Low,100.0,Severely Stalled,
W01347,MP023,Tamil Nadu,Coimbatore,IA015,Drainage / Sewage Line (per km),4417070.73,In Progress,0.2073553849108031,,0.0,,0.0,,1.0,"sanctioned 851 days ago but expected duration was only 180 days (4.7x overdue), still marked 'In Progress' | 100% of sanctioned funds already disbursed, but work is still marked 'In Progress' -- payment has outpaced physical progress",0.0,,0.0,,0.0,,0,17.6,Low,100.0,Severely Stalled,
W01361,MP020,Tamil Nadu,Coimbatore,IA055,Street Lighting (per 50 units),2535292.84,Completed,0.20718638923058133,,0.0,,0.0,,0.0,,0.021570634889495278,,0.0,,0.0,,0,17.6,Low,0.0,On Track,
W00797,MP023,Tamil Nadu,Coimbatore,IA024,Drinking Water Facility,1547862.25,In Progress,0.20669560183161728,,0.0,,0.0,,1.0,"100% of sanctioned funds already disbursed, but work is still marked 'In Progress' -- payment has outpaced physical progress",0.0,,0.0,,0.0,,0,17.6,Low,100.0,Severely Stalled,
W01025,MP015,West Bengal,Malda,IA014,School Building Renovation,1702886.19,Completed,0.20724407152152857,,0.0,,0.0,,0.0,,0.037211151249933044,,0.0,,0.0,,0,17.6,Low,0.0,On Track,
W00250,MP006,Bihar,Muzaffarpur,IA032,School Building Renovation,1226030.8,Completed,0.20678598055919198,,0.0,,0.0,,0.0,,0.011053854242355228,,0.0,,0.0,,0,17.6,Low,0.0,On Track,
W00127,MP012,Uttar Pradesh,Varanasi,IA057,Street Lighting (per 50 units),2416308.78,Completed,0.20535931983498304,,0.0,,0.0,,0.0,,0.0529246371460598,,0.0,,0.0,,0,17.5,Low,0.0,On Track,
W00572,MP039,Bihar,Gaya,IA049,Drinking Water Facility,1760407.75,Completed,0.20533131523631812,,0.0,,0.0,,0.0,,0.01729676034090372,,0.0,,0.0,,0,17.5,Low,0.0,On Track,
W00090,MP025,Bihar,Muzaffarpur,IA032,Community Hall,3793235.54,Completed,0.2054992175718722,,0.0,,0.0,,0.0,,0.013645508745546896,,0.0,,0.0,,0,17.5,Low,0.0,On Track,
W00920,MP001,West Bengal,Malda,IA019,Road Construction (per km),2130738.35,Completed,0.205435559383499,,0.0,,0.0,,0.0,,0.04674814138159512,,0.0,,0.0,,0,17.5,Low,0.0,On Track,
W00899,MP007,Maharashtra,Nagpur,IA001,School Building Renovation,1647439.26,Completed,0.20425492615650753,,0.0,,0.0,,0.0,,0.048092311397314784,,0.0,,0.0,,0,17.4,Low,0.0,On Track,
W01370,MP009,Bihar,Gaya,IA025,Health Sub-Centre Upgrade,1711063.56,Completed,0.20500444676939397,,0.0,,0.0,,0.0,,0.041852797178256844,,0.0,,0.0,,0,17.4,Low,0.0,On Track,
W00483,MP025,Bihar,Patna,IA023,Community Hall,3791746.99,Completed,0.20448846914510302,,0.0,,0.0,,0.0,,0.06008607510532633,,0.0,,0.0,,0,17.4,Low,0.0,On Track,
W00617,MP019,Maharashtra,Nashik,IA048,Health Sub-Centre Upgrade,1707943.14,Completed,0.20408373089239543,,0.0,,0.0,,0.0,,0.01698225995817465,,0.0,,0.0,,0,17.3,Low,0.0,On Track,
W01279,MP001,West Bengal,Malda,IA051,Community Hall,3713915.35,Completed,0.20308310046409264,,0.0,,0.0,,0.0,,0.0696487624053228,,0.0,,0.0,,0,17.3,Low,0.0,On Track,
W00781,MP032,Tamil Nadu,Coimbatore,IA024,Drinking Water Facility,1903916.77,Completed,0.20305950415389315,,0.0,,0.0,,0.0,,0.009196265474413703,,0.0,,0.0,,0,17.3,Low,0.0,On Track,
W01377,MP021,West Bengal,Howrah,IA012,Drinking Water Facility,1766017.88,Completed,0.2025782789086237,,0.0,,0.0,,0.0,,0.035602718981994456,,0.0,,0.0,,0,17.2,Low,0.0,On Track,
W01380,MP037,Bihar,Muzaffarpur,IA032,Road Construction (per km),3954894.19,Completed,0.20283704852509468,,0.0,,0.0,,0.0,,0.08063606273047606,,0.0,,0.0,,0,17.2,Low,0.0,On Track,
W00824,MP025,Bihar,Patna,IA023,School Building Renovation,2117670.84,In Progress,0.20218472932427733,,0.0,,0.0,,1.0,"sanctioned 793 days ago but expected duration was only 200 days (4.0x overdue), still marked 'In Progress' | 100% of sanctioned funds already disbursed, but work is still marked 'In Progress' -- payment has outpaced physical progress",0.0,,0.0,,0.0,,0,17.2,Low,100.0,Severely Stalled,
W00779,MP033,Uttar Pradesh,Meerut,IA047,Health Sub-Centre Upgrade,1760569.71,Completed,0.2013307821912431,,0.0,,0.0,,0.0,,0.041753592728565735,,0.0,,0.0,,0,17.1,Low,0.0,On Track,
W00248,MP035,West Bengal,Malda,IA051,School Building Renovation,1539154.44,Completed,0.20157153623925428,,0.0,,0.0,,0.0,,0.0657904507858449,,0.0,,0.0,,0,17.1,Low,0.0,On Track,
W00235,MP016,West Bengal,Howrah,IA045,Road Construction (per km),5123579.88,In Progress,0.19971423811619193,,0.0,,0.0,,0.0,,0.0,,0.0,,0.0,,0,17.0,Low,0.0,On Track,
W01315,MP020,Tamil Nadu,Coimbatore,IA024,Community Hall,3300755.2,Completed,0.19989919287221103,,0.0,,0.0,,0.0,,0.036843746169178924,,0.0,,0.0,,0,17.0,Low,0.0,On Track,
W00795,MP025,Bihar,Patna,IA023,Street Lighting (per 50 units),1333714.07,In Progress,0.20038461650234393,,0.0,,0.0,,1.0,"sanctioned 250 days ago but expected duration was only 90 days (2.8x overdue), still marked 'In Progress' | 100% of sanctioned funds already disbursed, but work is still marked 'In Progress' -- payment has outpaced physical progress",0.0,,0.0,,0.0,,0,17.0,Low,100.0,Severely Stalled,
W00398,MP025,Bihar,Patna,IA023,Health Sub-Centre Upgrade,1465366.18,Completed,0.19881462494073768,,0.0,,0.0,,0.0,,0.04466935673960105,,0.0,,0.0,,0,16.9,Low,0.0,On Track,
W00822,MP038,Tamil Nadu,Coimbatore,IA015,Health Sub-Centre Upgrade,1510198.02,Completed,0.19864891308788704,,0.0,,0.0,,0.0,,0.04194034338137375,,0.0,,0.0,,0,16.9,Low,0.0,On Track,
W00222,MP034,Uttar Pradesh,Gorakhpur,IA053,Public Toilet Complex,1320563.09,Completed,0.19764638933074072,,0.0,,0.0,,0.0,,0.03609200376421568,,0.0,,0.0,,0,16.8,Low,0.0,On Track,
W00107,MP036,Maharashtra,Nashik,IA038,School Building Renovation,1476874.58,In Progress,0.19719901695408523,,0.0,,0.0,,1.0,"sanctioned 857 days ago but expected duration was only 200 days (4.3x overdue), still marked 'In Progress' | 100% of sanctioned funds already disbursed, but work is still marked 'In Progress' -- payment has outpaced physical progress",0.0,,0.0,,0.0,,0,16.8,Low,100.0,Severely Stalled,
W00556,MP040,Bihar,Gaya,IA036,School Building Renovation,1297618.0,Completed,0.1959404542025617,,0.0,,0.0,,0.0,,0.014314309730690845,,0.0,,0.0,,0,16.7,Low,0.0,On Track,
W00997,MP014,Maharashtra,Pune,IA003,Health Sub-Centre Upgrade,1442134.66,In Progress,0.19581246247512193,,0.0,,0.0,,1.0,"sanctioned 323 days ago but expected duration was only 210 days (1.5x overdue), still marked 'In Progress' | 100% of sanctioned funds already disbursed, but work is still marked 'In Progress' -- payment has outpaced physical progress",0.0,,0.0,,0.0,,0,16.6,Low,100.0,Severely Stalled,
W00628,MP015,West Bengal,Malda,IA030,Drainage / Sewage Line (per km),2354316.11,Completed,0.19583151818191502,,0.0,,0.0,,0.0,,0.029022945466417902,,0.0,,0.0,,0,16.6,Low,0.0,On Track,
W00544,MP033,Uttar Pradesh,Meerut,IA047,Street Lighting (per 50 units),1941891.39,Completed,0.19581840788234803,,0.0,,0.0,,0.0,,0.020918197863585262,,0.0,,0.0,,0,16.6,Low,0.0,On Track,
W00354,MP011,Bihar,Muzaffarpur,IA032,Drinking Water Facility,1123870.7,Completed,0.1939936749396646,,0.0,,0.0,,0.0,,0.027113597291172686,,0.0,,0.0,,0,16.5,Low,0.0,On Track,
W00908,MP033,Uttar Pradesh,Meerut,IA005,Health Sub-Centre Upgrade,1510255.33,In Progress,0.19402593222651654,,0.0,,0.0,,1.0,"sanctioned 386 days ago but expected duration was only 210 days (1.8x overdue), still marked 'In Progress' | 100% of sanctioned funds already disbursed, but work is still marked 'In Progress' -- payment has outpaced physical progress",0.0,,0.0,,0.0,,0,16.5,Low,100.0,Severely Stalled,
W00900,MP038,Tamil Nadu,Coimbatore,IA055,Street Lighting (per 50 units),1466152.88,In Progress,0.19378148019271982,,0.0,,0.0,,1.0,"sanctioned 847 days ago but expected duration was only 90 days (9.4x overdue), still marked 'In Progress' | 100% of sanctioned funds already disbursed, but work is still marked 'In Progress' -- payment has outpaced physical progress",0.0,,0.0,,0.0,,0,16.5,Low,100.0,Severely Stalled,
W01324,MP021,West Bengal,Howrah,IA022,Health Sub-Centre Upgrade,1534625.09,In Progress,0.19426997580552685,,0.0,,0.0,,1.0,"sanctioned 1173 days ago but expected duration was only 210 days (5.6x overdue), still marked 'In Progress' | 100% of sanctioned funds already disbursed, but work is still marked 'In Progress' -- payment has outpaced physical progress",0.0,,0.0,,0.0,,0,16.5,Low,100.0,Severely Stalled,
W01253,MP034,Uttar Pradesh,Gorakhpur,IA052,School Building Renovation,1572346.85,In Progress,0.1942690444305979,,0.0,,0.0,,1.0,"sanctioned 1199 days ago but expected duration was only 200 days (6.0x overdue), still marked 'In Progress' | 100% of sanctioned funds already disbursed, but work is still marked 'In Progress' -- payment has outpaced physical progress",0.0,,0.0,,0.0,,0,16.5,Low,100.0,Severely Stalled,
W00870,MP029,Bihar,Patna,IA023,Community Hall,3206286.0,Completed,0.19304858004860873,,0.0,,0.0,,0.0,,0.04032431700304096,,0.0,,0.0,,0,16.4,Low,0.0,On Track,
W00087,MP028,Tamil Nadu,Madurai,IA031,Road Construction (per km),814494.85,In Progress,0.19240360324529127,,0.0,,0.0,,1.0,"100% of sanctioned funds already disbursed, but work is still marked 'In Progress' -- payment has outpaced physical progress",0.0,,0.0,,0.0,,0,16.4,Low,100.0,Severely Stalled,
W01384,MP038,Tamil Nadu,Coimbatore,IA024,Drinking Water Facility,2676164.1,Completed,0.19334969111335953,,0.0,,0.0,,0.0,,0.030921384566814272,,0.0,,0.0,,0,16.4,Low,0.0,On Track,
W00215,MP024,Maharashtra,Nagpur,IA035,Drinking Water Facility,2340863.06,Completed,0.19279638965317855,,0.0,,0.0,,0.0,,0.04575579348914991,,0.0,,0.0,,0,16.4,Low,0.0,On Track,
W01015,MP016,West Bengal,Malda,IA014,Health Sub-Centre Upgrade,1537034.36,Completed,0.19156181896122695,,0.0,,0.0,,0.0,,0.023067912654923795,,0.0,,0.0,,0,16.3,Low,0.0,On Track,
W00025,MP011,Bihar,Muzaffarpur,IA032,Health Sub-Centre Upgrade,1702759.58,Completed,0.19135633422094314,,0.0,,0.0,,0.0,,0.06442612529263063,,0.0,,0.0,,0,16.3,Low,0.0,On Track,
W00109,MP007,Maharashtra,Nagpur,IA001,Drainage / Sewage Line (per km),3420287.03,Completed,0.19157363408281747,,0.0,,0.0,,0.0,,0.025394697724689635,,0.0,,0.0,,0,16.3,Low,0.0,On Track,
W00531,MP001,West Bengal,Malda,IA021,Road Construction (per km),7182188.01,Completed,0.19025384892625133,,0.0,,0.0,,0.0,,0.06624579200785663,,0.0,,0.0,,0,16.2,Low,0.0,On Track,
W00074,MP011,Bihar,Muzaffarpur,IA032,Drinking Water Facility,2378212.79,Completed,0.19097503400781513,,0.0,,0.0,,0.0,,0.06616536456950826,,0.0,,0.0,,0,16.2,Low,0.0,On Track,
W00187,MP014,Maharashtra,Nagpur,IA035,School Building Renovation,2504912.05,Completed,0.19069323562030546,,0.0,,0.0,,0.0,,0.04250621700919415,,0.0,,0.0,,0,16.2,Low,0.0,On Track,
W00690,MP021,West Bengal,Howrah,IA037,Street Lighting (per 50 units),864035.8,Completed,0.1909041053062233,,0.0,,0.0,,0.0,,0.06602388886180648,,0.0,,0.0,,0,16.2,Low,0.0,On Track,
W00224,MP038,Tamil Nadu,Coimbatore,IA015,School Building Renovation,2161321.18,Completed,0.19013163903737432,,0.0,,0.0,,0.0,,0.029904865617189386,,0.0,,0.0,,0,16.2,Low,0.0,On Track,
W00720,MP017,Uttar Pradesh,Gorakhpur,IA026,Community Hall,3193822.01,Completed,0.19018474968405716,,0.0,,0.0,,0.0,,0.04934925977105401,,0.0,,0.0,,0,16.2,Low,0.0,On Track,
W00195,MP036,Maharashtra,Nashik,IA048,Health Sub-Centre Upgrade,1447779.93,Completed,0.18731942273639027,,0.0,,0.0,,0.0,,0.039685589859807226,,0.0,,0.0,,0,15.9,Low,0.0,On Track,
W00739,MP019,Maharashtra,Nashik,IA038,Health Sub-Centre Upgrade,1696362.3,In Progress,0.18666090889665543,,0.0,,0.0,,0.0,,0.0,,0.0,,0.0,,0,15.9,Low,0.0,On Track,
W00820,MP029,Bihar,Muzaffarpur,IA032,Road Construction (per km),8183302.23,Completed,0.18698501206938076,,0.0,,0.0,,0.0,,0.05333549079150495,,0.0,,0.0,,0,15.9,Low,0.0,On Track,
W00409,MP002,West Bengal,Howrah,IA045,Public Toilet Complex,878758.29,Completed,0.1859056123332423,,0.0,,0.0,,0.0,,0.017361044701857297,,0.0,,0.0,,0,15.8,Low,0.0,On Track,
W00942,MP012,Uttar Pradesh,Varanasi,IA057,Drainage / Sewage Line (per km),3196510.56,Completed,0.1854982801873918,,0.0,,0.0,,0.0,,0.04450167828685823,,0.0,,0.0,,0,15.8,Low,0.0,On Track,
W00561,MP026,Maharashtra,Nagpur,IA034,Community Hall,3210290.15,Completed,0.1841463036061737,,0.0,,0.0,,0.0,,0.0031886719166933125,,0.0,,0.0,,0,15.7,Low,0.0,On Track,
W00059,MP018,Bihar,Gaya,IA049,Drainage / Sewage Line (per km),754198.33,Completed,0.18435222071826077,,0.0,,0.0,,0.0,,0.029783024450203453,,0.0,,0.0,,0,15.7,Low,0.0,On Track,
W01360,MP022,Uttar Pradesh,Meerut,IA005,Drainage / Sewage Line (per km),2229046.01,Completed,0.1852644735900902,,0.0,,0.0,,0.0,,0.035140150568217524,,0.0,,0.0,,0,15.7,Low,0.0,On Track,
W00723,MP028,Tamil Nadu,Madurai,IA044,Road Construction (per km),5151223.54,Completed,0.18342777510311156,,0.0,,0.0,,0.0,,0.06657979077574518,,0.0,,0.0,,0,15.6,Low,0.0,On Track,
W00030,MP030,Bihar,Muzaffarpur,IA032,Community Hall,3760547.91,Completed,0.18330381224634265,,0.0,,0.0,,0.0,,0.06481017448033283,,0.0,,0.0,,0,15.6,Low,0.0,On Track,
W00196,MP018,Bihar,Gaya,IA036,Public Toilet Complex,797202.45,Completed,0.18352798685853397,,0.0,,0.0,,0.0,,0.0524708861711801,,0.0,,0.0,,0,15.6,Low,0.0,On Track,
W01178,MP015,West Bengal,Malda,IA028,Street Lighting (per 50 units),2217210.74,Completed,0.1822880447091845,,0.0,,0.0,,0.0,,0.010507634768500399,,0.0,,0.0,,0,15.5,Low,0.0,On Track,
W01181,MP021,West Bengal,Malda,IA014,Community Hall,3348888.17,Completed,0.1828158036594524,,0.0,,0.0,,0.0,,0.03895614834659198,,0.0,,0.0,,0,15.5,Low,0.0,On Track,
W00097,MP040,Bihar,Gaya,IA049,Road Construction (per km),3339649.22,Completed,0.18255079887712175,,0.0,,0.0,,0.0,,0.022163517097212804,,0.0,,0.0,,0,15.5,Low,0.0,On Track,
W00411,MP020,Tamil Nadu,Coimbatore,IA015,Road Construction (per km),8119085.92,Completed,0.1811503208146388,,0.0,,0.0,,0.0,,0.07057387102736998,,0.0,,0.0,,0,15.4,Low,0.0,On Track,
W01149,MP004,Bihar,Muzaffarpur,IA032,Street Lighting (per 50 units),2173242.48,Completed,0.1806431485849724,,0.0,,0.0,,0.0,,0.06509493814266369,,0.0,,0.0,,0,15.4,Low,0.0,On Track,
W01342,MP013,Uttar Pradesh,Gorakhpur,IA008,Drainage / Sewage Line (per km),1949202.25,Completed,0.18053664623909874,,0.0,,0.0,,0.0,,0.06943947782179109,,0.0,,0.0,,0,15.3,Low,0.0,On Track,
W00162,MP034,Uttar Pradesh,Gorakhpur,IA046,Drainage / Sewage Line (per km),3737744.27,In Progress,0.1800788538338456,,0.0,,0.0,,1.0,"sanctioned 864 days ago but expected duration was only 180 days (4.8x overdue), still marked 'In Progress' | 100% of sanctioned funds already disbursed, but work is still marked 'In Progress' -- payment has outpaced physical progress",0.0,,0.0,,0.0,,0,15.3,Low,100.0,Severely Stalled,
W00337,MP019,Maharashtra,Nashik,IA027,Health Sub-Centre Upgrade,1691184.42,Completed,0.17887103514351613,,0.0,,0.0,,0.0,,0.04424377699472403,,0.0,,0.0,,0,15.2,Low,0.0,On Track,
W01195,MP032,Tamil Nadu,Coimbatore,IA024,Community Hall,3321461.82,Completed,0.17937708849701606,,0.0,,0.0,,0.0,,0.061739759048237135,,0.0,,0.0,,0,15.2,Low,0.0,On Track,
W00984,MP011,Bihar,Muzaffarpur,IA032,Public Toilet Complex,758695.26,Completed,0.17853077850917398,,0.0,,0.0,,0.0,,0.04420324927337627,,0.0,,0.0,,0,15.2,Low,0.0,On Track,
W00969,MP012,Uttar Pradesh,Varanasi,IA057,Street Lighting (per 50 units),932032.55,Completed,0.1784714313326403,,0.0,,0.0,,0.0,,0.03933930293385087,,0.0,,0.0,,0,15.2,Low,0.0,On Track,
W01165,MP017,Uttar Pradesh,Gorakhpur,IA053,Public Toilet Complex,827154.62,Completed,0.17829580859530303,,0.0,,0.0,,0.0,,0.03046017150685261,,0.0,,0.0,,0,15.2,Low,0.0,On Track,
W01037,MP004,Bihar,Muzaffarpur,IA032,Road Construction (per km),2064463.55,Completed,0.1786756771085123,,0.0,,0.0,,0.0,,0.053170171208017813,,0.0,,0.0,,0,15.2,Low,0.0,On Track,
W00460,MP035,West Bengal,Malda,IA050,Drainage / Sewage Line (per km),2331622.33,In Progress,0.17732406731491446,,0.0,,0.0,,1.0,"sanctioned 1110 days ago but expected duration was only 180 days (6.2x overdue), still marked 'In Progress' | 100% of sanctioned funds already disbursed, but work is still marked 'In Progress' -- payment has outpaced physical progress",0.0,,0.0,,0.0,,0,15.1,Low,100.0,Severely Stalled,
W00604,MP034,Uttar Pradesh,Gorakhpur,IA026,Drainage / Sewage Line (per km),2317236.11,In Progress,0.1774604670101896,,0.0,,0.0,,1.0,"sanctioned 919 days ago but expected duration was only 180 days (5.1x overdue), still marked 'In Progress' | 100% of sanctioned funds already disbursed, but work is still marked 'In Progress' -- payment has outpaced physical progress",0.0,,0.0,,0.0,,0,15.1,Low,100.0,Severely Stalled,
W00091,MP039,Bihar,Gaya,IA025,Street Lighting (per 50 units),1817833.6,Completed,0.1779135722502867,,0.0,,0.0,,0.0,,0.01836180959337093,,0.0,,0.0,,0,15.1,Low,0.0,On Track,
W00496,MP008,West Bengal,Howrah,IA058,Health Sub-Centre Upgrade,1865827.04,Completed,0.1780198994421431,,0.0,,0.0,,0.0,,0.06176812093067946,,0.0,,0.0,,0,15.1,Low,0.0,On Track,
W00860,MP028,Tamil Nadu,Salem,IA006,Road Construction (per km),5136295.76,Completed,0.17597543700316354,,0.0,,0.0,,0.0,,0.05108903515374628,,0.0,,0.0,,0,15.0,Low,0.0,On Track,
W00685,MP008,West Bengal,Howrah,IA022,Public Toilet Complex,509221.18,Completed,0.17687983018986694,,0.0,,0.0,,0.0,,0.014125702049771005,,0.0,,0.0,,0,15.0,Low,0.0,On Track,
W00064,MP030,Bihar,Gaya,IA049,Road Construction (per km),2143271.18,Completed,0.1761853719756772,,0.0,,0.0,,0.0,,0.04431436614030559,,0.0,,0.0,,0,15.0,Low,0.0,On Track,
W00701,MP023,Tamil Nadu,Coimbatore,IA024,Street Lighting (per 50 units),985237.77,Completed,0.17699902887376087,,0.0,,0.0,,0.0,,0.052873028667510924,,0.0,,0.0,,0,15.0,Low,0.0,On Track,
W00245,MP029,Bihar,Patna,IA023,Drinking Water Facility,901090.43,Completed,0.17591804007354317,,0.0,,0.0,,0.0,,0.017502925963777474,,0.0,,0.0,,0,15.0,Low,0.0,On Track,
W01358,MP032,Tamil Nadu,Coimbatore,IA055,Public Toilet Complex,1126370.84,Completed,0.17662927677392934,,0.0,,0.0,,0.0,,0.028672460945030315,,0.0,,0.0,,0,15.0,Low,0.0,On Track,
W00750,MP017,Uttar Pradesh,Gorakhpur,IA026,Drainage / Sewage Line (per km),4051972.49,Completed,0.1770005521433069,,0.0,,0.0,,0.0,,0.01123365271629391,,0.0,,0.0,,0,15.0,Low,0.0,On Track,
W00802,MP029,Bihar,Patna,IA023,School Building Renovation,1541691.88,Completed,0.17545670815404116,,0.0,,0.0,,0.0,,0.03102276303884822,,0.0,,0.0,,0,14.9,Low,0.0,On Track,
W01308,MP010,Bihar,Gaya,IA042,Drainage / Sewage Line (per km),1958153.41,Completed,0.1751391608700055,,0.0,,0.0,,0.0,,0.04657987614306364,,0.0,,0.0,,0,14.9,Low,0.0,On Track,
W01332,MP007,Maharashtra,Nagpur,IA035,Street Lighting (per 50 units),1935860.92,Completed,0.17564707768081855,,0.0,,0.0,,0.0,,0.02046059725507114,,0.0,,0.0,,0,14.9,Low,0.0,On Track,
W00958,MP013,Uttar Pradesh,Gorakhpur,IA008,Community Hall,3213470.22,In Progress,0.1753567893855049,,0.0,,0.0,,1.0,"100% of sanctioned funds already disbursed, but work is still marked 'In Progress' -- payment has outpaced physical progress",0.0,,0.0,,0.0,,0,14.9,Low,100.0,Severely Stalled,
W01392,MP001,West Bengal,Malda,IA030,School Building Renovation,2068045.67,Completed,0.17452639843805598,,0.0,,0.0,,0.0,,0.02522982764118607,,0.0,,0.0,,0,14.8,Low,0.0,On Track,
W00247,MP005,Tamil Nadu,Salem,IA059,Health Sub-Centre Upgrade,1520182.67,Completed,0.1739271396863807,,0.0,,0.0,,0.0,,0.05167461884603608,,0.0,,0.0,,0,14.8,Low,0.0,On Track,
W00241,MP039,Bihar,Gaya,IA025,Drinking Water Facility,999986.84,In Progress,0.17275060789278895,,0.0,,0.0,,1.0,"sanctioned 1110 days ago but expected duration was only 150 days (7.4x overdue), still marked 'In Progress' | 100% of sanctioned funds already disbursed, but work is still marked 'In Progress' -- payment has outpaced physical progress",0.0,,0.0,,0.0,,0,14.7,Low,100.0,Severely Stalled,
W00894,MP019,Maharashtra,Nashik,IA038,Drainage / Sewage Line (per km),1961303.88,Completed,0.17327783926646279,,0.0,,0.0,,0.0,,0.033180890010707086,,0.0,,0.0,,0,14.7,Low,0.0,On Track,
W01343,MP039,Bihar,Gaya,IA049,Health Sub-Centre Upgrade,1690696.3,Completed,0.17152957607081798,,0.0,,0.0,,0.0,,0.08500692401933528,,0.0,,0.0,,0,14.6,Low,0.0,On Track,
W01350,MP006,Bihar,Muzaffarpur,IA032,School Building Renovation,2099107.28,Completed,0.17218972741177044,,0.0,,0.0,,0.0,,0.05912259373944289,,0.0,,0.0,,0,14.6,Low,0.0,On Track,
W01054,MP013,Uttar Pradesh,Gorakhpur,IA026,Drinking Water Facility,1140078.53,Completed,0.1696736482096232,,0.0,,0.0,,0.0,,0.03540878517277264,,0.0,,0.0,,0,14.4,Low,0.0,On Track,
W00771,MP001,West Bengal,Howrah,IA058,Public Toilet Complex,812029.82,Completed,0.16964912286922004,,0.0,,0.0,,0.0,,0.047094154956053375,,0.0,,0.0,,0,14.4,Low,0.0,On Track,
W01299,MP023,Tamil Nadu,Coimbatore,IA015,Health Sub-Centre Upgrade,1658877.24,Completed,0.16947755968309122,,0.0,,0.0,,0.0,,0.013542719133238701,,0.0,,0.0,,0,14.4,Low,0.0,On Track,
W01075,MP029,Bihar,Patna,IA023,Drainage / Sewage Line (per km),1780022.23,Completed,0.16898175385756445,,0.0,,0.0,,0.0,,0.025507911615946673,,0.0,,0.0,,0,14.4,Low,0.0,On Track,
W00299,MP022,Uttar Pradesh,Meerut,IA018,Street Lighting (per 50 units),2486855.7,In Progress,0.1684797026863825,,0.0,,0.0,,1.0,"sanctioned 1073 days ago but expected duration was only 90 days (11.9x overdue), still marked 'In Progress' | 100% of sanctioned funds already disbursed, but work is still marked 'In Progress' -- payment has outpaced physical progress",0.0,,0.0,,0.0,,0,14.3,Low,100.0,Severely Stalled,
W00513,MP040,Bihar,Gaya,IA025,Road Construction (per km),7274538.73,Completed,0.16881807761312564,,0.0,,0.0,,0.0,,0.03723067831325574,,0.0,,0.0,,0,14.3,Low,0.0,On Track,
W00968,MP025,Bihar,Patna,IA023,Health Sub-Centre Upgrade,1688767.74,Completed,0.16835986661385383,,0.0,,0.0,,0.0,,0.06119694110922749,,0.0,,0.0,,0,14.3,Low,0.0,On Track,
W01267,MP032,Tamil Nadu,Coimbatore,IA055,Public Toilet Complex,555820.92,Completed,0.16845596215594363,,0.0,,0.0,,0.0,,0.030105647828794605,,0.0,,0.0,,0,14.3,Low,0.0,On Track,
W00338,MP003,Bihar,Patna,IA023,School Building Renovation,1134764.13,Completed,0.1681272856055419,,0.0,,0.0,,0.0,,0.04846930058336743,,0.0,,0.0,,0,14.3,Low,0.0,On Track,
W00962,MP036,Maharashtra,Nashik,IA027,Drainage / Sewage Line (per km),3620185.15,Completed,0.16823552618754345,,0.0,,0.0,,0.0,,0.057086360401180314,,0.0,,0.0,,0,14.3,Low,0.0,On Track,
W00710,MP007,Maharashtra,Nagpur,IA034,School Building Renovation,1788461.6,In Progress,0.16870654166954777,,0.0,,0.0,,1.0,"sanctioned 581 days ago but expected duration was only 200 days (2.9x overdue), still marked 'In Progress' | 100% of sanctioned funds already disbursed, but work is still marked 'In Progress' -- payment has outpaced physical progress",0.0,,0.0,,0.0,,0,14.3,Low,100.0,Severely Stalled,
W00776,MP014,Maharashtra,Pune,IA003,Drinking Water Facility,1721509.93,Completed,0.16847841849256173,,0.0,,0.0,,0.0,,0.08979451353456618,,0.0,,0.0,,0,14.3,Low,0.0,On Track,
W00951,MP016,West Bengal,Howrah,IA045,Drainage / Sewage Line (per km),3652152.15,Completed,0.16723428111870497,,0.0,,0.0,,0.0,,0.0346825517148293,,0.0,,0.0,,0,14.2,Low,0.0,On Track,
W00410,MP035,West Bengal,Malda,IA002,School Building Renovation,1406056.43,Completed,0.16667833374656463,,0.0,,0.0,,0.0,,0.03691859864217847,,0.0,,0.0,,0,14.2,Low,0.0,On Track,
W00414,MP009,Bihar,Muzaffarpur,IA032,Drainage / Sewage Line (per km),1113254.79,Completed,0.16740518643636823,,0.0,,0.0,,0.0,,0.03846289974497713,,0.0,,0.0,,0,14.2,Low,0.0,On Track,
W00203,MP003,Bihar,Patna,IA023,Community Hall,3737294.59,Completed,0.16751444903572596,,0.0,,0.0,,0.0,,0.06800250004219888,,0.0,,0.0,,0,14.2,Low,0.0,On Track,
W01107,MP035,West Bengal,Malda,IA050,Community Hall,3363514.11,In Progress,0.1673535736474936,,0.0,,0.0,,1.0,"sanctioned 538 days ago but expected duration was only 240 days (2.2x overdue), still marked 'In Progress' | 100% of sanctioned funds already disbursed, but work is still marked 'In Progress' -- payment has outpaced physical progress",0.0,,0.0,,0.0,,0,14.2,Low,100.0,Severely Stalled,
W01091,MP030,Bihar,Muzaffarpur,IA032,Public Toilet Complex,1039033.55,Completed,0.1664339157450412,,0.0,,0.0,,0.0,,0.04602081765710484,,0.0,,0.0,,0,14.1,Low,0.0,On Track,
W00943,MP009,Bihar,Patna,IA023,School Building Renovation,1603170.83,Completed,0.1663957339065841,,0.0,,0.0,,0.0,,0.020497729299039386,,0.0,,0.0,,0,14.1,Low,0.0,On Track,
W00176,MP035,West Bengal,Howrah,IA045,Drinking Water Facility,900227.82,Completed,0.16617280205822363,,0.0,,0.0,,0.0,,0.024617125692273936,,0.0,,0.0,,0,14.1,Low,0.0,On Track,
W00426,MP013,Uttar Pradesh,Gorakhpur,IA053,Health Sub-Centre Upgrade,1527717.59,Completed,0.16644532842777085,,0.0,,0.0,,0.0,,0.06849020907216506,,0.0,,0.0,,0,14.1,Low,0.0,On Track,
W00388,MP018,Bihar,Gaya,IA011,Health Sub-Centre Upgrade,1485135.68,In Progress,0.16632221033634328,,0.0,,0.0,,1.0,"100% of sanctioned funds already disbursed, but work is still marked 'In Progress' -- payment has outpaced physical progress",0.0,,0.0,,0.0,,0,14.1,Low,100.0,Severely Stalled,
W01373,MP001,West Bengal,Malda,IA007,Public Toilet Complex,572593.38,Completed,0.16507472353958755,,0.0,,0.0,,0.0,,0.028560547898443252,,0.0,,0.0,,0,14.0,Low,0.0,On Track,
W00503,MP023,Tamil Nadu,Coimbatore,IA055,Community Hall,3668186.15,Completed,0.1642575988483675,,0.0,,0.0,,0.0,,0.026778887935915114,,0.0,,0.0,,0,14.0,Low,0.0,On Track,
W00438,MP009,Bihar,Muzaffarpur,IA032,Road Construction (per km),1920028.46,Completed,0.16474766902496094,,0.0,,0.0,,0.0,,0.013316510210917905,,0.0,,0.0,,0,14.0,Low,0.0,On Track,
W01270,MP028,Tamil Nadu,Salem,IA006,Drainage / Sewage Line (per km),1631844.33,Completed,0.1637795443934906,,0.0,,0.0,,0.0,,0.08350321369616019,,0.0,,0.0,,0,13.9,Low,0.0,On Track,
W01184,MP002,West Bengal,Howrah,IA022,Health Sub-Centre Upgrade,1561996.87,Completed,0.16350253448609414,,0.0,,0.0,,0.0,,0.06990092767113039,,0.0,,0.0,,0,13.9,Low,0.0,On Track,
W00586,MP040,Bihar,Gaya,IA011,Street Lighting (per 50 units),2115015.76,Completed,0.16268930244415838,,0.0,,0.0,,0.0,,0.05137461064991928,,0.0,,0.0,,0,13.8,Low,0.0,On Track,
W00944,MP028,Tamil Nadu,Madurai,IA044,School Building Renovation,1667051.48,Completed,0.1609100356425203,,0.0,,0.0,,0.0,,0.02843633029514489,,0.0,,0.0,,0,13.7,Low,0.0,On Track,
W00988,MP039,Bihar,Gaya,IA049,Community Hall,3254471.29,Completed,0.16033002436628516,,0.0,,0.0,,0.0,,0.02738417538786349,,0.0,,0.0,,0,13.6,Low,0.0,On Track,
W00348,MP022,Uttar Pradesh,Meerut,IA040,Street Lighting (per 50 units),1205028.75,In Progress,0.1599181078034628,,0.0,,0.0,,1.0,"sanctioned 827 days ago but expected duration was only 90 days (9.2x overdue), still marked 'In Progress' | 100% of sanctioned funds already disbursed, but work is still marked 'In Progress' -- payment has outpaced physical progress",0.0,,0.0,,0.0,,0,13.6,Low,100.0,Severely Stalled,
W00829,MP021,West Bengal,Howrah,IA045,Public Toilet Complex,913974.22,Completed,0.15975535689823353,,0.0,,0.0,,0.0,,0.01765906060970619,,0.0,,0.0,,0,13.6,Low,0.0,On Track,
W00068,MP025,Bihar,Patna,IA023,Health Sub-Centre Upgrade,1683262.82,In Progress,0.1593121849322726,,0.0,,0.0,,1.0,"sanctioned 318 days ago but expected duration was only 210 days (1.5x overdue), still marked 'In Progress' | 100% of sanctioned funds already disbursed, but work is still marked 'In Progress' -- payment has outpaced physical progress",0.0,,0.0,,0.0,,0,13.5,Low,100.0,Severely Stalled,
W00475,MP010,Bihar,Gaya,IA025,Drainage / Sewage Line (per km),1936254.37,Completed,0.15935798842369991,,0.0,,0.0,,0.0,,0.03656406710216883,,0.0,,0.0,,0,13.5,Low,0.0,On Track,
W00987,MP013,Uttar Pradesh,Gorakhpur,IA039,Public Toilet Complex,644809.73,Completed,0.15829483753570003,,0.0,,0.0,,0.0,,0.03952519966743951,,0.0,,0.0,,0,13.5,Low,0.0,On Track,
W00865,MP018,Bihar,Gaya,IA011,Road Construction (per km),2096309.66,Completed,0.15794781557928367,,0.0,,0.0,,0.0,,0.07407036563795263,,0.0,,0.0,,0,13.4,Low,0.0,On Track,
W01148,MP015,West Bengal,Malda,IA002,Public Toilet Complex,869026.46,Completed,0.15677911096368338,,0.0,,0.0,,0.0,,0.038407239322352724,,0.0,,0.0,,0,13.3,Low,0.0,On Track,
W00382,MP039,Bihar,Gaya,IA036,Road Construction (per km),9130667.41,Completed,0.15666470744281108,,0.0,,0.0,,0.0,,0.0723954254863197,,0.0,,0.0,,0,13.3,Low,0.0,On Track,
W01058,MP039,Bihar,Gaya,IA036,Public Toilet Complex,726853.35,Completed,0.1558875298612756,,0.0,,0.0,,0.0,,0.03202297311899278,,0.0,,0.0,,0,13.3,Low,0.0,On Track,
W00618,MP006,Bihar,Muzaffarpur,IA032,Public Toilet Complex,812149.62,Completed,0.15658126604083752,,0.0,,0.0,,0.0,,0.01993609139397876,,0.0,,0.0,,0,13.3,Low,0.0,On Track,
W00300,MP001,West Bengal,Malda,IA002,Street Lighting (per 50 units),1936162.89,Completed,0.1552585649734139,,0.0,,0.0,,0.0,,0.049531459516583054,,0.0,,0.0,,0,13.2,Low,0.0,On Track,
W01031,MP032,Tamil Nadu,Coimbatore,IA015,Drainage / Sewage Line (per km),2159641.6,Completed,0.15585237422831755,,0.0,,0.0,,0.0,,0.012233920562812589,,0.0,,0.0,,0,13.2,Low,0.0,On Track,
W01188,MP021,West Bengal,Malda,IA007,Drainage / Sewage Line (per km),513822.37,Completed,0.15422815928234965,,0.0,,0.0,,0.0,,0.06870193685115034,,0.0,,0.0,,0,13.1,Low,0.0,On Track,
W01287,MP032,Tamil Nadu,Coimbatore,IA024,Road Construction (per km),5414286.97,In Progress,0.15440082868467575,,0.0,,0.0,,0.0,,0.0,,0.0,,0.0,,0,13.1,Low,0.0,On Track,
W00333,MP017,Uttar Pradesh,Gorakhpur,IA004,Public Toilet Complex,687927.45,Completed,0.1543874646004627,,0.0,,0.0,,0.0,,0.009538615772938507,,0.0,,0.0,,0,13.1,Low,0.0,On Track,
W01030,MP033,Uttar Pradesh,Meerut,IA047,Health Sub-Centre Upgrade,1730405.47,In Progress,0.15368815447121853,,0.0,,0.0,,1.0,"sanctioned 1214 days ago but expected duration was only 210 days (5.8x overdue), still marked 'In Progress' | 100% of sanctioned funds already disbursed, but work is still marked 'In Progress' -- payment has outpaced physical progress",0.0,,0.0,,0.0,,0,13.1,Low,100.0,Severely Stalled,
W01179,MP023,Tamil Nadu,Coimbatore,IA055,Drinking Water Facility,1765739.07,Completed,0.15401829910500822,,0.0,,0.0,,0.0,,0.029801744175018522,,0.0,,0.0,,0,13.1,Low,0.0,On Track,
W00118,MP017,Uttar Pradesh,Gorakhpur,IA046,Health Sub-Centre Upgrade,1731010.3,Completed,0.154643447577357,,0.0,,0.0,,0.0,,0.07407585604277454,,0.0,,0.0,,0,13.1,Low,0.0,On Track,
W00614,MP006,Bihar,Muzaffarpur,IA032,Community Hall,3266216.59,Completed,0.15235478436968894,,0.0,,0.0,,0.0,,0.05944317852001842,,0.0,,0.0,,0,13.0,Low,0.0,On Track,
W01032,MP020,Tamil Nadu,Coimbatore,IA015,School Building Renovation,1750867.16,Completed,0.15020901046376464,,0.0,,0.0,,0.0,,0.03973625624982367,,0.0,,0.0,,0,12.8,Low,0.0,On Track,
W00432,MP005,Tamil Nadu,Madurai,IA044,Drainage / Sewage Line (per km),2815097.75,Completed,0.15098375719527615,,0.0,,0.0,,0.0,,0.03736461694473403,,0.0,,0.0,,0,12.8,Low,0.0,On Track,
W01103,MP031,Uttar Pradesh,Gorakhpur,IA060,Community Hall,3247757.21,Completed,0.14948134696724674,,0.0,,0.0,,0.0,,0.043292702548264554,,0.0,,0.0,,0,12.7,Low,0.0,On Track,
W01182,MP001,West Bengal,Malda,IA019,School Building Renovation,2588063.68,Completed,0.14934464542844042,,0.0,,0.0,,0.0,,0.015685504230939094,,0.0,,0.0,,0,12.7,Low,0.0,On Track,
W01294,MP033,Uttar Pradesh,Meerut,IA018,Public Toilet Complex,897252.67,Completed,0.14900669374585657,,0.0,,0.0,,0.0,,0.05289921052881447,,0.0,,0.0,,0,12.7,Low,0.0,On Track,
W00887,MP008,West Bengal,Howrah,IA009,Drainage / Sewage Line (per km),514949.51,Completed,0.14823997384226376,,0.0,,0.0,,0.0,,0.04378066876026183,,0.0,,0.0,,0,12.6,Low,0.0,On Track,
W01235,MP006,Bihar,Muzaffarpur,IA032,Health Sub-Centre Upgrade,1675704.88,Completed,0.1468902359687104,,0.0,,0.0,,0.0,,0.03135886817623608,,0.0,,0.0,,0,12.5,Low,0.0,On Track,
W01014,MP039,Bihar,Gaya,IA025,Community Hall,3274048.41,Completed,0.14703685770028538,,0.0,,0.0,,0.0,,0.023116315272280332,,0.0,,0.0,,0,12.5,Low,0.0,On Track,
W01246,MP004,Bihar,Gaya,IA049,Public Toilet Complex,879557.42,Completed,0.14678060249141076,,0.0,,0.0,,0.0,,0.10683844481857646,,0.0,,0.0,,0,12.5,Low,0.0,On Track,
W00664,MP025,Bihar,Patna,IA023,School Building Renovation,2465357.75,Completed,0.14671845092262692,,0.0,,0.0,,0.0,,0.08162045537105385,,0.0,,0.0,,0,12.5,Low,0.0,On Track,
W00752,MP005,Tamil Nadu,Madurai,IA044,Community Hall,3353508.86,In Progress,0.14761561802061476,,0.0,,0.0,,1.0,"sanctioned 589 days ago but expected duration was only 240 days (2.5x overdue), still marked 'In Progress' | 100% of sanctioned funds already disbursed, but work is still marked 'In Progress' -- payment has outpaced physical progress",0.0,,0.0,,0.0,,0,12.5,Low,100.0,Severely Stalled,
W01243,MP023,Tamil Nadu,Coimbatore,IA055,School Building Renovation,1215926.94,Completed,0.14548073291630229,,0.0,,0.0,,0.0,,0.02425892613404815,,0.0,,0.0,,0,12.4,Low,0.0,On Track,
W00745,MP034,Uttar Pradesh,Gorakhpur,IA053,Drainage / Sewage Line (per km),4292226.37,Completed,0.14553001015407047,,0.0,,0.0,,0.0,,0.04775603091305039,,0.0,,0.0,,0,12.4,Low,0.0,On Track,
W00257,MP025,Bihar,Patna,IA023,Public Toilet Complex,748938.62,Completed,0.1461502183424326,,0.0,,0.0,,0.0,,0.021003430208546937,,0.0,,0.0,,0,12.4,Low,0.0,On Track,
W00132,MP008,West Bengal,Howrah,IA012,School Building Renovation,2210220.29,Completed,0.14619081375782908,,0.0,,0.0,,0.0,,0.04164130744063461,,0.0,,0.0,,0,12.4,Low,0.0,On Track,
W00737,MP029,Bihar,Patna,IA023,Street Lighting (per 50 units),1140952.5,Completed,0.1450823789063481,,0.0,,0.0,,0.0,,0.05160889827712578,,0.0,,0.0,,0,12.3,Low,0.0,On Track,
W00957,MP002,West Bengal,Howrah,IA056,Drainage / Sewage Line (per km),3847037.75,Completed,0.14487771526858065,,0.0,,0.0,,0.0,,0.03551034224369404,,0.0,,0.0,,0,12.3,Low,0.0,On Track,
W00840,MP036,Maharashtra,Pune,IA003,School Building Renovation,2490401.64,Completed,0.14465626008525087,,0.0,,0.0,,0.0,,0.05103851814853219,,0.0,,0.0,,0,12.3,Low,0.0,On Track,
W00543,MP010,Bihar,Gaya,IA036,Street Lighting (per 50 units),2261870.28,Completed,0.14424487095516428,,0.0,,0.0,,0.0,,0.027225919376260652,,0.0,,0.0,,0,12.3,Low,0.0,On Track,
W00193,MP011,Bihar,Muzaffarpur,IA032,Health Sub-Centre Upgrade,1673572.59,Completed,0.1433856834642567,,0.0,,0.0,,0.0,,0.035318967496603786,,0.0,,0.0,,0,12.2,Low,0.0,On Track,
W01069,MP018,Bihar,Gaya,IA025,Street Lighting (per 50 units),1636476.3,Completed,0.14371530405560393,,0.0,,0.0,,0.0,,0.03881337518035393,,0.0,,0.0,,0,12.2,Low,0.0,On Track,
W01173,MP039,Bihar,Gaya,IA042,Drainage / Sewage Line (per km),2778289.33,Completed,0.14337908128713298,,0.0,,0.0,,0.0,,0.03396355388515888,,0.0,,0.0,,0,12.2,Low,0.0,On Track,
W00643,MP038,Tamil Nadu,Coimbatore,IA015,Road Construction (per km),2312282.94,Completed,0.14336788559855665,,0.0,,0.0,,0.0,,0.05051181217313011,,0.0,,0.0,,0,12.2,Low,0.0,On Track,
W00017,MP040,Bihar,Gaya,IA011,Public Toilet Complex,1343608.66,Completed,0.14264571041901833,,0.0,,0.0,,0.0,,0.0899835178126452,,0.0,,0.0,,0,12.1,Low,0.0,On Track,
W00312,MP036,Maharashtra,Nashik,IA048,Drainage / Sewage Line (per km),816689.86,Completed,0.14249220433022156,,0.0,,0.0,,0.0,,0.03187619264405132,,0.0,,0.0,,0,12.1,Low,0.0,On Track,
W01127,MP025,Bihar,Patna,IA023,Street Lighting (per 50 units),1384236.95,In Progress,0.1418124807369139,,0.0,,0.0,,1.0,"sanctioned 709 days ago but expected duration was only 90 days (7.9x overdue), still marked 'In Progress' | 100% of sanctioned funds already disbursed, but work is still marked 'In Progress' -- payment has outpaced physical progress",0.0,,0.0,,0.0,,0,12.1,Low,100.0,Severely Stalled,
W00379,MP024,Maharashtra,Nashik,IA027,Street Lighting (per 50 units),926320.28,Completed,0.14235260520613005,,0.0,,0.0,,0.0,,0.04452689380145877,,0.0,,0.0,,0,12.1,Low,0.0,On Track,
W00849,MP005,Tamil Nadu,Coimbatore,IA015,School Building Renovation,1605011.75,In Progress,0.13989168084879372,,0.0,,0.0,,0.0,,0.0,,0.0,,0.0,,0,11.9,Low,0.0,On Track,
W01242,MP026,Maharashtra,Nagpur,IA035,Road Construction (per km),7720022.3,Completed,0.1405282234215452,,0.0,,0.0,,0.0,,0.022914768203088354,,0.0,,0.0,,0,11.9,Low,0.0,On Track,
W00476,MP015,West Bengal,Malda,IA028,Drainage / Sewage Line (per km),2039405.21,Completed,0.1401474285190421,,0.0,,0.0,,0.0,,0.06945267473024859,,0.0,,0.0,,0,11.9,Low,0.0,On Track,
W00929,MP012,Uttar Pradesh,Varanasi,IA057,School Building Renovation,2281162.68,Completed,0.1399103730756371,,0.0,,0.0,,0.0,,0.02938073946844542,,0.0,,0.0,,0,11.9,Low,0.0,On Track,
W01168,MP040,Bihar,Gaya,IA025,Road Construction (per km),6811833.55,Completed,0.13948088070807999,,0.0,,0.0,,0.0,,0.03879434520880936,,0.0,,0.0,,0,11.9,Low,0.0,On Track,
W01372,MP010,Bihar,Patna,IA023,Street Lighting (per 50 units),2547353.59,Completed,0.13944895272551064,,0.0,,0.0,,0.0,,0.0262304041413062,,0.0,,0.0,,0,11.9,Low,0.0,On Track,
W00358,MP021,West Bengal,Howrah,IA058,Community Hall,3389488.48,Completed,0.13989402688634686,,0.0,,0.0,,0.0,,0.016389439984034162,,0.0,,0.0,,0,11.9,Low,0.0,On Track,
W00859,MP015,West Bengal,Malda,IA030,Drinking Water Facility,952235.08,Completed,0.1387602204785711,,0.0,,0.0,,0.0,,0.05597503889550062,,0.0,,0.0,,0,11.8,Low,0.0,On Track,
W00928,MP015,West Bengal,Howrah,IA022,Drinking Water Facility,1842772.76,Completed,0.1393100103397439,,0.0,,0.0,,0.0,,0.014854833676464197,,0.0,,0.0,,0,11.8,Low,0.0,On Track,
W00491,MP033,Uttar Pradesh,Meerut,IA005,Drinking Water Facility,898193.1,Completed,0.13820306739480928,,0.0,,0.0,,0.0,,0.042842701348934746,,0.0,,0.0,,0,11.7,Low,0.0,On Track,
W00446,MP036,Maharashtra,Nashik,IA038,Street Lighting (per 50 units),1976782.69,Completed,0.1382245367356428,,0.0,,0.0,,0.0,,0.025791748719034516,,0.0,,0.0,,0,11.7,Low,0.0,On Track,
W01098,MP015,West Bengal,Malda,IA050,Drinking Water Facility,1821367.46,Completed,0.13714165462036362,,0.0,,0.0,,0.0,,0.02503371207337865,,0.0,,0.0,,0,11.7,Low,0.0,On Track,
W00428,MP025,Bihar,Patna,IA023,Street Lighting (per 50 units),1079910.42,In Progress,0.13747683620670062,,0.0,,0.0,,1.0,"sanctioned 829 days ago but expected duration was only 90 days (9.2x overdue), still marked 'In Progress' | 100% of sanctioned funds already disbursed, but work is still marked 'In Progress' -- payment has outpaced physical progress",0.0,,0.0,,0.0,,0,11.7,Low,100.0,Severely Stalled,
W00934,MP021,West Bengal,Howrah,IA045,Drainage / Sewage Line (per km),3557277.51,Completed,0.13669069387547575,,0.0,,0.0,,0.0,,0.0047706643363448304,,0.0,,0.0,,0,11.6,Low,0.0,On Track,
W01186,MP024,Maharashtra,Nagpur,IA034,Community Hall,3620680.66,In Progress,0.1360147220880742,,0.0,,0.0,,0.0,,0.0,,0.0,,0.0,,0,11.6,Low,0.0,On Track,
W01374,MP022,Uttar Pradesh,Meerut,IA047,Community Hall,3264713.56,Completed,0.13668485891014875,,0.0,,0.0,,0.0,,0.04059803833338207,,0.0,,0.0,,0,11.6,Low,0.0,On Track,
W00533,MP040,Bihar,Gaya,IA049,Drinking Water Facility,1736605.99,Completed,0.1360386573834156,,0.0,,0.0,,0.0,,0.07979265620830638,,0.0,,0.0,,0,11.6,Low,0.0,On Track,
W00649,MP006,Bihar,Patna,IA023,Drainage / Sewage Line (per km),2760212.6,Completed,0.13608922559361994,,0.0,,0.0,,0.0,,0.029923173270621384,,0.0,,0.0,,0,11.6,Low,0.0,On Track,
W00966,MP007,Maharashtra,Nagpur,IA034,Street Lighting (per 50 units),1619775.66,Completed,0.1361359029707716,,0.0,,0.0,,0.0,,0.02918546347643841,,0.0,,0.0,,0,11.6,Low,0.0,On Track,
W00924,MP036,Maharashtra,Nashik,IA048,Public Toilet Complex,538353.96,Completed,0.13606634647844032,,0.0,,0.0,,0.0,,0.04141044306520364,,0.0,,0.0,,0,11.6,Low,0.0,On Track,
W00733,MP034,Uttar Pradesh,Varanasi,IA057,Street Lighting (per 50 units),737210.87,Completed,0.1349633459016601,,0.0,,0.0,,0.0,,0.023012176389838476,,0.0,,0.0,,0,11.5,Low,0.0,On Track,
W00225,MP014,Maharashtra,Nagpur,IA016,Public Toilet Complex,878278.02,In Progress,0.1356112946512995,,0.0,,0.0,,1.0,"sanctioned 1135 days ago but expected duration was only 120 days (9.5x overdue), still marked 'In Progress' | 100% of sanctioned funds already disbursed, but work is still marked 'In Progress' -- payment has outpaced physical progress",0.0,,0.0,,0.0,,0,11.5,Low,100.0,Severely Stalled,
W00221,MP021,West Bengal,Howrah,IA045,Road Construction (per km),994877.22,In Progress,0.13402062972195836,,0.0,,0.0,,0.0,,0.0,,0.0,,0.0,,0,11.4,Low,0.0,On Track,
W00223,MP030,Bihar,Muzaffarpur,IA032,Road Construction (per km),7461082.86,In Progress,0.13384623926263206,,0.0,,0.0,,1.0,"sanctioned 763 days ago but expected duration was only 270 days (2.8x overdue), still marked 'In Progress' | 100% of sanctioned funds already disbursed, but work is still marked 'In Progress' -- payment has outpaced physical progress",0.0,,0.0,,0.0,,0,11.4,Low,100.0,Severely Stalled,
W00387,MP016,West Bengal,Howrah,IA037,Community Hall,3649205.63,Completed,0.1346733726346704,,0.0,,0.0,,0.0,,0.04061502932176753,,0.0,,0.0,,0,11.4,Low,0.0,On Track,
W01381,MP026,Maharashtra,Nagpur,IA035,Road Construction (per km),6661466.06,Completed,0.13439167463207638,,0.0,,0.0,,0.0,,0.060220300709562004,,0.0,,0.0,,0,11.4,Low,0.0,On Track,
W00525,MP025,Bihar,Patna,IA023,Drainage / Sewage Line (per km),1865128.23,Completed,0.13339571249675222,,0.0,,0.0,,0.0,,0.014851785873009143,,0.0,,0.0,,0,11.3,Low,0.0,On Track,
W00013,MP004,Bihar,Muzaffarpur,IA032,Road Construction (per km),4281613.19,In Progress,0.13201737811619005,,0.0,,0.0,,0.0,,0.0,,0.0,,0.0,,0,11.2,Low,0.0,On Track,
W00529,MP011,Bihar,Muzaffarpur,IA032,Street Lighting (per 50 units),775851.25,Completed,0.13182533884036104,,0.0,,0.0,,0.0,,0.031963091952864224,,0.0,,0.0,,0,11.2,Low,0.0,On Track,
W00473,MP001,West Bengal,Malda,IA014,School Building Renovation,2339967.48,Completed,0.13233472883551767,,0.0,,0.0,,0.0,,0.044281776502875375,,0.0,,0.0,,0,11.2,Low,0.0,On Track,
W00679,MP017,Uttar Pradesh,Gorakhpur,IA039,Health Sub-Centre Upgrade,1716625.96,In Progress,0.13192423583463572,,0.0,,0.0,,0.0,,0.0,,0.0,,0.0,,0,11.2,Low,0.0,On Track,
W00105,MP012,Uttar Pradesh,Varanasi,IA057,Community Hall,3271015.43,Completed,0.13192901203317436,,0.0,,0.0,,0.0,,0.0873139188371222,,0.0,,0.0,,0,11.2,Low,0.0,On Track,
W00584,MP031,Uttar Pradesh,Gorakhpur,IA054,Community Hall,3620548.04,Completed,0.13185357498769104,,0.0,,0.0,,0.0,,0.029842072229108705,,0.0,,0.0,,0,11.2,Low,0.0,On Track,
W00693,MP019,Maharashtra,Nashik,IA038,Street Lighting (per 50 units),1628357.83,Completed,0.1314003152948167,,0.0,,0.0,,0.0,,0.03305102862090198,,0.0,,0.0,,0,11.2,Low,0.0,On Track,
W00464,MP023,Tamil Nadu,Coimbatore,IA024,Drainage / Sewage Line (per km),3531648.62,Completed,0.1310615751097621,,0.0,,0.0,,0.0,,0.0644509817116568,,0.0,,0.0,,0,11.1,Low,0.0,On Track,
W01065,MP035,West Bengal,Malda,IA051,Drinking Water Facility,2038698.53,Completed,0.12902333088717968,,0.0,,0.0,,0.0,,0.040958844346943316,,0.0,,0.0,,0,11.0,Low,0.0,On Track,
W00361,MP015,West Bengal,Malda,IA007,Road Construction (per km),4355073.77,Completed,0.1276733265530887,,0.0,,0.0,,0.0,,0.01781602272257084,,0.0,,0.0,,0,10.9,Low,0.0,On Track,
W00570,MP010,Bihar,Gaya,IA036,Health Sub-Centre Upgrade,1664024.86,Completed,0.12769338969401392,,0.0,,0.0,,0.0,,0.03906327303139267,,0.0,,0.0,,0,10.9,Low,0.0,On Track,
W00609,MP028,Tamil Nadu,Madurai,IA044,Drinking Water Facility,1680777.75,Completed,0.1268918934978158,,0.0,,0.0,,0.0,,0.021666291539676034,,0.0,,0.0,,0,10.8,Low,0.0,On Track,
W00535,MP016,West Bengal,Howrah,IA022,School Building Renovation,2363018.81,Completed,0.12760245584413507,,0.0,,0.0,,0.0,,0.062102312496287004,,0.0,,0.0,,0,10.8,Low,0.0,On Track,
W00538,MP035,West Bengal,Malda,IA007,School Building Renovation,1635455.6,Completed,0.1266538844686937,,0.0,,0.0,,0.0,,0.05220005426556699,,0.0,,0.0,,0,10.8,Low,0.0,On Track,
W00451,MP009,Bihar,Muzaffarpur,IA032,Drainage / Sewage Line (per km),1678601.87,Completed,0.12695908901437258,,0.0,,0.0,,0.0,,0.020006773151070568,,0.0,,0.0,,0,10.8,Low,0.0,On Track,
W00882,MP003,Bihar,Patna,IA023,Community Hall,3305467.3,Completed,0.12570294641861027,,0.0,,0.0,,0.0,,0.05415634710768665,,0.0,,0.0,,0,10.7,Low,0.0,On Track,
W01050,MP007,Maharashtra,Nagpur,IA034,Public Toilet Complex,1052527.2,Completed,0.12645010872477705,,0.0,,0.0,,0.0,,0.010061474678592539,,0.0,,0.0,,0,10.7,Low,0.0,On Track,
W00993,MP022,Uttar Pradesh,Meerut,IA040,Health Sub-Centre Upgrade,1712542.39,Completed,0.12547447925934446,,0.0,,0.0,,0.0,,0.0011349034866212455,,0.0,,0.0,,0,10.7,Low,0.0,On Track,
W00861,MP024,Maharashtra,Nagpur,IA016,Community Hall,3606499.4,In Progress,0.12495138939249872,,0.0,,0.0,,1.0,"sanctioned 774 days ago but expected duration was only 240 days (3.2x overdue), still marked 'In Progress' | 100% of sanctioned funds already disbursed, but work is still marked 'In Progress' -- payment has outpaced physical progress",0.0,,0.0,,0.0,,0,10.6,Low,100.0,Severely Stalled,
W00369,MP005,Tamil Nadu,Coimbatore,IA015,Public Toilet Complex,1258206.75,Completed,0.1231447339120394,,0.0,,0.0,,0.0,,0.05949646908264303,,0.0,,0.0,,0,10.5,Low,0.0,On Track,
W00272,MP010,Bihar,Gaya,IA036,Drainage / Sewage Line (per km),4250211.32,Completed,0.12370983998305722,,0.0,,0.0,,0.0,,0.04837820526751448,,0.0,,0.0,,0,10.5,Low,0.0,On Track,
W01263,MP017,Uttar Pradesh,Gorakhpur,IA046,Road Construction (per km),4805630.4,Completed,0.12392080003018764,,0.0,,0.0,,0.0,,0.02746896403940309,,0.0,,0.0,,0,10.5,Low,0.0,On Track,
W01000,MP008,West Bengal,Howrah,IA037,School Building Renovation,1529989.0,Completed,0.12322178348326916,,0.0,,0.0,,0.0,,0.04196281557713253,,0.0,,0.0,,0,10.5,Low,0.0,On Track,
W00818,MP022,Uttar Pradesh,Meerut,IA047,Community Hall,3607536.94,In Progress,0.12203445791593283,,0.0,,0.0,,1.0,"sanctioned 1176 days ago but expected duration was only 240 days (4.9x overdue), still marked 'In Progress' | 100% of sanctioned funds already disbursed, but work is still marked 'In Progress' -- payment has outpaced physical progress",0.0,,0.0,,0.0,,0,10.4,Low,100.0,Severely Stalled,
W00671,MP039,Bihar,Gaya,IA011,Street Lighting (per 50 units),2081707.47,Completed,0.12132061404238252,,0.0,,0.0,,0.0,,0.050599836489372045,,0.0,,0.0,,0,10.3,Low,0.0,On Track,
W00021,MP008,West Bengal,Howrah,IA058,Drinking Water Facility,1988981.0,In Progress,0.12135626649029652,,0.0,,0.0,,1.0,"sanctioned 758 days ago but expected duration was only 150 days (5.1x overdue), still marked 'In Progress' | 100% of sanctioned funds already disbursed, but work is still marked 'In Progress' -- payment has outpaced physical progress",0.0,,0.0,,0.0,,0,10.3,Low,100.0,Severely Stalled,
W00874,MP029,Bihar,Patna,IA023,School Building Renovation,2144780.4,Completed,0.11983376806833201,,0.0,,0.0,,0.0,,0.0457015768859913,,0.0,,0.0,,0,10.2,Low,0.0,On Track,
W00031,MP002,West Bengal,Howrah,IA037,Community Hall,3408369.89,Completed,0.11993300527883971,,0.0,,0.0,,0.0,,0.04874243640565976,,0.0,,0.0,,0,10.2,Low,0.0,On Track,
W01024,MP034,Uttar Pradesh,Gorakhpur,IA054,Drainage / Sewage Line (per km),2392225.57,In Progress,0.11930841149757086,,0.0,,0.0,,1.0,"sanctioned 652 days ago but expected duration was only 180 days (3.6x overdue), still marked 'In Progress' | 100% of sanctioned funds already disbursed, but work is still marked 'In Progress' -- payment has outpaced physical progress",0.0,,0.0,,0.0,,0,10.1,Low,100.0,Severely Stalled,
W00173,MP024,Maharashtra,Nagpur,IA035,Health Sub-Centre Upgrade,1651419.73,Completed,0.11904695367914991,,0.0,,0.0,,0.0,,0.042547781635068,,0.0,,0.0,,0,10.1,Low,0.0,On Track,
W01395,MP014,Maharashtra,Pune,IA003,Community Hall,3293419.27,Completed,0.11929415991440014,,0.0,,0.0,,0.0,,0.04525027212098239,,0.0,,0.0,,0,10.1,Low,0.0,On Track,
W01313,MP017,Uttar Pradesh,Gorakhpur,IA054,School Building Renovation,2204627.36,Completed,0.11719745489715645,,0.0,,0.0,,0.0,,0.028760500294886582,,0.0,,0.0,,0,10.0,Low,0.0,On Track,
W00662,MP012,Uttar Pradesh,Varanasi,IA057,Street Lighting (per 50 units),1204206.96,Completed,0.11714970050140917,,0.0,,0.0,,0.0,,0.05121941115196261,,0.0,,0.0,,0,10.0,Low,0.0,On Track,
W01082,MP016,West Bengal,Howrah,IA056,Community Hall,3633294.19,In Progress,0.11785213959929068,,0.0,,0.0,,0.0,,0.0,,0.0,,0.0,,0,10.0,Low,0.0,On Track,
W01196,MP001,West Bengal,Malda,IA014,Community Hall,3410646.41,Completed,0.1175263171708053,,0.0,,0.0,,0.0,,0.04137310513030986,,0.0,,0.0,,0,10.0,Low,0.0,On Track,
W01247,MP037,Bihar,Muzaffarpur,IA032,School Building Renovation,2449975.85,Completed,0.11596866042383742,,0.0,,0.0,,0.0,,0.023245141295555143,,0.0,,0.0,,0,9.9,Low,0.0,On Track,
W01286,MP022,Uttar Pradesh,Meerut,IA040,Drinking Water Facility,1059929.24,Completed,0.11676301363324709,,0.0,,0.0,,0.0,,0.06831982812498517,,0.0,,0.0,,0,9.9,Low,0.0,On Track,
W00902,MP014,Maharashtra,Pune,IA003,Road Construction (per km),5376353.68,In Progress,0.11697683166248542,,0.0,,0.0,,1.0,"sanctioned 752 days ago but expected duration was only 270 days (2.8x overdue), still marked 'In Progress' | 100% of sanctioned funds already disbursed, but work is still marked 'In Progress' -- payment has outpaced physical progress",0.0,,0.0,,0.0,,0,9.9,Low,100.0,Severely Stalled,
W00100,MP001,West Bengal,Malda,IA050,Drinking Water Facility,1011972.25,Completed,0.11563780031467691,,0.0,,0.0,,0.0,,0.04186346396838259,,0.0,,0.0,,0,9.8,Low,0.0,On Track,
W00276,MP021,West Bengal,Howrah,IA012,Road Construction (per km),7965374.05,Completed,0.11471174061719018,,0.0,,0.0,,0.0,,0.03204885380324054,,0.0,,0.0,,0,9.8,Low,0.0,On Track,
W01236,MP032,Tamil Nadu,Coimbatore,IA015,Road Construction (per km),2878979.15,Completed,0.11481755690060717,,0.0,,0.0,,0.0,,0.03851110321158861,,0.0,,0.0,,0,9.8,Low,0.0,On Track,
W00515,MP013,Uttar Pradesh,Gorakhpur,IA008,Public Toilet Complex,497603.12,Completed,0.11508484398869111,,0.0,,0.0,,0.0,,0.04708370398593718,,0.0,,0.0,,0,9.8,Low,0.0,On Track,
W00129,MP016,West Bengal,Howrah,IA020,Public Toilet Complex,1250332.82,Completed,0.11388875240777026,,0.0,,0.0,,0.0,,0.019545266047331523,,0.0,,0.0,,0,9.7,Low,0.0,On Track,
W00042,MP003,Bihar,Patna,IA023,Drinking Water Facility,868885.47,Completed,0.11365145531567834,,0.0,,0.0,,0.0,,0.026967239448444313,,0.0,,0.0,,0,9.7,Low,0.0,On Track,
W00349,MP031,Uttar Pradesh,Gorakhpur,IA046,Health Sub-Centre Upgrade,1561630.03,Completed,0.1128826411531149,,0.0,,0.0,,0.0,,0.08830660609860047,,0.0,,0.0,,0,9.6,Low,0.0,On Track,
W01369,MP029,Bihar,Muzaffarpur,IA032,Health Sub-Centre Upgrade,1517793.4,Completed,0.11264719689269409,,0.0,,0.0,,0.0,,0.012154886212398157,,0.0,,0.0,,0,9.6,Low,0.0,On Track,
W00587,MP015,West Bengal,Malda,IA043,Community Hall,3416632.77,Completed,0.11119766579835415,,0.0,,0.0,,0.0,,0.053854572142423666,,0.0,,0.0,,0,9.5,Low,0.0,On Track,
W00436,MP007,Maharashtra,Nagpur,IA035,Street Lighting (per 50 units),1212952.33,Completed,0.11229453110447997,,0.0,,0.0,,0.0,,0.05480164848114475,,0.0,,0.0,,0,9.5,Low,0.0,On Track,
W00016,MP038,Tamil Nadu,Madurai,IA044,Drainage / Sewage Line (per km),1587134.23,Completed,0.1122426802086278,,0.0,,0.0,,0.0,,0.024442358850900386,,0.0,,0.0,,0,9.5,Low,0.0,On Track,
W01053,MP033,Uttar Pradesh,Meerut,IA005,Public Toilet Complex,1017635.84,Completed,0.11131972887662671,,0.0,,0.0,,0.0,,0.05512538112935398,,0.0,,0.0,,0,9.5,Low,0.0,On Track,
W00605,MP017,Uttar Pradesh,Gorakhpur,IA046,Drainage / Sewage Line (per km),3183334.21,Completed,0.11082552657608641,,0.0,,0.0,,0.0,,0.05874015252022357,,0.0,,0.0,,0,9.4,Low,0.0,On Track,
W00819,MP019,Maharashtra,Pune,IA003,Drinking Water Facility,2282915.05,Completed,0.11100437218023297,,0.0,,0.0,,0.0,,0.051561868246929814,,0.0,,0.0,,0,9.4,Low,0.0,On Track,
W00521,MP028,Tamil Nadu,Madurai,IA044,Health Sub-Centre Upgrade,1635234.81,In Progress,0.11093942393261623,,0.0,,0.0,,1.0,"sanctioned 552 days ago but expected duration was only 210 days (2.6x overdue), still marked 'In Progress' | 100% of sanctioned funds already disbursed, but work is still marked 'In Progress' -- payment has outpaced physical progress",0.0,,0.0,,0.0,,0,9.4,Low,100.0,Severely Stalled,
W01288,MP020,Tamil Nadu,Coimbatore,IA024,Road Construction (per km),4976145.35,Completed,0.11025050830325735,,0.0,,0.0,,0.0,,0.014862706195532283,,0.0,,0.0,,0,9.4,Low,0.0,On Track,
W00419,MP022,Uttar Pradesh,Meerut,IA018,Health Sub-Centre Upgrade,1702880.65,In Progress,0.11021433406928928,,0.0,,0.0,,0.0,,0.0,,0.0,,0.0,,0,9.4,Low,0.0,On Track,
W00328,MP013,Uttar Pradesh,Gorakhpur,IA046,Road Construction (per km),7393853.42,Completed,0.11112128227811909,,0.0,,0.0,,0.0,,0.09013666465597354,,0.0,,0.0,,0,9.4,Low,0.0,On Track,
W00721,MP039,Bihar,Gaya,IA036,Drinking Water Facility,1674446.27,Completed,0.10903192050857191,,0.0,,0.0,,0.0,,0.04719961362069941,,0.0,,0.0,,0,9.3,Low,0.0,On Track,
W00026,MP013,Uttar Pradesh,Gorakhpur,IA046,Road Construction (per km),8171433.91,Completed,0.10987985199343808,,0.0,,0.0,,0.0,,0.0415296851045791,,0.0,,0.0,,0,9.3,Low,0.0,On Track,
W00050,MP023,Tamil Nadu,Madurai,IA031,Road Construction (per km),2485632.68,Completed,0.10902682537486498,,0.0,,0.0,,0.0,,0.05386413458545611,,0.0,,0.0,,0,9.3,Low,0.0,On Track,
W00326,MP036,Maharashtra,Nashik,IA027,Road Construction (per km),7657010.78,Completed,0.10914264175567716,,0.0,,0.0,,0.0,,0.07673380675152515,,0.0,,0.0,,0,9.3,Low,0.0,On Track,
W01302,MP012,Uttar Pradesh,Varanasi,IA057,Health Sub-Centre Upgrade,1564054.89,Completed,0.10905271862719769,,0.0,,0.0,,0.0,,0.0058876122360979515,,0.0,,0.0,,0,9.3,Low,0.0,On Track,
W00805,MP018,Bihar,Gaya,IA036,Street Lighting (per 50 units),2334371.89,Completed,0.10905197486025807,,0.0,,0.0,,0.0,,0.055557544289549184,,0.0,,0.0,,0,9.3,Low,0.0,On Track,
W01254,MP005,Tamil Nadu,Salem,IA006,Community Hall,3392157.7,Completed,0.10931117584414028,,0.0,,0.0,,0.0,,0.03236855940547501,,0.0,,0.0,,0,9.3,Low,0.0,On Track,
W01154,MP011,Bihar,Muzaffarpur,IA032,Community Hall,3647495.56,Completed,0.10975593015630178,,0.0,,0.0,,0.0,,0.03665593487407352,,0.0,,0.0,,0,9.3,Low,0.0,On Track,
W01273,MP023,Tamil Nadu,Coimbatore,IA055,Drinking Water Facility,1473610.05,In Progress,0.10878980041306822,,0.0,,0.0,,1.0,"100% of sanctioned funds already disbursed, but work is still marked 'In Progress' -- payment has outpaced physical progress",0.0,,0.0,,0.0,,0,9.2,Low,100.0,Severely Stalled,
W01128,MP038,Tamil Nadu,Coimbatore,IA015,Health Sub-Centre Upgrade,1634249.53,Completed,0.10849989236195155,,0.0,,0.0,,0.0,,0.03824074506552511,,0.0,,0.0,,0,9.2,Low,0.0,On Track,
W00872,MP012,Uttar Pradesh,Varanasi,IA057,Road Construction (per km),6963864.14,In Progress,0.10692611754534466,,0.0,,0.0,,1.0,"sanctioned 909 days ago but expected duration was only 270 days (3.4x overdue), still marked 'In Progress' | 100% of sanctioned funds already disbursed, but work is still marked 'In Progress' -- payment has outpaced physical progress",0.0,,0.0,,0.0,,0,9.1,Low,100.0,Severely Stalled,
W00864,MP029,Bihar,Patna,IA023,Road Construction (per km),5057940.97,In Progress,0.10721411239100076,,0.0,,0.0,,1.0,"sanctioned 1018 days ago but expected duration was only 270 days (3.8x overdue), still marked 'In Progress' | 100% of sanctioned funds already disbursed, but work is still marked 'In Progress' -- payment has outpaced physical progress",0.0,,0.0,,0.0,,0,9.1,Low,100.0,Severely Stalled,
W01160,MP004,Bihar,Muzaffarpur,IA032,Public Toilet Complex,888664.38,Completed,0.10668369623334527,,0.0,,0.0,,0.0,,0.061946642012250114,,0.0,,0.0,,0,9.1,Low,0.0,On Track,
W01120,MP014,Maharashtra,Nashik,IA048,Drinking Water Facility,1013294.73,Completed,0.10681216947722925,,0.0,,0.0,,0.0,,0.04661370701875207,,0.0,,0.0,,0,9.1,Low,0.0,On Track,
W00327,MP012,Uttar Pradesh,Varanasi,IA057,School Building Renovation,1514639.03,Completed,0.10658090319564696,,0.0,,0.0,,0.0,,0.05215311091341283,,0.0,,0.0,,0,9.1,Low,0.0,On Track,
W00837,MP012,Uttar Pradesh,Varanasi,IA057,Road Construction (per km),1198632.83,Completed,0.10677853777361453,,0.0,,0.0,,0.0,,0.024276119947443914,,0.0,,0.0,,0,9.1,Low,0.0,On Track,
W00877,MP026,Maharashtra,Nagpur,IA001,Street Lighting (per 50 units),2163005.24,Completed,0.10538373179419384,,0.0,,0.0,,0.0,,0.07232880919680627,,0.0,,0.0,,0,9.0,Low,0.0,On Track,
W00240,MP034,Uttar Pradesh,Gorakhpur,IA054,Public Toilet Complex,598339.28,Completed,0.10608281166756572,,0.0,,0.0,,0.0,,0.04753544436107999,,0.0,,0.0,,0,9.0,Low,0.0,On Track,
W00318,MP023,Tamil Nadu,Coimbatore,IA015,Street Lighting (per 50 units),1220304.61,In Progress,0.10318746380652111,,0.0,,0.0,,1.0,"sanctioned 386 days ago but expected duration was only 90 days (4.3x overdue), still marked 'In Progress' | 100% of sanctioned funds already disbursed, but work is still marked 'In Progress' -- payment has outpaced physical progress",0.0,,0.0,,0.0,,0,8.8,Low,100.0,Severely Stalled,
W00482,MP032,Tamil Nadu,Coimbatore,IA055,Street Lighting (per 50 units),626644.35,Completed,0.10378346776362335,,0.0,,0.0,,0.0,,0.06460122724258138,,0.0,,0.0,,0,8.8,Low,0.0,On Track,
W00335,MP040,Bihar,Gaya,IA049,Community Hall,3338322.08,Completed,0.10339404366300793,,0.0,,0.0,,0.0,,0.013032089673685522,,0.0,,0.0,,0,8.8,Low,0.0,On Track,
W00895,MP015,West Bengal,Malda,IA014,School Building Renovation,2494862.03,Completed,0.10206654199840672,,0.0,,0.0,,0.0,,0.03280297981570256,,0.0,,0.0,,0,8.7,Low,0.0,On Track,
W00082,MP025,Bihar,Patna,IA023,Public Toilet Complex,558522.69,Completed,0.10225078771853424,,0.0,,0.0,,0.0,,0.05966205727645232,,0.0,,0.0,,0,8.7,Low,0.0,On Track,
W00040,MP009,Bihar,Muzaffarpur,IA032,Drinking Water Facility,1503705.54,Completed,0.10157310309636104,,0.0,,0.0,,0.0,,0.0651847005803997,,0.0,,0.0,,0,8.6,Low,0.0,On Track,
W01150,MP006,Bihar,Muzaffarpur,IA032,Street Lighting (per 50 units),1548117.87,Completed,0.10053221034281784,,0.0,,0.0,,0.0,,0.04164436923107471,,0.0,,0.0,,0,8.5,Low,0.0,On Track,
W00002,MP022,Uttar Pradesh,Meerut,IA018,Public Toilet Complex,511235.39,Completed,0.09940705275922936,,0.0,,0.0,,0.0,,0.0372739174151669,,0.0,,0.0,,0,8.4,Low,0.0,On Track,
W00794,MP039,Bihar,Gaya,IA036,Community Hall,3345324.05,In Progress,0.098639597952897,,0.0,,0.0,,0.0,,0.0,,0.0,,0.0,,0,8.4,Low,0.0,On Track,
W01101,MP011,Bihar,Muzaffarpur,IA032,Community Hall,3612234.05,In Progress,0.09902756347701075,,0.0,,0.0,,1.0,"100% of sanctioned funds already disbursed, but work is still marked 'In Progress' -- payment has outpaced physical progress",0.0,,0.0,,0.0,,0,8.4,Low,100.0,Severely Stalled,
W00346,MP004,Bihar,Muzaffarpur,IA032,Drainage / Sewage Line (per km),4267681.5,Completed,0.09818001348526262,,0.0,,0.0,,0.0,,0.04338127363050621,,0.0,,0.0,,0,8.3,Low,0.0,On Track,
W00061,MP036,Maharashtra,Nashik,IA027,Road Construction (per km),4133702.05,Completed,0.09785587370022646,,0.0,,0.0,,0.0,,0.021896702160040374,,0.0,,0.0,,0,8.3,Low,0.0,On Track,
W01317,MP002,West Bengal,Howrah,IA058,Health Sub-Centre Upgrade,1620175.11,Completed,0.09810687569927541,,0.0,,0.0,,0.0,,0.0721904093844064,,0.0,,0.0,,0,8.3,Low,0.0,On Track,
W00089,MP040,Bihar,Gaya,IA042,School Building Renovation,1396909.55,Completed,0.09772770254408242,,0.0,,0.0,,0.0,,0.06013058642302909,,0.0,,0.0,,0,8.3,Low,0.0,On Track,
W00744,MP036,Maharashtra,Nashik,IA027,Drinking Water Facility,1469520.8,Completed,0.0977839098341542,,0.0,,0.0,,0.0,,0.04131765274434824,,0.0,,0.0,,0,8.3,Low,0.0,On Track,
W01336,MP015,West Bengal,Malda,IA007,Road Construction (per km),2948311.33,Completed,0.09786934387920165,,0.0,,0.0,,0.0,,0.06487917316900514,,0.0,,0.0,,0,8.3,Low,0.0,On Track,
W00404,MP018,Bihar,Gaya,IA025,Public Toilet Complex,690979.18,In Progress,0.09625069571164424,,0.0,,0.0,,1.0,"100% of sanctioned funds already disbursed, but work is still marked 'In Progress' -- payment has outpaced physical progress",0.0,,0.0,,0.0,,0,8.2,Low,100.0,Severely Stalled,
W00724,MP015,West Bengal,Malda,IA051,Health Sub-Centre Upgrade,1623259.2,Completed,0.09464018270017761,,0.0,,0.0,,0.0,,0.1022557918236024,,0.0,,0.0,,0,8.2,Low,0.0,On Track,
W00591,MP016,West Bengal,Howrah,IA045,Health Sub-Centre Upgrade,1793746.96,Completed,0.09699777988323925,,0.0,,0.0,,0.0,,0.050518201537099267,,0.0,,0.0,,0,8.2,Low,0.0,On Track,
W01109,MP025,Bihar,Gaya,IA036,Community Hall,3633348.81,Completed,0.09693365994277776,,0.0,,0.0,,0.0,,0.07472833771698002,,0.0,,0.0,,0,8.2,Low,0.0,On Track,
W00756,MP023,Tamil Nadu,Coimbatore,IA024,Public Toilet Complex,725546.05,Completed,0.09687273892174487,,0.0,,0.0,,0.0,,0.045119328173335714,,0.0,,0.0,,0,8.2,Low,0.0,On Track,
W01180,MP037,Bihar,Muzaffarpur,IA032,School Building Renovation,2036016.51,Completed,0.09496800823922479,,0.0,,0.0,,0.0,,0.02899009675646409,,0.0,,0.0,,0,8.1,Low,0.0,On Track,
W00456,MP008,West Bengal,Howrah,IA058,Public Toilet Complex,1088091.13,Completed,0.09516132229564328,,0.0,,0.0,,0.0,,0.028378802647366048,,0.0,,0.0,,0,8.1,Low,0.0,On Track,
W00514,MP014,Maharashtra,Pune,IA003,Health Sub-Centre Upgrade,1509124.62,Completed,0.0950292594793321,,0.0,,0.0,,0.0,,0.016092361407712415,,0.0,,0.0,,0,8.1,Low,0.0,On Track,
W00862,MP034,Uttar Pradesh,Gorakhpur,IA053,Street Lighting (per 50 units),2075575.44,Completed,0.09391627098355708,,0.0,,0.0,,0.0,,0.055620325502277794,,0.0,,0.0,,0,8.0,Low,0.0,On Track,
W01351,MP035,West Bengal,Howrah,IA013,Drinking Water Facility,2544571.72,Completed,0.0022498479223549282,,0.0,,0.0,,0.0,,0.0992322263955578,,0.0,,0.0,,0,7.9,Low,0.0,On Track,
W00519,MP038,Tamil Nadu,Coimbatore,IA024,Road Construction (per km),5416235.07,In Progress,0.09283425910185476,,0.0,,0.0,,1.0,"sanctioned 701 days ago but expected duration was only 270 days (2.6x overdue), still marked 'In Progress' | 100% of sanctioned funds already disbursed, but work is still marked 'In Progress' -- payment has outpaced physical progress",0.0,,0.0,,0.0,,0,7.9,Low,100.0,Severely Stalled,
W00340,MP026,Maharashtra,Nagpur,IA001,Street Lighting (per 50 units),1711252.13,In Progress,0.09171500075978917,,0.0,,0.0,,1.0,"sanctioned 374 days ago but expected duration was only 90 days (4.2x overdue), still marked 'In Progress' | 100% of sanctioned funds already disbursed, but work is still marked 'In Progress' -- payment has outpaced physical progress",0.0,,0.0,,0.0,,0,7.8,Low,100.0,Severely Stalled,
W00236,MP026,Maharashtra,Nagpur,IA016,Community Hall,3564029.58,Completed,0.09181909027512875,,0.0,,0.0,,0.0,,0.004384736064444185,,0.0,,0.0,,0,7.8,Low,0.0,On Track,
W01140,MP002,West Bengal,Howrah,IA012,Drinking Water Facility,2630318.48,Completed,0.0921535977569693,,0.0,,0.0,,0.0,,0.019727762007736373,,0.0,,0.0,,0,7.8,Low,0.0,On Track,
W00114,MP033,Uttar Pradesh,Meerut,IA040,Drinking Water Facility,953400.99,Completed,0.09203293062894481,,0.0,,0.0,,0.0,,0.0255417519967145,,0.0,,0.0,,0,7.8,Low,0.0,On Track,
W01021,MP019,Maharashtra,Nashik,IA027,Health Sub-Centre Upgrade,1510991.19,Completed,0.0922210938494999,,0.0,,0.0,,0.0,,0.03586875165531531,,0.0,,0.0,,0,7.8,Low,0.0,On Track,
W00309,MP012,Uttar Pradesh,Varanasi,IA057,Public Toilet Complex,543704.23,Completed,0.09195701754195366,,0.0,,0.0,,0.0,,0.04148405548971914,,0.0,,0.0,,0,7.8,Low,0.0,On Track,
W01339,MP003,Bihar,Patna,IA023,Street Lighting (per 50 units),922006.63,Completed,0.01538649279991755,,0.0,,0.0,,0.0,,0.09722851836083722,,0.0,,0.0,,0,7.8,Low,0.0,On Track,
W00164,MP013,Uttar Pradesh,Gorakhpur,IA008,Street Lighting (per 50 units),1417166.47,Completed,0.09011333629049884,,0.0,,0.0,,0.0,,0.03531670494081887,,0.0,,0.0,,0,7.7,Low,0.0,On Track,
W00069,MP024,Maharashtra,Nagpur,IA001,Community Hall,3553059.63,In Progress,0.0903284409791738,,0.0,,0.0,,1.0,"100% of sanctioned funds already disbursed, but work is still marked 'In Progress' -- payment has outpaced physical progress",0.0,,0.0,,0.0,,0,7.7,Low,100.0,Severely Stalled,
W00524,MP006,Bihar,Muzaffarpur,IA032,School Building Renovation,2020005.37,In Progress,0.0901175340242094,,0.0,,0.0,,1.0,"sanctioned 821 days ago but expected duration was only 200 days (4.1x overdue), still marked 'In Progress' | 100% of sanctioned funds already disbursed, but work is still marked 'In Progress' -- payment has outpaced physical progress",0.0,,0.0,,0.0,,0,7.7,Low,100.0,Severely Stalled,
W00306,MP033,Uttar Pradesh,Meerut,IA018,Drinking Water Facility,2299908.65,Completed,0.09069519238992106,,0.0,,0.0,,0.0,,0.036122694026161285,,0.0,,0.0,,0,7.7,Low,0.0,On Track,
W00589,MP001,West Bengal,Malda,IA030,Health Sub-Centre Upgrade,1778558.0,Completed,0.07992452284612991,,0.0,,0.0,,0.0,,0.09628836815862211,,0.0,,0.0,,0,7.7,Low,0.0,On Track,
W00607,MP008,West Bengal,Howrah,IA009,School Building Renovation,1423905.96,Completed,0.08888880751840118,,0.0,,0.0,,0.0,,0.019567883383958436,,0.0,,0.0,,0,7.6,Low,0.0,On Track,
W00949,MP003,Bihar,Patna,IA023,Road Construction (per km),3007333.35,Completed,0.08886647952420056,,0.0,,0.0,,0.0,,0.019385624345670285,,0.0,,0.0,,0,7.6,Low,0.0,On Track,
W01080,MP008,West Bengal,Howrah,IA012,School Building Renovation,2252318.61,Completed,0.0898919429618667,,0.0,,0.0,,0.0,,0.0650554229945391,,0.0,,0.0,,0,7.6,Low,0.0,On Track,
W00645,MP026,Maharashtra,Pune,IA003,Health Sub-Centre Upgrade,1512523.22,Completed,0.08991622771007181,,0.0,,0.0,,0.0,,0.045886019058725386,,0.0,,0.0,,0,7.6,Low,0.0,On Track,
W01067,MP013,Uttar Pradesh,Gorakhpur,IA052,Road Construction (per km),5668356.77,Completed,0.08801153611737224,,0.0,,0.0,,0.0,,0.0615340834485624,,0.0,,0.0,,0,7.5,Low,0.0,On Track,
W01009,MP001,West Bengal,Malda,IA021,Health Sub-Centre Upgrade,1786360.15,Completed,0.08869458428496979,,0.0,,0.0,,0.0,,0.022882552478592926,,0.0,,0.0,,0,7.5,Low,0.0,On Track,
W01191,MP007,Maharashtra,Nagpur,IA016,Street Lighting (per 50 units),866481.98,Completed,0.08854733188921515,,0.0,,0.0,,0.0,,0.04517350589909599,,0.0,,0.0,,0,7.5,Low,0.0,On Track,
W01070,MP017,Uttar Pradesh,Gorakhpur,IA026,School Building Renovation,1215137.28,Completed,0.08809160230637024,,0.0,,0.0,,0.0,,0.02020977687014015,,0.0,,0.0,,0,7.5,Low,0.0,On Track,
W01311,MP035,West Bengal,Howrah,IA013,Drainage / Sewage Line (per km),2701802.84,Completed,0.03161805521511746,,0.0,,0.0,,0.0,,0.09405767966138284,,0.0,,0.0,,0,7.5,Low,0.0,On Track,
W00140,MP006,Bihar,Gaya,IA025,Drainage / Sewage Line (per km),1556418.5,Completed,0.00015665766522185992,,0.0,,0.0,,0.0,,0.0938876459406681,,0.0,,0.0,,0,7.5,Low,0.0,On Track,
W00550,MP003,Bihar,Patna,IA023,Drainage / Sewage Line (per km),478680.23,In Progress,0.0873268373829354,,0.0,,0.0,,1.0,"sanctioned 445 days ago but expected duration was only 180 days (2.5x overdue), still marked 'In Progress' | 100% of sanctioned funds already disbursed, but work is still marked 'In Progress' -- payment has outpaced physical progress",0.0,,0.0,,0.0,,0,7.4,Low,100.0,Severely Stalled,
W01177,MP033,Uttar Pradesh,Meerut,IA005,Drinking Water Facility,1554584.12,Completed,0.08757198559679018,,0.0,,0.0,,0.0,,0.04485567065146529,,0.0,,0.0,,0,7.4,Low,0.0,On Track,
W01016,MP037,Bihar,Muzaffarpur,IA032,Public Toilet Complex,1265774.08,Completed,0.0853664075979509,,0.0,,0.0,,0.0,,0.02288893753576339,,0.0,,0.0,,0,7.3,Low,0.0,On Track,
W01079,MP037,Bihar,Muzaffarpur,IA032,Drainage / Sewage Line (per km),623401.7,Completed,0.0859255115812398,,0.0,,0.0,,0.0,,0.0752403384690384,,0.0,,0.0,,0,7.3,Low,0.0,On Track,
W00810,MP006,Bihar,Muzaffarpur,IA032,Drinking Water Facility,2241731.52,Completed,0.0857347052241233,,0.0,,0.0,,0.0,,0.04979199333456008,,0.0,,0.0,,0,7.3,Low,0.0,On Track,
W01049,MP031,Uttar Pradesh,Gorakhpur,IA053,Community Hall,3332773.5,Completed,0.08532190583494108,,0.0,,0.0,,0.0,,0.03983256597397929,,0.0,,0.0,,0,7.3,Low,0.0,On Track,
W00684,MP030,Bihar,Muzaffarpur,IA032,Health Sub-Centre Upgrade,1570238.54,Completed,0.026450316199428506,,0.0,,0.0,,0.0,,0.09113856163927497,,0.0,,0.0,,0,7.3,Low,0.0,On Track,
W00638,MP040,Bihar,Gaya,IA025,Community Hall,3570935.96,Completed,0.05455437140850706,,0.0,,0.0,,0.0,,0.09077386715907343,,0.0,,0.0,,0,7.3,Low,0.0,On Track,
W01116,MP025,Bihar,Patna,IA023,Public Toilet Complex,1022776.29,Completed,0.08503567964491081,,0.0,,0.0,,0.0,,0.04030856594510412,,0.0,,0.0,,0,7.2,Low,0.0,On Track,
W00767,MP004,Bihar,Muzaffarpur,IA032,Street Lighting (per 50 units),1329859.3,Completed,0.08455888996698087,,0.0,,0.0,,0.0,,0.030951005156875377,,0.0,,0.0,,0,7.2,Low,0.0,On Track,
W01276,MP024,Maharashtra,Nagpur,IA001,Community Hall,3535794.73,Completed,0.08503035609995627,,0.0,,0.0,,0.0,,0.03189772641282974,,0.0,,0.0,,0,7.2,Low,0.0,On Track,
W00370,MP014,Maharashtra,Pune,IA003,Road Construction (per km),5090955.44,Completed,0.0,,0.0,,0.0,,0.0,,0.08851083393972725,,0.0,,0.0,,0,7.1,Low,0.0,On Track,
W00972,MP015,West Bengal,Malda,IA021,Street Lighting (per 50 units),908109.69,Completed,0.08300376859371811,,0.0,,0.0,,0.0,,0.006551693681303584,,0.0,,0.0,,0,7.1,Low,0.0,On Track,
W00637,MP022,Uttar Pradesh,Meerut,IA040,Health Sub-Centre Upgrade,1685156.06,Completed,0.08221939559710952,,0.0,,0.0,,0.0,,0.07541169725038069,,0.0,,0.0,,0,7.0,Low,0.0,On Track,
W00956,MP014,Maharashtra,Nashik,IA027,Road Construction (per km),8740801.76,Completed,0.0826450600056243,,0.0,,0.0,,0.0,,0.06893743821423175,,0.0,,0.0,,0,7.0,Low,0.0,On Track,
W00341,MP014,Maharashtra,Pune,IA003,Health Sub-Centre Upgrade,1570896.79,Completed,0.002095972930117699,,0.0,,0.0,,0.0,,0.08808461707930397,,0.0,,0.0,,0,7.0,Low,0.0,On Track,
W00621,MP021,West Bengal,Howrah,IA045,Road Construction (per km),1084047.73,In Progress,0.08236850677241495,,0.0,,0.0,,1.0,"sanctioned 820 days ago but expected duration was only 270 days (3.0x overdue), still marked 'In Progress' | 100% of sanctioned funds already disbursed, but work is still marked 'In Progress' -- payment has outpaced physical progress",0.0,,0.0,,0.0,,0,7.0,Low,100.0,Severely Stalled,
W01078,MP007,Maharashtra,Nagpur,IA001,Public Toilet Complex,971482.97,Completed,0.08242850258741503,,0.0,,0.0,,0.0,,0.02635559203670286,,0.0,,0.0,,0,7.0,Low,0.0,On Track,
W01151,MP003,Bihar,Patna,IA023,Street Lighting (per 50 units),2494895.24,Completed,0.056952462423751675,,0.0,,0.0,,0.0,,0.08781107193699488,,0.0,,0.0,,0,7.0,Low,0.0,On Track,
W01301,MP034,Uttar Pradesh,Gorakhpur,IA054,Road Construction (per km),2364846.07,Completed,0.048921183627483884,,0.0,,0.0,,0.0,,0.085829265245154,,0.0,,0.0,,0,6.9,Low,0.0,On Track,
W00028,MP007,Maharashtra,Nagpur,IA001,Public Toilet Complex,1025897.86,In Progress,0.08119882094076637,,0.0,,0.0,,1.0,"sanctioned 785 days ago but expected duration was only 120 days (6.5x overdue), still marked 'In Progress' | 100% of sanctioned funds already disbursed, but work is still marked 'In Progress' -- payment has outpaced physical progress",0.0,,0.0,,0.0,,0,6.9,Low,100.0,Severely Stalled,
W01331,MP024,Maharashtra,Nagpur,IA016,Public Toilet Complex,1227369.51,Completed,0.08166587578174501,,0.0,,0.0,,0.0,,0.062188058582070056,,0.0,,0.0,,0,6.9,Low,0.0,On Track,
W00186,MP040,Bihar,Gaya,IA011,Street Lighting (per 50 units),2370948.12,Completed,0.08125960955447,,0.0,,0.0,,0.0,,0.023933091718795377,,0.0,,0.0,,0,6.9,Low,0.0,On Track,
W00670,MP020,Tamil Nadu,Coimbatore,IA055,Drainage / Sewage Line (per km),621794.24,Completed,0.08060284124082144,,0.0,,0.0,,0.0,,0.0826498360477169,,0.0,,0.0,,0,6.9,Low,0.0,On Track,
W00998,MP036,Maharashtra,Nashik,IA027,Road Construction (per km),2708159.44,Completed,0.03980665475736401,,0.0,,0.0,,0.0,,0.08546096912675961,,0.0,,0.0,,0,6.8,Low,0.0,On Track,
W00179,MP021,West Bengal,Howrah,IA013,School Building Renovation,1616061.65,Completed,0.07954439654495903,,0.0,,0.0,,0.0,,0.03881604374309434,,0.0,,0.0,,0,6.8,Low,0.0,On Track,
W01169,MP014,Maharashtra,Pune,IA003,Drainage / Sewage Line (per km),1001269.07,Completed,0.07964551474479094,,0.0,,0.0,,0.0,,0.023725790261319102,,0.0,,0.0,,0,6.8,Low,0.0,On Track,
W01039,MP015,West Bengal,Malda,IA041,Drainage / Sewage Line (per km),3724439.86,Completed,0.05732156403666975,,0.0,,0.0,,0.0,,0.08470389227539493,,0.0,,0.0,,0,6.8,Low,0.0,On Track,
W01357,MP021,West Bengal,Howrah,IA058,School Building Renovation,1534849.78,Completed,0.07954439654495961,,0.0,,0.0,,0.0,,0.015315098442738572,,0.0,,0.0,,0,6.8,Low,0.0,On Track,
W00380,MP018,Bihar,Gaya,IA049,Community Hall,3372380.45,Completed,0.08026788471918543,,0.0,,0.0,,0.0,,0.06334575038895614,,0.0,,0.0,,0,6.8,Low,0.0,On Track,
W00420,MP031,Uttar Pradesh,Gorakhpur,IA046,Road Construction (per km),8327839.02,Completed,0.08040480299147175,,0.0,,0.0,,0.0,,0.08012486500374023,,0.0,,0.0,,0,6.8,Low,0.0,On Track,
W00156,MP019,Maharashtra,Nashik,IA048,Street Lighting (per 50 units),1141867.39,Completed,0.0,,0.0,,0.0,,0.0,,0.08509330033257506,,0.0,,0.0,,0,6.8,Low,0.0,On Track,
W01027,MP004,Bihar,Muzaffarpur,IA032,Road Construction (per km),3652657.69,In Progress,0.07878431599077647,,0.0,,0.0,,1.0,"100% of sanctioned funds already disbursed, but work is still marked 'In Progress' -- payment has outpaced physical progress",0.0,,0.0,,0.0,,0,6.7,Low,100.0,Severely Stalled,
W00157,MP032,Tamil Nadu,Coimbatore,IA015,Road Construction (per km),6072270.19,Completed,0.07836286166235036,,0.0,,0.0,,0.0,,0.049973769455318895,,0.0,,0.0,,0,6.7,Low,0.0,On Track,
W01138,MP032,Tamil Nadu,Coimbatore,IA024,Drainage / Sewage Line (per km),2827835.21,Completed,0.07854368140764828,,0.0,,0.0,,0.0,,0.06934923402971367,,0.0,,0.0,,0,6.7,Low,0.0,On Track,
W01167,MP008,West Bengal,Howrah,IA012,Street Lighting (per 50 units),1947284.55,Completed,0.0784041387997355,,0.0,,0.0,,0.0,,0.061205020595369,,0.0,,0.0,,0,6.7,Low,0.0,On Track,
W00485,MP020,Tamil Nadu,Coimbatore,IA055,Drinking Water Facility,2041575.72,Completed,0.0784126750710858,,0.0,,0.0,,0.0,,0.05882086901913469,,0.0,,0.0,,0,6.7,Low,0.0,On Track,
W00217,MP020,Tamil Nadu,Madurai,IA044,Road Construction (per km),7695903.1,In Progress,0.07799606798239812,,0.0,,0.0,,0.0,,0.0,,0.0,,0.0,,0,6.6,Low,0.0,On Track,
W01201,MP039,Bihar,Gaya,IA036,Drinking Water Facility,1171538.51,Completed,0.07821160909963609,,0.0,,0.0,,0.0,,0.014151594184895392,,0.0,,0.0,,0,6.6,Low,0.0,On Track,
W00703,MP004,Bihar,Muzaffarpur,IA032,Drainage / Sewage Line (per km),2514731.1,Completed,0.07768742378249142,,0.0,,0.0,,0.0,,0.023190179938713053,,0.0,,0.0,,0,6.6,Low,0.0,On Track,
W01139,MP040,Bihar,Gaya,IA049,Public Toilet Complex,695851.0,Completed,0.07742496107851739,,0.0,,0.0,,0.0,,0.04090689709741378,,0.0,,0.0,,0,6.6,Low,0.0,On Track,
W00111,MP040,Bihar,Gaya,IA049,Street Lighting (per 50 units),2470755.5,In Progress,0.07791561551473186,,0.0,,0.0,,1.0,"sanctioned 799 days ago but expected duration was only 90 days (8.9x overdue), still marked 'In Progress' | 100% of sanctioned funds already disbursed, but work is still marked 'In Progress' -- payment has outpaced physical progress",0.0,,0.0,,0.0,,0,6.6,Low,100.0,Severely Stalled,
W00923,MP035,West Bengal,Malda,IA050,Public Toilet Complex,1372852.29,Completed,0.07796962005654173,,0.0,,0.0,,0.0,,0.01799825957151337,,0.0,,0.0,,0,6.6,Low,0.0,On Track,
W00698,MP031,Uttar Pradesh,Gorakhpur,IA052,Road Construction (per km),7946771.96,In Progress,0.07712565869325723,,0.0,,0.0,,1.0,"sanctioned 496 days ago but expected duration was only 270 days (1.8x overdue), still marked 'In Progress' | 100% of sanctioned funds already disbursed, but work is still marked 'In Progress' -- payment has outpaced physical progress",0.0,,0.0,,0.0,,0,6.6,Low,100.0,Severely Stalled,
W00983,MP029,Bihar,Patna,IA023,Drinking Water Facility,2316259.89,Completed,0.07801303002077219,,0.0,,0.0,,0.0,,0.04221485746894151,,0.0,,0.0,,0,6.6,Low,0.0,On Track,
W00294,MP005,Tamil Nadu,Salem,IA006,Community Hall,3580280.48,Completed,0.07713525174819016,,0.0,,0.0,,0.0,,0.0606528828439593,,0.0,,0.0,,0,6.6,Low,0.0,On Track,
W01274,MP008,West Bengal,Howrah,IA037,Community Hall,3486800.81,Completed,0.037017519156953144,,0.0,,0.0,,0.0,,0.08134509971988976,,0.0,,0.0,,0,6.5,Low,0.0,On Track,
W01251,MP009,Bihar,Muzaffarpur,IA032,Drainage / Sewage Line (per km),3483063.54,Completed,0.07639695564013997,,0.0,,0.0,,0.0,,0.059409187196918956,,0.0,,0.0,,0,6.5,Low,0.0,On Track,
W01359,MP039,Bihar,Gaya,IA042,School Building Renovation,1588737.41,Completed,0.049096339531645404,,0.0,,0.0,,0.0,,0.0808684604703049,,0.0,,0.0,,0,6.5,Low,0.0,On Track,
W00799,MP037,Bihar,Muzaffarpur,IA032,Drainage / Sewage Line (per km),3308723.96,Completed,0.07602970168575872,,0.0,,0.0,,0.0,,0.026749385166464416,,0.0,,0.0,,0,6.5,Low,0.0,On Track,
W00505,MP034,Uttar Pradesh,Gorakhpur,IA060,School Building Renovation,1965061.33,Completed,0.0769417923922959,,0.0,,0.0,,0.0,,0.06247406882374501,,0.0,,0.0,,0,6.5,Low,0.0,On Track,
W00674,MP033,Uttar Pradesh,Meerut,IA047,Street Lighting (per 50 units),1755016.06,Completed,0.07661373905915114,,0.0,,0.0,,0.0,,0.016692135676816554,,0.0,,0.0,,0,6.5,Low,0.0,On Track,
W00863,MP025,Bihar,Muzaffarpur,IA032,Road Construction (per km),5935336.39,In Progress,0.07553858983259638,,0.0,,0.0,,1.0,"sanctioned 717 days ago but expected duration was only 270 days (2.7x overdue), still marked 'In Progress' | 100% of sanctioned funds already disbursed, but work is still marked 'In Progress' -- payment has outpaced physical progress",0.0,,0.0,,0.0,,0,6.4,Low,100.0,Severely Stalled,
W00076,MP037,Bihar,Muzaffarpur,IA032,Community Hall,3380555.78,In Progress,0.07471670945747469,,0.0,,0.0,,1.0,"sanctioned 407 days ago but expected duration was only 240 days (1.7x overdue), still marked 'In Progress' | 100% of sanctioned funds already disbursed, but work is still marked 'In Progress' -- payment has outpaced physical progress",0.0,,0.0,,0.0,,0,6.4,Low,100.0,Severely Stalled,
W00399,MP015,West Bengal,Malda,IA019,Public Toilet Complex,710545.39,Completed,0.07445086763947122,,0.0,,0.0,,0.0,,0.005135782019627098,,0.0,,0.0,,0,6.3,Low,0.0,On Track,
W01290,MP023,Tamil Nadu,Coimbatore,IA015,Street Lighting (per 50 units),1602013.58,Completed,0.03554353270961079,,0.0,,0.0,,0.0,,0.07869811607879033,,0.0,,0.0,,0,6.3,Low,0.0,On Track,
W00554,MP037,Bihar,Muzaffarpur,IA032,Health Sub-Centre Upgrade,1631495.71,Completed,0.07422968911845354,,0.0,,0.0,,0.0,,0.05326178337740844,,0.0,,0.0,,0,6.3,Low,0.0,On Track,
W00665,MP018,Bihar,Muzaffarpur,IA032,Health Sub-Centre Upgrade,1541252.75,Completed,0.0740902821224873,,0.0,,0.0,,0.0,,0.03892219243591118,,0.0,,0.0,,0,6.3,Low,0.0,On Track,
W01028,MP023,Tamil Nadu,Coimbatore,IA024,Drinking Water Facility,2249484.93,Completed,0.046613427850849216,,0.0,,0.0,,0.0,,0.0777148021797857,,0.0,,0.0,,0,6.2,Low,0.0,On Track,
W00291,MP022,Uttar Pradesh,Meerut,IA018,Drainage / Sewage Line (per km),1468341.08,Completed,0.07241346879084043,,0.0,,0.0,,0.0,,0.0567718232477554,,0.0,,0.0,,0,6.2,Low,0.0,On Track,
W00316,MP016,West Bengal,Malda,IA043,Road Construction (per km),7874451.87,Completed,0.07228219303916043,,0.0,,0.0,,0.0,,0.01248060194200748,,0.0,,0.0,,0,6.1,Low,0.0,On Track,
W00979,MP015,West Bengal,Howrah,IA037,Public Toilet Complex,808911.49,Completed,0.05306354272940142,,0.0,,0.0,,0.0,,0.07606684789221464,,0.0,,0.0,,0,6.1,Low,0.0,On Track,
W00688,MP020,Tamil Nadu,Coimbatore,IA024,Street Lighting (per 50 units),738268.2,Completed,0.07150824359626536,,0.0,,0.0,,0.0,,0.02902276037677314,,0.0,,0.0,,0,6.1,Low,0.0,On Track,
W01170,MP020,Tamil Nadu,Coimbatore,IA015,Road Construction (per km),4369845.76,In Progress,0.07213336421700553,,0.0,,0.0,,0.0,,0.0,,0.0,,0.0,,0,6.1,Low,0.0,On Track,
W00852,MP025,Bihar,Gaya,IA036,Street Lighting (per 50 units),783190.75,Completed,0.07133563595405755,,0.0,,0.0,,0.0,,0.021883491064567547,,0.0,,0.0,,0,6.1,Low,0.0,On Track,
W00029,MP030,Bihar,Muzaffarpur,IA032,Health Sub-Centre Upgrade,1542507.98,Completed,0.07202723279985024,,0.0,,0.0,,0.0,,0.04740368699145108,,0.0,,0.0,,0,6.1,Low,0.0,On Track,
W00020,MP036,Maharashtra,Nashik,IA038,Health Sub-Centre Upgrade,1598252.2,Completed,0.039058938030614956,,0.0,,0.0,,0.0,,0.07442547031748963,,0.0,,0.0,,0,6.0,Low,0.0,On Track,
W01326,MP040,Bihar,Gaya,IA011,Road Construction (per km),7200435.02,Completed,0.07095094222157938,,0.0,,0.0,,0.0,,0.05902504795937952,,0.0,,0.0,,0,6.0,Low,0.0,On Track,
W00067,MP024,Maharashtra,Pune,IA003,Public Toilet Complex,758661.92,Completed,0.0709016802487495,,0.0,,0.0,,0.0,,0.037871602682250934,,0.0,,0.0,,0,6.0,Low,0.0,On Track,
W01156,MP030,Bihar,Muzaffarpur,IA032,Community Hall,3593746.47,Completed,0.07004305979405388,,0.0,,0.0,,0.0,,0.07285900467368409,,0.0,,0.0,,0,6.0,Low,0.0,On Track,
W01093,MP019,Maharashtra,Nashik,IA038,Drainage / Sewage Line (per km),3389632.97,Completed,0.043387153389643864,,0.0,,0.0,,0.0,,0.07560720099511466,,0.0,,0.0,,0,6.0,Low,0.0,On Track,
W01100,MP012,Uttar Pradesh,Varanasi,IA057,Health Sub-Centre Upgrade,1646511.34,Completed,0.021182352784010733,,0.0,,0.0,,0.0,,0.07463321086299733,,0.0,,0.0,,0,6.0,Low,0.0,On Track,
W01112,MP021,West Bengal,Malda,IA019,Road Construction (per km),7502915.93,Completed,0.029696560476847947,,0.0,,0.0,,0.0,,0.0746950123019907,,0.0,,0.0,,0,6.0,Low,0.0,On Track,
W00564,MP005,Tamil Nadu,Salem,IA059,Health Sub-Centre Upgrade,1561744.28,In Progress,0.07102150908122241,,0.0,,0.0,,1.0,"sanctioned 529 days ago but expected duration was only 210 days (2.5x overdue), still marked 'In Progress' | 100% of sanctioned funds already disbursed, but work is still marked 'In Progress' -- payment has outpaced physical progress",0.0,,0.0,,0.0,,0,6.0,Low,100.0,Severely Stalled,
W00350,MP040,Bihar,Gaya,IA011,Drainage / Sewage Line (per km),2608843.12,Completed,0.07069308968811068,,0.0,,0.0,,0.0,,0.025190175765435686,,0.0,,0.0,,0,6.0,Low,0.0,On Track,
W01265,MP020,Tamil Nadu,Coimbatore,IA055,Health Sub-Centre Upgrade,1619112.73,Completed,0.071021509081223,,0.0,,0.0,,0.0,,0.056130695366671805,,0.0,,0.0,,0,6.0,Low,0.0,On Track,
W00468,MP028,Tamil Nadu,Madurai,IA031,Drainage / Sewage Line (per km),4023526.84,In Progress,0.07079734261908117,,0.0,,0.0,,0.0,,0.0,,0.0,,0.0,,0,6.0,Low,0.0,On Track,
W01064,MP040,Bihar,Gaya,IA025,School Building Renovation,1690059.59,Completed,0.07050025437980287,,0.0,,0.0,,0.0,,0.04063645002870802,,0.0,,0.0,,0,6.0,Low,0.0,On Track,
W00952,MP017,Uttar Pradesh,Gorakhpur,IA004,Community Hall,3443371.71,Completed,0.017047716298177636,,0.0,,0.0,,0.0,,0.07433371278013695,,0.0,,0.0,,0,5.9,Low,0.0,On Track,
W00687,MP023,Tamil Nadu,Coimbatore,IA024,Street Lighting (per 50 units),893001.5,Completed,0.06998555828872953,,0.0,,0.0,,0.0,,0.0359381669746199,,0.0,,0.0,,0,5.9,Low,0.0,On Track,
W00073,MP004,Bihar,Muzaffarpur,IA032,Drinking Water Facility,1989683.0,Completed,0.06766092320944973,,0.0,,0.0,,0.0,,0.04618101707404582,,0.0,,0.0,,0,5.8,Low,0.0,On Track,
W00437,MP030,Bihar,Muzaffarpur,IA032,Street Lighting (per 50 units),725321.02,Completed,0.06627500928899073,,0.0,,0.0,,0.0,,0.07284033028845996,,0.0,,0.0,,0,5.8,Low,0.0,On Track,
W00630,MP006,Bihar,Patna,IA023,Street Lighting (per 50 units),1200268.83,In Progress,0.06768011711706826,,0.0,,0.0,,1.0,"sanctioned 378 days ago but expected duration was only 90 days (4.2x overdue), still marked 'In Progress' | 100% of sanctioned funds already disbursed, but work is still marked 'In Progress' -- payment has outpaced physical progress",0.0,,0.0,,0.0,,0,5.8,Low,100.0,Severely Stalled,
W00415,MP015,West Bengal,Malda,IA050,Drainage / Sewage Line (per km),2799174.53,Completed,0.06859531668798828,,0.0,,0.0,,0.0,,0.06469025378798303,,0.0,,0.0,,0,5.8,Low,0.0,On Track,
W01226,MP013,Uttar Pradesh,Gorakhpur,IA046,School Building Renovation,1587799.58,Completed,0.02574067819361514,,0.0,,0.0,,0.0,,0.07195994749266867,,0.0,,0.0,,0,5.8,Low,0.0,On Track,
W00445,MP007,Maharashtra,Nagpur,IA016,Health Sub-Centre Upgrade,1604160.35,Completed,0.04794746820408555,,0.0,,0.0,,0.0,,0.07283051091542454,,0.0,,0.0,,0,5.8,Low,0.0,On Track,
W00190,MP012,Uttar Pradesh,Varanasi,IA057,Road Construction (per km),3015260.86,Completed,0.0005727364056513006,,0.0,,0.0,,0.0,,0.07193829057686364,,0.0,,0.0,,0,5.8,Low,0.0,On Track,
W00678,MP002,West Bengal,Howrah,IA009,Health Sub-Centre Upgrade,1757317.11,Completed,0.05963091095485973,,0.0,,0.0,,0.0,,0.07286029880151045,,0.0,,0.0,,0,5.8,Low,0.0,On Track,
W00954,MP015,West Bengal,Malda,IA019,Road Construction (per km),5190219.45,Completed,0.023698710623492714,,0.0,,0.0,,0.0,,0.07104237403534713,,0.0,,0.0,,0,5.7,Low,0.0,On Track,
W00827,MP008,West Bengal,Howrah,IA056,Public Toilet Complex,623823.82,Completed,0.06750685726902975,,0.0,,0.0,,0.0,,0.03336553603223909,,0.0,,0.0,,0,5.7,Low,0.0,On Track,
W00583,MP034,Uttar Pradesh,Gorakhpur,IA054,Street Lighting (per 50 units),2255274.25,Completed,0.06679751003893862,,0.0,,0.0,,0.0,,0.06007606825560691,,0.0,,0.0,,0,5.7,Low,0.0,On Track,
W01077,MP033,Uttar Pradesh,Meerut,IA047,Health Sub-Centre Upgrade,1660093.84,Completed,0.04263510581233943,,0.0,,0.0,,0.0,,0.06962652961180821,,0.0,,0.0,,0,5.6,Low,0.0,On Track,
W00422,MP029,Bihar,Patna,IA023,Street Lighting (per 50 units),826035.37,Completed,0.045791383908179134,,0.0,,0.0,,0.0,,0.07027498395783904,,0.0,,0.0,,0,5.6,Low,0.0,On Track,
W00580,MP034,Uttar Pradesh,Gorakhpur,IA054,Street Lighting (per 50 units),1045890.68,Completed,0.04491673962455073,,0.0,,0.0,,0.0,,0.06983621490972737,,0.0,,0.0,,0,5.6,Low,0.0,On Track,
W01056,MP021,West Bengal,Malda,IA051,Drainage / Sewage Line (per km),2869464.38,Completed,0.044754864038636745,,0.0,,0.0,,0.0,,0.06944252848060885,,0.0,,0.0,,0,5.6,Low,0.0,On Track,
W01175,MP025,Bihar,Patna,IA023,Health Sub-Centre Upgrade,1579282.44,Completed,0.011586098670372151,,0.0,,0.0,,0.0,,0.06953501664380995,,0.0,,0.0,,0,5.6,Low,0.0,On Track,
W00939,MP007,Maharashtra,Pune,IA003,Drinking Water Facility,2305931.69,Completed,0.06583749772137122,,0.0,,0.0,,0.0,,0.044860718081386586,,0.0,,0.0,,0,5.6,Low,0.0,On Track,
W00477,MP026,Maharashtra,Nagpur,IA035,Drinking Water Facility,2217049.41,In Progress,0.06556859236929803,,0.0,,0.0,,0.0,,0.0,,0.0,,0.0,,0,5.6,Low,0.0,On Track,
W00270,MP024,Maharashtra,Nagpur,IA035,Community Hall,3363569.23,Completed,0.06456754563179785,,0.0,,0.0,,0.0,,0.029328746649031002,,0.0,,0.0,,0,5.5,Low,0.0,On Track,
W00051,MP026,Maharashtra,Nashik,IA048,Health Sub-Centre Upgrade,1529155.54,In Progress,0.06489369473869915,,0.0,,0.0,,1.0,"sanctioned 516 days ago but expected duration was only 210 days (2.5x overdue), still marked 'In Progress' | 100% of sanctioned funds already disbursed, but work is still marked 'In Progress' -- payment has outpaced physical progress",0.0,,0.0,,0.0,,0,5.5,Low,100.0,Severely Stalled,
W00010,MP004,Bihar,Muzaffarpur,IA032,Drainage / Sewage Line (per km),3925044.55,Completed,0.04532106910942591,,0.0,,0.0,,0.0,,0.06837168502769732,,0.0,,0.0,,0,5.5,Low,0.0,On Track,
W00155,MP018,Bihar,Muzaffarpur,IA032,Drainage / Sewage Line (per km),3510859.71,Completed,0.05696811587630317,,0.0,,0.0,,0.0,,0.06886565650027222,,0.0,,0.0,,0,5.5,Low,0.0,On Track,
W01006,MP016,West Bengal,Howrah,IA012,Health Sub-Centre Upgrade,1673706.99,Completed,0.03793399046423014,,0.0,,0.0,,0.0,,0.0674257623748143,,0.0,,0.0,,0,5.4,Low,0.0,On Track,
W00736,MP040,Bihar,Patna,IA023,School Building Renovation,1497228.38,In Progress,0.06385526567978096,,0.0,,0.0,,0.0,,0.0,,0.0,,0.0,,0,5.4,Low,0.0,On Track,
W00784,MP033,Uttar Pradesh,Meerut,IA018,Road Construction (per km),8946917.14,Completed,0.053052175774752394,,0.0,,0.0,,0.0,,0.06678627414631151,,0.0,,0.0,,0,5.3,Low,0.0,On Track,
W00258,MP009,Bihar,Patna,IA023,Public Toilet Complex,773813.71,Completed,0.06269196180203607,,0.0,,0.0,,0.0,,0.04301740473704694,,0.0,,0.0,,0,5.3,Low,0.0,On Track,
W01216,MP025,Bihar,Patna,IA023,Road Construction (per km),4980684.29,Completed,0.0009037188398016094,,0.0,,0.0,,0.0,,0.0668456131463634,,0.0,,0.0,,0,5.3,Low,0.0,On Track,
W00876,MP016,West Bengal,Howrah,IA037,Street Lighting (per 50 units),1470542.97,Completed,0.015167376672381218,,0.0,,0.0,,0.0,,0.06678807781113012,,0.0,,0.0,,0,5.3,Low,0.0,On Track,
W01234,MP038,Tamil Nadu,Coimbatore,IA015,Public Toilet Complex,680113.78,Completed,0.06263405285958369,,0.0,,0.0,,0.0,,0.04027887689878012,,0.0,,0.0,,0,5.3,Low,0.0,On Track,
W01130,MP030,Bihar,Gaya,IA049,Community Hall,3563133.5,Completed,0.04925638063229506,,0.0,,0.0,,0.0,,0.06617384080982606,,0.0,,0.0,,0,5.3,Low,0.0,On Track,
W00691,MP025,Bihar,Patna,IA023,Health Sub-Centre Upgrade,1559100.95,Completed,0.04475564470919152,,0.0,,0.0,,0.0,,0.06484989683035565,,0.0,,0.0,,0,5.2,Low,0.0,On Track,
W01057,MP002,West Bengal,Howrah,IA020,Drainage / Sewage Line (per km),1293380.9,Completed,0.06085078614266733,,0.0,,0.0,,0.0,,0.013215331937377272,,0.0,,0.0,,0,5.2,Low,0.0,On Track,
W00910,MP035,West Bengal,Malda,IA041,Drainage / Sewage Line (per km),2381637.5,Completed,0.06096090771193136,,0.0,,0.0,,0.0,,0.002478652117284139,,0.0,,0.0,,0,5.2,Low,0.0,On Track,
W00831,MP039,Bihar,Gaya,IA036,Drainage / Sewage Line (per km),890513.78,Completed,0.061582072537336,,0.0,,0.0,,0.0,,0.04115559675080049,,0.0,,0.0,,0,5.2,Low,0.0,On Track,
W01119,MP002,West Bengal,Howrah,IA058,Community Hall,3464630.54,Completed,0.06045545300375083,,0.0,,0.0,,0.0,,0.0566743161719595,,0.0,,0.0,,0,5.1,Low,0.0,On Track,
W00396,MP031,Uttar Pradesh,Gorakhpur,IA054,Drainage / Sewage Line (per km),3927135.1,Completed,0.04397642281161789,,0.0,,0.0,,0.0,,0.06397751810137421,,0.0,,0.0,,0,5.1,Low,0.0,On Track,
W00080,MP028,Tamil Nadu,Salem,IA006,Drainage / Sewage Line (per km),3778361.48,Completed,0.06048904353936954,,0.0,,0.0,,0.0,,0.012256359344288023,,0.0,,0.0,,0,5.1,Low,0.0,On Track,
W00801,MP018,Bihar,Gaya,IA049,Public Toilet Complex,1297654.54,Completed,0.0597588359999973,,0.0,,0.0,,0.0,,0.058958545890694,,0.0,,0.0,,0,5.1,Low,0.0,On Track,
W00919,MP005,Tamil Nadu,Salem,IA006,Community Hall,3500866.77,Completed,0.02249092426336835,,0.0,,0.0,,0.0,,0.06431221149150956,,0.0,,0.0,,0,5.1,Low,0.0,On Track,
W00112,MP038,Tamil Nadu,Coimbatore,IA024,Public Toilet Complex,844898.42,Completed,0.0182896613400069,,0.0,,0.0,,0.0,,0.06377803196383637,,0.0,,0.0,,0,5.1,Low,0.0,On Track,
W00147,MP005,Tamil Nadu,Salem,IA006,Street Lighting (per 50 units),786304.06,Completed,0.05950156321758803,,0.0,,0.0,,0.0,,0.03292682997949966,,0.0,,0.0,,0,5.1,Low,0.0,On Track,
W00946,MP025,Bihar,Patna,IA023,Community Hall,3578167.06,Completed,0.05946439992539371,,0.0,,0.0,,0.0,,0.06300987433082071,,0.0,,0.0,,0,5.1,Low,0.0,On Track,
W00575,MP003,Bihar,Patna,IA023,Community Hall,3494746.07,Completed,0.00282026005636808,,0.0,,0.0,,0.0,,0.06215656093531677,,0.0,,0.0,,0,5.0,Low,0.0,On Track,
W00971,MP023,Tamil Nadu,Coimbatore,IA024,Public Toilet Complex,462394.63,Completed,0.0038781309626629117,,0.0,,0.0,,0.0,,0.06297521634478903,,0.0,,0.0,,0,5.0,Low,0.0,On Track,
W00116,MP002,West Bengal,Howrah,IA056,Health Sub-Centre Upgrade,1675245.84,Completed,0.036204235326843685,,0.0,,0.0,,0.0,,0.06253008104435565,,0.0,,0.0,,0,5.0,Low,0.0,On Track,
W00941,MP033,Uttar Pradesh,Meerut,IA005,Health Sub-Centre Upgrade,1646448.57,Completed,0.02108321129256302,,0.0,,0.0,,0.0,,0.06250410364928302,,0.0,,0.0,,0,5.0,Low,0.0,On Track,
W01388,MP004,Bihar,Muzaffarpur,IA032,Drainage / Sewage Line (per km),2479517.2,Completed,0.058542187509041894,,0.0,,0.0,,0.0,,0.03348961187335675,,0.0,,0.0,,0,5.0,Low,0.0,On Track,
W01162,MP029,Bihar,Patna,IA023,Street Lighting (per 50 units),2342917.92,Completed,0.007085904023170865,,0.0,,0.0,,0.0,,0.06100221572469958,,0.0,,0.0,,0,4.9,Low,0.0,On Track,
W00579,MP034,Uttar Pradesh,Gorakhpur,IA054,Public Toilet Complex,1073596.36,Completed,0.01829943615704769,,0.0,,0.0,,0.0,,0.0615865719607858,,0.0,,0.0,,0,4.9,Low,0.0,On Track,
W00974,MP026,Maharashtra,Pune,IA003,Drinking Water Facility,1848947.27,In Progress,0.05804314221399084,,0.0,,0.0,,1.0,"sanctioned 531 days ago but expected duration was only 150 days (3.5x overdue), still marked 'In Progress' | 100% of sanctioned funds already disbursed, but work is still marked 'In Progress' -- payment has outpaced physical progress",0.0,,0.0,,0.0,,0,4.9,Low,100.0,Severely Stalled,
W00078,MP021,West Bengal,Malda,IA028,Health Sub-Centre Upgrade,1656085.23,In Progress,0.05774185340720009,,0.0,,0.0,,1.0,"sanctioned 836 days ago but expected duration was only 210 days (4.0x overdue), still marked 'In Progress' | 100% of sanctioned funds already disbursed, but work is still marked 'In Progress' -- payment has outpaced physical progress",0.0,,0.0,,0.0,,0,4.9,Low,100.0,Severely Stalled,
W00747,MP013,Uttar Pradesh,Gorakhpur,IA039,School Building Renovation,1387665.08,In Progress,0.05712682491056681,,0.0,,0.0,,0.0,,0.0,,0.0,,0.0,,0,4.9,Low,0.0,On Track,
W00850,MP021,West Bengal,Howrah,IA058,Health Sub-Centre Upgrade,1707454.38,Completed,0.02994591699621897,,0.0,,0.0,,0.0,,0.061851549283526146,,0.0,,0.0,,0,4.9,Low,0.0,On Track,
W01164,MP026,Maharashtra,Nagpur,IA035,Public Toilet Complex,1392340.62,Completed,0.05799879660810097,,0.0,,0.0,,0.0,,0.002784364036437918,,0.0,,0.0,,0,4.9,Low,0.0,On Track,
W01158,MP009,Bihar,Muzaffarpur,IA032,Drinking Water Facility,1198398.49,Completed,0.04959644253570739,,0.0,,0.0,,0.0,,0.06153400967787903,,0.0,,0.0,,0,4.9,Low,0.0,On Track,
W01304,MP027,Uttar Pradesh,Varanasi,IA057,School Building Renovation,1805877.02,In Progress,0.057166900053523526,,0.0,,0.0,,1.0,"sanctioned 392 days ago but expected duration was only 200 days (2.0x overdue), still marked 'In Progress' | 100% of sanctioned funds already disbursed, but work is still marked 'In Progress' -- payment has outpaced physical progress",0.0,,0.0,,0.0,,0,4.9,Low,100.0,Severely Stalled,
W00492,MP034,Uttar Pradesh,Gorakhpur,IA052,Community Hall,3522574.7,In Progress,0.05791580682272696,,0.0,,0.0,,1.0,"sanctioned 1084 days ago but expected duration was only 240 days (4.5x overdue), still marked 'In Progress' | 100% of sanctioned funds already disbursed, but work is still marked 'In Progress' -- payment has outpaced physical progress",0.0,,0.0,,0.0,,0,4.9,Low,100.0,Severely Stalled,
W01238,MP033,Uttar Pradesh,Meerut,IA040,Drinking Water Facility,1545604.4,Completed,0.0021628288099196694,,0.0,,0.0,,0.0,,0.06095400937344988,,0.0,,0.0,,0,4.9,Low,0.0,On Track,
W00126,MP015,West Bengal,Malda,IA030,Health Sub-Centre Upgrade,1756879.82,Completed,0.055557012546759654,,0.0,,0.0,,0.0,,0.045268025984295884,,0.0,,0.0,,0,4.7,Low,0.0,On Track,
W00277,MP029,Bihar,Patna,IA023,School Building Renovation,1616782.58,Completed,0.055269580357148185,,0.0,,0.0,,0.0,,0.011208678756600298,,0.0,,0.0,,0,4.7,Low,0.0,On Track,
W00809,MP007,Maharashtra,Nagpur,IA034,Drinking Water Facility,1093040.44,Completed,0.0018929676658446897,,0.0,,0.0,,0.0,,0.058556900632212805,,0.0,,0.0,,0,4.7,Low,0.0,On Track,
W00734,MP017,Uttar Pradesh,Gorakhpur,IA053,Drinking Water Facility,1656504.83,Completed,0.05118609314193348,,0.0,,0.0,,0.0,,0.05834100733700217,,0.0,,0.0,,0,4.7,Low,0.0,On Track,
W00130,MP037,Bihar,Muzaffarpur,IA032,Street Lighting (per 50 units),1989180.75,In Progress,0.05434765862853146,,0.0,,0.0,,1.0,"sanctioned 937 days ago but expected duration was only 90 days (10.4x overdue), still marked 'In Progress' | 100% of sanctioned funds already disbursed, but work is still marked 'In Progress' -- payment has outpaced physical progress",0.0,,0.0,,0.0,,0,4.6,Low,100.0,Severely Stalled,
W00024,MP011,Bihar,Muzaffarpur,IA032,Health Sub-Centre Upgrade,1618935.97,Completed,0.05358696778491468,,0.0,,0.0,,0.0,,0.013658095619912089,,0.0,,0.0,,0,4.6,Low,0.0,On Track,
W00077,MP038,Tamil Nadu,Coimbatore,IA015,Community Hall,3447913.2,Completed,0.05405251023424343,,0.0,,0.0,,0.0,,0.03768374809513687,,0.0,,0.0,,0,4.6,Low,0.0,On Track,
W00381,MP025,Bihar,Patna,IA023,Road Construction (per km),2542730.08,Completed,0.05461195807355999,,0.0,,0.0,,0.0,,0.02238935316646265,,0.0,,0.0,,0,4.6,Low,0.0,On Track,
W01187,MP018,Bihar,Gaya,IA042,Public Toilet Complex,1291315.93,Completed,0.05461904096007884,,0.0,,0.0,,0.0,,0.046036742116152725,,0.0,,0.0,,0,4.6,Low,0.0,On Track,
W00143,MP002,West Bengal,Howrah,IA009,Street Lighting (per 50 units),1965964.17,Completed,0.05295686693511853,,0.0,,0.0,,0.0,,0.025439661278361145,,0.0,,0.0,,0,4.5,Low,0.0,On Track,
W00045,MP026,Maharashtra,Nagpur,IA016,Street Lighting (per 50 units),2159744.44,Completed,0.03752218032128279,,0.0,,0.0,,0.0,,0.05602983218675972,,0.0,,0.0,,0,4.5,Low,0.0,On Track,
W00880,MP034,Uttar Pradesh,Gorakhpur,IA054,School Building Renovation,2379870.04,Completed,0.05253035231955393,,0.0,,0.0,,0.0,,0.04201169994479259,,0.0,,0.0,,0,4.5,Low,0.0,On Track,
W01019,MP005,Tamil Nadu,Salem,IA059,School Building Renovation,1984633.92,Completed,0.05297090150690423,,0.0,,0.0,,0.0,,0.021987518151909927,,0.0,,0.0,,0,4.5,Low,0.0,On Track,
W00368,MP025,Bihar,Patna,IA023,Health Sub-Centre Upgrade,1618373.63,Completed,0.052662726684804005,,0.0,,0.0,,0.0,,0.04654435526703888,,0.0,,0.0,,0,4.5,Low,0.0,On Track,
W00844,MP011,Bihar,Muzaffarpur,IA032,Street Lighting (per 50 units),1977974.11,Completed,0.0170864384479132,,0.0,,0.0,,0.0,,0.05682261757333302,,0.0,,0.0,,0,4.5,Low,0.0,On Track,
W00479,MP025,Bihar,Patna,IA023,Public Toilet Complex,812236.08,Completed,0.05131304705182177,,0.0,,0.0,,0.0,,0.008664792387871436,,0.0,,0.0,,0,4.4,Low,0.0,On Track,
W01349,MP036,Maharashtra,Nashik,IA038,Public Toilet Complex,562789.13,Completed,0.05186248757213955,,0.0,,0.0,,0.0,,0.0423492196747279,,0.0,,0.0,,0,4.4,Low,0.0,On Track,
W01131,MP022,Uttar Pradesh,Meerut,IA018,Community Hall,3460716.38,Completed,0.011233044724035739,,0.0,,0.0,,0.0,,0.05538688207513711,,0.0,,0.0,,0,4.4,Low,0.0,On Track,
W00081,MP010,Bihar,Gaya,IA025,Drinking Water Facility,1890730.95,Completed,0.019390551786059956,,0.0,,0.0,,0.0,,0.05475258145764093,,0.0,,0.0,,0,4.4,Low,0.0,On Track,
W00632,MP036,Maharashtra,Nashik,IA048,Drainage / Sewage Line (per km),1539756.15,Completed,0.008417266490220949,,0.0,,0.0,,0.0,,0.05439781679939207,,0.0,,0.0,,0,4.4,Low,0.0,On Track,
W00106,MP014,Maharashtra,Pune,IA003,Health Sub-Centre Upgrade,1606680.07,Completed,0.051738266888732426,,0.0,,0.0,,0.0,,0.03568662176207848,,0.0,,0.0,,0,4.4,Low,0.0,On Track,
W00598,MP032,Tamil Nadu,Coimbatore,IA015,Street Lighting (per 50 units),1740565.67,Completed,0.051936128563230106,,0.0,,0.0,,0.0,,0.02493860489145841,,0.0,,0.0,,0,4.4,Low,0.0,On Track,
W01346,MP002,West Bengal,Howrah,IA037,Public Toilet Complex,1186152.0,Completed,0.0340935847527093,,0.0,,0.0,,0.0,,0.053201760252514725,,0.0,,0.0,,0,4.3,Low,0.0,On Track,
W00408,MP036,Maharashtra,Nashik,IA027,Public Toilet Complex,958891.45,Completed,0.05096998222643904,,0.0,,0.0,,0.0,,0.031267367781975586,,0.0,,0.0,,0,4.3,Low,0.0,On Track,
W01227,MP035,West Bengal,Malda,IA007,Drinking Water Facility,1736872.0,Completed,0.035240235906828336,,0.0,,0.0,,0.0,,0.054069975593396456,,0.0,,0.0,,0,4.3,Low,0.0,On Track,
W00633,MP025,Bihar,Patna,IA023,Road Construction (per km),2707457.52,Completed,0.05030002406865142,,0.0,,0.0,,0.0,,0.01692400980775938,,0.0,,0.0,,0,4.3,Low,0.0,On Track,
W00253,MP038,Tamil Nadu,Coimbatore,IA055,School Building Renovation,1650893.28,In Progress,0.05115487038656217,,0.0,,0.0,,0.0,,0.0,,0.0,,0.0,,0,4.3,Low,0.0,On Track,
W00873,MP038,Tamil Nadu,Coimbatore,IA024,Public Toilet Complex,1320853.64,In Progress,0.05044820948238387,,0.0,,0.0,,1.0,"sanctioned 998 days ago but expected duration was only 120 days (8.3x overdue), still marked 'In Progress' | 100% of sanctioned funds already disbursed, but work is still marked 'In Progress' -- payment has outpaced physical progress",0.0,,0.0,,0.0,,0,4.3,Low,100.0,Severely Stalled,
W01106,MP032,Tamil Nadu,Coimbatore,IA015,Community Hall,3553976.68,Completed,0.0510658435558218,,0.0,,0.0,,0.0,,0.018728359799369012,,0.0,,0.0,,0,4.3,Low,0.0,On Track,
W00405,MP013,Uttar Pradesh,Gorakhpur,IA004,Road Construction (per km),7952812.75,Completed,0.05014748904206744,,0.0,,0.0,,0.0,,0.05043623391550298,,0.0,,0.0,,0,4.3,Low,0.0,On Track,
W00501,MP023,Tamil Nadu,Coimbatore,IA055,Street Lighting (per 50 units),836164.47,Completed,0.04800467526195981,,0.0,,0.0,,0.0,,0.05210873127532583,,0.0,,0.0,,0,4.2,Low,0.0,On Track,
W00697,MP010,Bihar,Gaya,IA042,Community Hall,3418461.56,Completed,0.04897809973629393,,0.0,,0.0,,0.0,,0.03668168900204823,,0.0,,0.0,,0,4.2,Low,0.0,On Track,
W01074,MP032,Tamil Nadu,Salem,IA006,School Building Renovation,2152938.81,Completed,0.04994308492777435,,0.0,,0.0,,0.0,,0.036356619036909704,,0.0,,0.0,,0,4.2,Low,0.0,On Track,
W01159,MP008,West Bengal,Howrah,IA013,Road Construction (per km),4415571.45,Completed,0.031221627788857027,,0.0,,0.0,,0.0,,0.052378473430664006,,0.0,,0.0,,0,4.2,Low,0.0,On Track,
W00918,MP022,Uttar Pradesh,Meerut,IA018,Health Sub-Centre Upgrade,1605764.1,Completed,0.04317549564639872,,0.0,,0.0,,0.0,,0.051641361816450244,,0.0,,0.0,,0,4.1,Low,0.0,On Track,
W00590,MP031,Uttar Pradesh,Gorakhpur,IA046,Drainage / Sewage Line (per km),895810.13,In Progress,0.04826958315025715,,0.0,,0.0,,1.0,"sanctioned 1212 days ago but expected duration was only 180 days (6.7x overdue), still marked 'In Progress' | 100% of sanctioned funds already disbursed, but work is still marked 'In Progress' -- payment has outpaced physical progress",0.0,,0.0,,0.0,,0,4.1,Low,100.0,Severely Stalled,
W00007,MP026,Maharashtra,Nagpur,IA034,Health Sub-Centre Upgrade,1572289.97,Completed,0.0,,0.0,,0.0,,0.0,,0.05132447048761587,,0.0,,0.0,,0,4.1,Low,0.0,On Track,
W00881,MP011,Bihar,Gaya,IA011,School Building Renovation,1248272.41,Completed,0.04722945638687465,,0.0,,0.0,,0.0,,0.042114299207707644,,0.0,,0.0,,0,4.0,Low,0.0,On Track,
W01245,MP007,Maharashtra,Nagpur,IA016,Drinking Water Facility,1384452.43,Completed,0.04689263436703983,,0.0,,0.0,,0.0,,0.013897141020928606,,0.0,,0.0,,0,4.0,Low,0.0,On Track,
W00453,MP006,Bihar,Muzaffarpur,IA032,Drinking Water Facility,1144909.38,Completed,0.04693007262632523,,0.0,,0.0,,0.0,,0.026568897897160035,,0.0,,0.0,,0,4.0,Low,0.0,On Track,
W01134,MP036,Maharashtra,Nashik,IA027,Road Construction (per km),4042380.8,In Progress,0.04756817745554965,,0.0,,0.0,,1.0,"sanctioned 422 days ago but expected duration was only 270 days (1.6x overdue), still marked 'In Progress' | 100% of sanctioned funds already disbursed, but work is still marked 'In Progress' -- payment has outpaced physical progress",0.0,,0.0,,0.0,,0,4.0,Low,100.0,Severely Stalled,
W00511,MP040,Bihar,Gaya,IA025,Drainage / Sewage Line (per km),2532597.75,Completed,0.0458303191405479,,0.0,,0.0,,0.0,,0.02679050671976874,,0.0,,0.0,,0,3.9,Low,0.0,On Track,
W00785,MP011,Bihar,Muzaffarpur,IA032,Drinking Water Facility,2069793.3,Completed,0.04560148920091661,,0.0,,0.0,,0.0,,0.02899803734343662,,0.0,,0.0,,0,3.9,Low,0.0,On Track,
W00631,MP037,Bihar,Muzaffarpur,IA032,Drinking Water Facility,1624242.53,Completed,0.03620252599852727,,0.0,,0.0,,0.0,,0.04699357907261712,,0.0,,0.0,,0,3.8,Low,0.0,On Track,
W01219,MP015,West Bengal,Malda,IA050,Health Sub-Centre Upgrade,1727034.18,Completed,0.022008811540434308,,0.0,,0.0,,0.0,,0.04737558079564399,,0.0,,0.0,,0,3.8,Low,0.0,On Track,
W00868,MP014,Maharashtra,Pune,IA003,Drainage / Sewage Line (per km),2272751.17,Completed,0.024653420230148857,,0.0,,0.0,,0.0,,0.04769365276304318,,0.0,,0.0,,0,3.8,Low,0.0,On Track,
W00243,MP025,Bihar,Muzaffarpur,IA032,Road Construction (per km),1432468.45,Completed,0.04424661711909544,,0.0,,0.0,,0.0,,0.011896702685236364,,0.0,,0.0,,0,3.8,Low,0.0,On Track,
W00160,MP011,Bihar,Muzaffarpur,IA032,Road Construction (per km),6795019.46,Completed,0.04423589795765489,,0.0,,0.0,,0.0,,0.0465952155493699,,0.0,,0.0,,0,3.8,Low,0.0,On Track,
W00780,MP025,Bihar,Patna,IA023,Street Lighting (per 50 units),1797672.86,Completed,0.03177040646709627,,0.0,,0.0,,0.0,,0.046731243249260195,,0.0,,0.0,,0,3.7,Low,0.0,On Track,
W01220,MP014,Maharashtra,Pune,IA003,Street Lighting (per 50 units),908249.17,Completed,0.04352552825048736,,0.0,,0.0,,0.0,,0.01906703903272253,,0.0,,0.0,,0,3.7,Low,0.0,On Track,
W00940,MP019,Maharashtra,Nashik,IA048,Community Hall,3424412.13,Completed,0.017101717851782876,,0.0,,0.0,,0.0,,0.046795687204383346,,0.0,,0.0,,0,3.7,Low,0.0,On Track,
W00676,MP038,Tamil Nadu,Coimbatore,IA015,Road Construction (per km),3936124.6,In Progress,0.043284815747280124,,0.0,,0.0,,1.0,"100% of sanctioned funds already disbursed, but work is still marked 'In Progress' -- payment has outpaced physical progress",0.0,,0.0,,0.0,,0,3.7,Low,100.0,Severely Stalled,
W00433,MP040,Bihar,Gaya,IA036,Road Construction (per km),8781417.32,Completed,0.03221178511472438,,0.0,,0.0,,0.0,,0.046785225743315874,,0.0,,0.0,,0,3.7,Low,0.0,On Track,
W01338,MP039,Bihar,Gaya,IA036,Drainage / Sewage Line (per km),3618226.72,Completed,0.011083162357338664,,0.0,,0.0,,0.0,,0.04526519643916893,,0.0,,0.0,,0,3.6,Low,0.0,On Track,
W00508,MP005,Tamil Nadu,Salem,IA059,Drinking Water Facility,1444233.38,Completed,0.020852218797181105,,0.0,,0.0,,0.0,,0.044481638377520255,,0.0,,0.0,,0,3.6,Low,0.0,On Track,
W00830,MP034,Uttar Pradesh,Gorakhpur,IA060,Public Toilet Complex,688931.4,Completed,0.0,,0.0,,0.0,,0.0,,0.04459284624902075,,0.0,,0.0,,0,3.6,Low,0.0,On Track,
W00885,MP008,West Bengal,Howrah,IA056,Community Hall,3561422.93,Completed,0.041871385311409194,,0.0,,0.0,,0.0,,0.038227734536412504,,0.0,,0.0,,0,3.6,Low,0.0,On Track,
W00011,MP016,West Bengal,Howrah,IA022,Street Lighting (per 50 units),1943788.82,Completed,0.03845042375844051,,0.0,,0.0,,0.0,,0.04413194288716338,,0.0,,0.0,,0,3.5,Low,0.0,On Track,
W00462,MP021,West Bengal,Howrah,IA056,Health Sub-Centre Upgrade,1671338.88,In Progress,0.04059588112179661,,0.0,,0.0,,1.0,"sanctioned 897 days ago but expected duration was only 210 days (4.3x overdue), still marked 'In Progress' | 100% of sanctioned funds already disbursed, but work is still marked 'In Progress' -- payment has outpaced physical progress",0.0,,0.0,,0.0,,0,3.5,Low,100.0,Severely Stalled,
W00470,MP028,Tamil Nadu,Madurai,IA044,School Building Renovation,1702835.15,In Progress,0.041606564287378245,,0.0,,0.0,,1.0,"sanctioned 510 days ago but expected duration was only 200 days (2.5x overdue), still marked 'In Progress' | 100% of sanctioned funds already disbursed, but work is still marked 'In Progress' -- payment has outpaced physical progress",0.0,,0.0,,0.0,,0,3.5,Low,100.0,Severely Stalled,
W00981,MP018,Bihar,Gaya,IA025,Drainage / Sewage Line (per km),669866.66,In Progress,0.04156966133152034,,0.0,,0.0,,1.0,"sanctioned 617 days ago but expected duration was only 180 days (3.4x overdue), still marked 'In Progress' | 100% of sanctioned funds already disbursed, but work is still marked 'In Progress' -- payment has outpaced physical progress",0.0,,0.0,,0.0,,0,3.5,Low,100.0,Severely Stalled,
W00351,MP014,Maharashtra,Pune,IA003,Road Construction (per km),3724948.78,Completed,0.012493345050705285,,0.0,,0.0,,0.0,,0.043266508376713066,,0.0,,0.0,,0,3.5,Low,0.0,On Track,
W00297,MP039,Bihar,Gaya,IA011,Drinking Water Facility,2063856.68,Completed,0.039817354969392725,,0.0,,0.0,,0.0,,0.03144214562874484,,0.0,,0.0,,0,3.4,Low,0.0,On Track,
W00912,MP029,Bihar,Patna,IA023,Road Construction (per km),2627241.93,Completed,0.04000765189802052,,0.0,,0.0,,0.0,,0.021109572396454727,,0.0,,0.0,,0,3.4,Low,0.0,On Track,
W01146,MP038,Tamil Nadu,Coimbatore,IA055,Drinking Water Facility,1846297.71,Completed,0.009133362378082995,,0.0,,0.0,,0.0,,0.042839998806557526,,0.0,,0.0,,0,3.4,Low,0.0,On Track,
W00758,MP006,Bihar,Muzaffarpur,IA032,Drinking Water Facility,1332948.64,Completed,0.0326216965078251,,0.0,,0.0,,0.0,,0.042634278127340615,,0.0,,0.0,,0,3.4,Low,0.0,On Track,
W00749,MP039,Bihar,Gaya,IA011,Public Toilet Complex,1188922.47,Completed,0.01675267703960805,,0.0,,0.0,,0.0,,0.04237765117961021,,0.0,,0.0,,0,3.4,Low,0.0,On Track,
W01298,MP003,Bihar,Patna,IA023,Health Sub-Centre Upgrade,1567327.67,Completed,0.031234513822003544,,0.0,,0.0,,0.0,,0.041014086315233865,,0.0,,0.0,,0,3.3,Low,0.0,On Track,
W01166,MP040,Bihar,Gaya,IA025,Street Lighting (per 50 units),1574391.06,Completed,0.0,,0.0,,0.0,,0.0,,0.041037641898033585,,0.0,,0.0,,0,3.3,Low,0.0,On Track,
W00283,MP003,Bihar,Patna,IA023,Drinking Water Facility,1370498.45,Completed,0.03789330762333347,,0.0,,0.0,,0.0,,0.017272962394691404,,0.0,,0.0,,0,3.2,Low,0.0,On Track,
W00782,MP006,Bihar,Muzaffarpur,IA032,School Building Renovation,1980856.33,Completed,0.022539594044150266,,0.0,,0.0,,0.0,,0.03938267707157319,,0.0,,0.0,,0,3.2,Low,0.0,On Track,
W00469,MP008,West Bengal,Howrah,IA045,Road Construction (per km),6777768.43,Completed,0.0,,0.0,,0.0,,0.0,,0.03999305904722887,,0.0,,0.0,,0,3.2,Low,0.0,On Track,
W01327,MP026,Maharashtra,Nagpur,IA035,Drainage / Sewage Line (per km),3282393.44,In Progress,0.03728073337267273,,0.0,,0.0,,1.0,"sanctioned 736 days ago but expected duration was only 180 days (4.1x overdue), still marked 'In Progress' | 100% of sanctioned funds already disbursed, but work is still marked 'In Progress' -- payment has outpaced physical progress",0.0,,0.0,,0.0,,0,3.2,Low,100.0,Severely Stalled,
W00955,MP030,Bihar,Muzaffarpur,IA032,Drinking Water Facility,1382719.89,Completed,0.03807728326120062,,0.0,,0.0,,0.0,,0.00938390653328695,,0.0,,0.0,,0,3.2,Low,0.0,On Track,
W00774,MP004,Bihar,Muzaffarpur,IA032,Road Construction (per km),8316349.54,Completed,0.037104303572494245,,0.0,,0.0,,0.0,,0.028396808284238167,,0.0,,0.0,,0,3.2,Low,0.0,On Track,
W01046,MP021,West Bengal,Howrah,IA013,Road Construction (per km),5689738.65,Completed,0.037504004066605416,,0.0,,0.0,,0.0,,0.01765614283508322,,0.0,,0.0,,0,3.2,Low,0.0,On Track,
W00355,MP037,Bihar,Muzaffarpur,IA032,Road Construction (per km),1342231.35,Completed,0.03589848621001171,,0.0,,0.0,,0.0,,0.03312737482318016,,0.0,,0.0,,0,3.1,Low,0.0,On Track,
W00184,MP033,Uttar Pradesh,Meerut,IA047,Street Lighting (per 50 units),2066149.01,Completed,0.03635431795985934,,0.0,,0.0,,0.0,,0.023823712917360882,,0.0,,0.0,,0,3.1,Low,0.0,On Track,
W00197,MP035,West Bengal,Malda,IA030,Community Hall,3547529.42,Completed,0.02718346458334285,,0.0,,0.0,,0.0,,0.038149225959111764,,0.0,,0.0,,0,3.1,Low,0.0,On Track,
W00319,MP003,Bihar,Muzaffarpur,IA032,Community Hall,3543229.88,Completed,0.0357415154265484,,0.0,,0.0,,0.0,,0.03604580901449115,,0.0,,0.0,,0,3.0,Low,0.0,On Track,
W00975,MP010,Bihar,Gaya,IA036,Drinking Water Facility,1548799.69,Completed,0.030084168015683855,,0.0,,0.0,,0.0,,0.03763549848306697,,0.0,,0.0,,0,3.0,Low,0.0,On Track,
W00689,MP007,Maharashtra,Nagpur,IA034,Drainage / Sewage Line (per km),2930603.96,In Progress,0.034785114812097735,,0.0,,0.0,,1.0,"sanctioned 306 days ago but expected duration was only 180 days (1.7x overdue), still marked 'In Progress' | 100% of sanctioned funds already disbursed, but work is still marked 'In Progress' -- payment has outpaced physical progress",0.0,,0.0,,0.0,,0,3.0,Low,100.0,Severely Stalled,
W00788,MP019,Maharashtra,Nagpur,IA016,Health Sub-Centre Upgrade,1591444.32,Completed,0.028816806940956674,,0.0,,0.0,,0.0,,0.03711979837714105,,0.0,,0.0,,0,3.0,Low,0.0,On Track,
W00060,MP040,Bihar,Gaya,IA025,Drainage / Sewage Line (per km),3134888.73,In Progress,0.0354836954356035,,0.0,,0.0,,1.0,"sanctioned 535 days ago but expected duration was only 180 days (3.0x overdue), still marked 'In Progress' | 100% of sanctioned funds already disbursed, but work is still marked 'In Progress' -- payment has outpaced physical progress",0.0,,0.0,,0.0,,0,3.0,Low,100.0,Severely Stalled,
W00293,MP001,West Bengal,Malda,IA030,Public Toilet Complex,1235833.63,Completed,0.034093584752709565,,0.0,,0.0,,0.0,,0.02849592358982916,,0.0,,0.0,,0,2.9,Low,0.0,On Track,
W00018,MP011,Bihar,Muzaffarpur,IA032,Public Toilet Complex,1166926.82,Completed,0.02610264338392294,,0.0,,0.0,,0.0,,0.03598032308357168,,0.0,,0.0,,0,2.9,Low,0.0,On Track,
W00136,MP009,Bihar,Muzaffarpur,IA032,Health Sub-Centre Upgrade,1566740.45,Completed,0.03219964676436383,,0.0,,0.0,,0.0,,0.035871399889162305,,0.0,,0.0,,0,2.9,Low,0.0,On Track,
W01043,MP035,West Bengal,Malda,IA050,Drinking Water Facility,2141707.06,Completed,0.03361882177152039,,0.0,,0.0,,0.0,,0.028624315629356963,,0.0,,0.0,,0,2.9,Low,0.0,On Track,
W00700,MP038,Tamil Nadu,Coimbatore,IA055,Drainage / Sewage Line (per km),4090484.73,Completed,0.03366423505124416,,0.0,,0.0,,0.0,,0.01484141220962057,,0.0,,0.0,,0,2.9,Low,0.0,On Track,
W00551,MP005,Tamil Nadu,Coimbatore,IA055,Drainage / Sewage Line (per km),960118.84,Completed,0.03366423505124416,,0.0,,0.0,,0.0,,0.02235531668461281,,0.0,,0.0,,0,2.9,Low,0.0,On Track,
W01289,MP035,West Bengal,Malda,IA028,Community Hall,3490847.03,Completed,0.032739942172568946,,0.0,,0.0,,0.0,,0.021358645805639512,,0.0,,0.0,,0,2.8,Low,0.0,On Track,
W00144,MP015,West Bengal,Malda,IA051,Community Hall,3496842.97,Completed,0.026401163029627625,,0.0,,0.0,,0.0,,0.035480209399118195,,0.0,,0.0,,0,2.8,Low,0.0,On Track,
W00994,MP017,Uttar Pradesh,Gorakhpur,IA054,Street Lighting (per 50 units),2124459.8,Completed,0.03239466152305755,,0.0,,0.0,,0.0,,0.017736334579864083,,0.0,,0.0,,0,2.8,Low,0.0,On Track,
W00171,MP036,Maharashtra,Nashik,IA038,Drinking Water Facility,2552325.21,Completed,0.020114560887321307,,0.0,,0.0,,0.0,,0.035468228670870204,,0.0,,0.0,,0,2.8,Low,0.0,On Track,
W00049,MP006,Bihar,Muzaffarpur,IA032,School Building Renovation,1473853.47,Completed,0.0176342506549327,,0.0,,0.0,,0.0,,0.033875031264800015,,0.0,,0.0,,0,2.7,Low,0.0,On Track,
W00530,MP009,Bihar,Muzaffarpur,IA032,Health Sub-Centre Upgrade,1588792.67,Completed,0.004044561495193456,,0.0,,0.0,,0.0,,0.03429401692434276,,0.0,,0.0,,0,2.7,Low,0.0,On Track,
W00207,MP018,Bihar,Gaya,IA042,Public Toilet Complex,572516.83,Completed,0.030039769111001192,,0.0,,0.0,,0.0,,0.023836503174404042,,0.0,,0.0,,0,2.6,Low,0.0,On Track,
W01200,MP009,Bihar,Muzaffarpur,IA032,Drinking Water Facility,2117532.41,Completed,0.031176119617817966,,0.0,,0.0,,0.0,,0.0014548677662049913,,0.0,,0.0,,0,2.6,Low,0.0,On Track,
W00209,MP011,Bihar,Gaya,IA011,Community Hall,3503399.79,Completed,0.008696269512350259,,0.0,,0.0,,0.0,,0.032461253719984436,,0.0,,0.0,,0,2.6,Low,0.0,On Track,
W00169,MP019,Maharashtra,Nashik,IA038,School Building Renovation,1561261.19,Completed,0.0,,0.0,,0.0,,0.0,,0.032473723741070604,,0.0,,0.0,,0,2.6,Low,0.0,On Track,
W00560,MP020,Tamil Nadu,Coimbatore,IA024,School Building Renovation,2142018.85,Completed,0.0,,0.0,,0.0,,0.0,,0.030639176499662756,,0.0,,0.0,,0,2.5,Low,0.0,On Track,
W00922,MP028,Tamil Nadu,Madurai,IA031,Road Construction (per km),5490117.75,In Progress,0.029207162576044894,,0.0,,0.0,,0.0,,0.0,,0.0,,0.0,,0,2.5,Low,0.0,On Track,
W01296,MP033,Uttar Pradesh,Meerut,IA018,Drinking Water Facility,1032625.18,Completed,0.0,,0.0,,0.0,,0.0,,0.03003550503637618,,0.0,,0.0,,0,2.4,Low,0.0,On Track,
W00506,MP039,Bihar,Gaya,IA025,Drinking Water Facility,2038883.31,Completed,0.02879824623455131,,0.0,,0.0,,0.0,,0.026281044252998553,,0.0,,0.0,,0,2.4,Low,0.0,On Track,
W01035,MP002,West Bengal,Howrah,IA037,Health Sub-Centre Upgrade,1704972.46,In Progress,0.028448809137728966,,0.0,,0.0,,0.0,,0.0,,0.0,,0.0,,0,2.4,Low,0.0,On Track,
W00443,MP036,Maharashtra,Nashik,IA038,School Building Renovation,1885831.9,Completed,0.02683765592716811,,0.0,,0.0,,0.0,,0.02321204964149888,,0.0,,0.0,,0,2.3,Low,0.0,On Track,
W00936,MP025,Bihar,Patna,IA023,Health Sub-Centre Upgrade,1569624.42,In Progress,0.027459660980877428,,0.0,,0.0,,1.0,"sanctioned 994 days ago but expected duration was only 210 days (4.7x overdue), still marked 'In Progress' | 100% of sanctioned funds already disbursed, but work is still marked 'In Progress' -- payment has outpaced physical progress",0.0,,0.0,,0.0,,0,2.3,Low,100.0,Severely Stalled,
W00481,MP006,Bihar,Muzaffarpur,IA032,Public Toilet Complex,1141659.95,Completed,0.000327533499953721,,0.0,,0.0,,0.0,,0.029171219791329032,,0.0,,0.0,,0,2.3,Low,0.0,On Track,
W00582,MP010,Bihar,Gaya,IA036,Health Sub-Centre Upgrade,1601533.11,Completed,0.024984274625136877,,0.0,,0.0,,0.0,,0.028360149096480353,,0.0,,0.0,,0,2.3,Low,0.0,On Track,
W00083,MP035,West Bengal,Malda,IA043,Drinking Water Facility,1009249.59,Completed,0.010955418585834709,,0.0,,0.0,,0.0,,0.028251240967838404,,0.0,,0.0,,0,2.3,Low,0.0,On Track,
W00416,MP001,West Bengal,Malda,IA007,Street Lighting (per 50 units),1188477.46,In Progress,0.02544513504716851,,0.0,,0.0,,1.0,"sanctioned 702 days ago but expected duration was only 90 days (7.8x overdue), still marked 'In Progress' | 100% of sanctioned funds already disbursed, but work is still marked 'In Progress' -- payment has outpaced physical progress",0.0,,0.0,,0.0,,0,2.2,Low,100.0,Severely Stalled,
W00339,MP039,Bihar,Gaya,IA042,Drainage / Sewage Line (per km),2548363.97,Completed,0.025263090538003477,,0.0,,0.0,,0.0,,0.016318028318400547,,0.0,,0.0,,0,2.1,Low,0.0,On Track,
W01122,MP006,Bihar,Muzaffarpur,IA032,Community Hall,3460740.2,Completed,0.020270250577081334,,0.0,,0.0,,0.0,,0.02529582020707025,,0.0,,0.0,,0,2.0,Low,0.0,On Track,
W01062,MP023,Tamil Nadu,Coimbatore,IA055,Road Construction (per km),4545871.34,Completed,0.006209300502209899,,0.0,,0.0,,0.0,,0.024389461545981036,,0.0,,0.0,,0,2.0,Low,0.0,On Track,
W01209,MP038,Tamil Nadu,Salem,IA059,Community Hall,3504036.63,In Progress,0.02341673872422124,,0.0,,0.0,,1.0,"sanctioned 519 days ago but expected duration was only 240 days (2.2x overdue), still marked 'In Progress' | 100% of sanctioned funds already disbursed, but work is still marked 'In Progress' -- payment has outpaced physical progress",0.0,,0.0,,0.0,,0,2.0,Low,100.0,Severely Stalled,
W00084,MP023,Tamil Nadu,Coimbatore,IA015,Community Hall,3522529.91,Completed,0.019899294104353562,,0.0,,0.0,,0.0,,0.022978354852788554,,0.0,,0.0,,0,1.8,Low,0.0,On Track,
W01129,MP032,Tamil Nadu,Coimbatore,IA055,Street Lighting (per 50 units),788618.19,In Progress,0.019677762852583398,,0.0,,0.0,,1.0,"sanctioned 141 days ago but expected duration was only 90 days (1.6x overdue), still marked 'In Progress' | 100% of sanctioned funds already disbursed, but work is still marked 'In Progress' -- payment has outpaced physical progress",0.0,,0.0,,0.0,,0,1.7,Low,100.0,Severely Stalled,
W00039,MP014,Maharashtra,Pune,IA003,Health Sub-Centre Upgrade,1558797.02,In Progress,0.020299500385759797,,0.0,,0.0,,1.0,"sanctioned 432 days ago but expected duration was only 210 days (2.1x overdue), still marked 'In Progress' | 100% of sanctioned funds already disbursed, but work is still marked 'In Progress' -- payment has outpaced physical progress",0.0,,0.0,,0.0,,0,1.7,Low,100.0,Severely Stalled,
W01322,MP033,Uttar Pradesh,Meerut,IA047,Road Construction (per km),7494326.73,In Progress,0.019319121973845305,,0.0,,0.0,,1.0,"100% of sanctioned funds already disbursed, but work is still marked 'In Progress' -- payment has outpaced physical progress",0.0,,0.0,,0.0,,0,1.6,Low,100.0,Severely Stalled,
W01118,MP018,Bihar,Gaya,IA042,School Building Renovation,2174836.12,In Progress,0.017634250654932196,,0.0,,0.0,,0.0,,0.0,,0.0,,0.0,,0,1.5,Low,0.0,On Track,
W00439,MP014,Maharashtra,Pune,IA003,Community Hall,3468254.96,In Progress,0.017101717851782876,,0.0,,0.0,,0.0,,0.0,,0.0,,0.0,,0,1.5,Low,0.0,On Track,
W00727,MP039,Bihar,Gaya,IA025,Public Toilet Complex,896610.46,Completed,0.012448432083647112,,0.0,,0.0,,0.0,,0.01745260323378182,,0.0,,0.0,,0,1.4,Low,0.0,On Track,
W01334,MP007,Maharashtra,Nagpur,IA035,Drinking Water Facility,2539530.46,In Progress,0.01625213095311693,,0.0,,0.0,,1.0,"sanctioned 280 days ago but expected duration was only 150 days (1.9x overdue), still marked 'In Progress' | 100% of sanctioned funds already disbursed, but work is still marked 'In Progress' -- payment has outpaced physical progress",0.0,,0.0,,0.0,,0,1.4,Low,100.0,Severely Stalled,
W00787,MP038,Tamil Nadu,Coimbatore,IA015,Public Toilet Complex,1119848.73,Completed,0.009965032904357614,,0.0,,0.0,,0.0,,0.016362995870853905,,0.0,,0.0,,0,1.3,Low,0.0,On Track,
W00201,MP038,Tamil Nadu,Coimbatore,IA024,School Building Renovation,1804915.01,Completed,0.014057041976235083,,0.0,,0.0,,0.0,,0.006141819591371076,,0.0,,0.0,,0,1.2,Low,0.0,On Track,
W00281,MP022,Uttar Pradesh,Meerut,IA018,School Building Renovation,1344361.79,Completed,0.012414178361765124,,0.0,,0.0,,0.0,,0.006031698860194295,,0.0,,0.0,,0,1.1,Low,0.0,On Track,
W00655,MP031,Uttar Pradesh,Gorakhpur,IA004,Public Toilet Complex,493107.1,In Progress,0.012263749399987657,,0.0,,0.0,,1.0,"sanctioned 599 days ago but expected duration was only 120 days (5.0x overdue), still marked 'In Progress' | 100% of sanctioned funds already disbursed, but work is still marked 'In Progress' -- payment has outpaced physical progress",0.0,,0.0,,0.0,,0,1.0,Low,100.0,Severely Stalled,
W00263,MP018,Bihar,Gaya,IA049,Drinking Water Facility,2185574.79,In Progress,0.011696317821951201,,0.0,,0.0,,1.0,"sanctioned 1140 days ago but expected duration was only 150 days (7.6x overdue), still marked 'In Progress' | 100% of sanctioned funds already disbursed, but work is still marked 'In Progress' -- payment has outpaced physical progress",0.0,,0.0,,0.0,,0,1.0,Low,100.0,Severely Stalled,
W01204,MP003,Bihar,Patna,IA023,Community Hall,3473836.06,In Progress,0.011377959493684114,,0.0,,0.0,,0.0,,0.0,,0.0,,0.0,,0,1.0,Low,0.0,On Track,
W00545,MP016,West Bengal,Howrah,IA022,Drinking Water Facility,918049.07,Completed,0.007045847804364367,,0.0,,0.0,,0.0,,0.010935516725515843,,0.0,,0.0,,0,0.9,Low,0.0,On Track,
W01385,MP036,Maharashtra,Pune,IA003,Road Construction (per km),4380128.65,In Progress,0.011041091896730713,,0.0,,0.0,,0.0,,0.0,,0.0,,0.0,,0,0.9,Low,0.0,On Track,
W00108,MP030,Bihar,Muzaffarpur,IA032,Street Lighting (per 50 units),1401583.66,Completed,0.007664891733525429,,0.0,,0.0,,0.0,,0.006641733057517756,,0.0,,0.0,,0,0.7,Low,0.0,On Track,
W01260,MP017,Uttar Pradesh,Gorakhpur,IA026,Community Hall,3448291.72,Completed,0.0018564976898274457,,0.0,,0.0,,0.0,,0.006617163697361192,,0.0,,0.0,,0,0.5,Low,0.0,On Track,
W00836,MP025,Bihar,Patna,IA023,Public Toilet Complex,785088.01,In Progress,0.004364112587182751,,0.0,,0.0,,1.0,"sanctioned 1047 days ago but expected duration was only 120 days (8.7x overdue), still marked 'In Progress' | 100% of sanctioned funds already disbursed, but work is still marked 'In Progress' -- payment has outpaced physical progress",0.0,,0.0,,0.0,,0,0.4,Low,100.0,Severely Stalled,
W00345,MP030,Bihar,Muzaffarpur,IA032,Health Sub-Centre Upgrade,1584404.81,In Progress,0.0031671619346370326,,0.0,,0.0,,0.0,,0.0,,0.0,,0.0,,0,0.3,Low,0.0,On Track,
W00244,MP018,Bihar,Gaya,IA011,Community Hall,3486439.16,In Progress,0.0028202600563683963,,0.0,,0.0,,1.0,"sanctioned 645 days ago but expected duration was only 240 days (2.7x overdue), still marked 'In Progress' | 100% of sanctioned funds already disbursed, but work is still marked 'In Progress' -- payment has outpaced physical progress",0.0,,0.0,,0.0,,0,0.2,Low,100.0,Severely Stalled,
W00883,MP009,Bihar,Muzaffarpur,IA032,Health Sub-Centre Upgrade,1586841.63,In Progress,0.0008379047466788807,,0.0,,0.0,,1.0,"sanctioned 821 days ago but expected duration was only 210 days (3.9x overdue), still marked 'In Progress' | 100% of sanctioned funds already disbursed, but work is still marked 'In Progress' -- payment has outpaced physical progress",0.0,,0.0,,0.0,,0,0.1,Low,100.0,Severely Stalled,
W00218,MP004,Bihar,Muzaffarpur,IA032,Health Sub-Centre Upgrade,1585822.01,In Progress,0.0008379047466784981,,0.0,,0.0,,1.0,"sanctioned 334 days ago but expected duration was only 210 days (1.6x overdue), still marked 'In Progress' | 100% of sanctioned funds already disbursed, but work is still marked 'In Progress' -- payment has outpaced physical progress",0.0,,0.0,,0.0,,0,0.1,Low,100.0,Severely Stalled,
W00989,MP039,Bihar,Gaya,IA049,Drinking Water Facility,2162275.19,In Progress,0.0007807101885507805,,0.0,,0.0,,1.0,"sanctioned 243 days ago but expected duration was only 150 days (1.6x overdue), still marked 'In Progress' | 100% of sanctioned funds already disbursed, but work is still marked 'In Progress' -- payment has outpaced physical progress",0.0,,0.0,,0.0,,0,0.1,Low,100.0,Severely Stalled,
W00760,MP035,West Bengal,Malda,IA051,Community Hall,3521816.2,In Progress,0.0,,0.0,,0.0,,1.0,"sanctioned 890 days ago but expected duration was only 240 days (3.7x overdue), still marked 'In Progress' | 100% of sanctioned funds already disbursed, but work is still marked 'In Progress' -- payment has outpaced physical progress",0.0,,0.0,,0.0,,0,0.0,Low,100.0,Severely Stalled,
W01390,MP001,West Bengal,Malda,IA050,Drinking Water Facility,2533536.3,In Progress,0.0,,0.0,,0.0,,1.0,"sanctioned 1205 days ago but expected duration was only 150 days (8.0x overdue), still marked 'In Progress' | 100% of sanctioned funds already disbursed, but work is still marked 'In Progress' -- payment has outpaced physical progress",0.0,,0.0,,0.0,,0,0.0,Low,100.0,Severely Stalled,
W01213,MP033,Uttar Pradesh,Meerut,IA047,Health Sub-Centre Upgrade,1633100.04,In Progress,0.0,,0.0,,0.0,,1.0,"sanctioned 993 days ago but expected duration was only 210 days (4.7x overdue), still marked 'In Progress' | 100% of sanctioned funds already disbursed, but work is still marked 'In Progress' -- payment has outpaced physical progress",0.0,,0.0,,0.0,,0,0.0,Low,100.0,Severely Stalled,
W01269,MP018,Bihar,Gaya,IA011,Road Construction (per km),3041857.68,In Progress,0.0,,0.0,,0.0,,1.0,"100% of sanctioned funds already disbursed, but work is still marked 'In Progress' -- payment has outpaced physical progress",0.0,,0.0,,0.0,,0,0.0,Low,100.0,Severely Stalled,
