payment_id,work_id,stage,amount,payment_date,vendor_id
P000001,W00001,1,542459.82,2023-11-13,V075
P000002,W00001,2,406844.87,2024-01-26,V057
P000003,W00001,3,406844.87,2024-04-26,V002
P000004,W00002,1,255617.7,2024-07-12,V014
P000005,W00002,2,255617.7,2024-09-10,V052
P000006,W00003,1,466053.3,2023-10-31,V070
P000007,W00003,2,349539.97,2023-12-18,V057
P000008,W00003,3,349539.97,2024-02-28,V050
P000009,W00004,1,253827.67,2026-01-09,V050
P000010,W00004,2,253827.67,2026-02-27,V031
P000011,W00005,1,1100950.51,2023-09-23,V075
P000012,W00005,2,1100950.51,2023-10-27,V015
P000013,W00006,1,1699303.3,2025-12-18,V048
P000014,W00006,2,1699303.3,2026-03-12,V060
P000015,W00007,1,628915.99,2024-08-09,V072
P000016,W00007,2,471686.99,2024-10-15,V082
P000017,W00007,3,471686.99,2025-01-02,V055
P000018,W00008,1,881242.65,2025-04-16,V022
P000019,W00008,2,881242.65,2025-08-06,V036
P000020,W00009,1,558950.95,2025-05-23,V011
P000021,W00009,2,558950.95,2025-07-20,V059
P000022,W00010,1,1962522.27,2025-12-28,V084
P000023,W00010,2,1962522.27,2026-03-14,V077
P000024,W00011,1,971894.41,2025-01-16,V056
P000025,W00011,2,971894.41,2025-02-13,V083
P000026,W00012,1,880719.14,2025-07-29,V066
P000027,W00012,2,660539.36,2025-08-30,V084
P000028,W00012,3,660539.36,2025-09-27,V030
P000029,W00013,1,1712645.28,2026-04-25,V025
P000030,W00013,2,1284483.96,2026-08-12,V052
P000031,W00014,1,890493.97,2026-05-17,V045
P000032,W00014,2,667870.48,2026-06-08,V074
P000033,W00014,3,667870.48,2026-07-10,V016
P000034,W00015,1,2514551.87,2024-12-23,V045
P000035,W00015,2,1885913.9,2025-03-31,V072
P000036,W00015,3,1885913.9,2025-07-01,V021
P000037,W00016,1,793567.11,2023-08-23,V051
P000038,W00016,2,793567.11,2023-12-05,V036
P000039,W00017,1,537443.46,2024-02-10,V038
P000040,W00017,2,403082.6,2024-03-06,V021
P000041,W00017,3,403082.6,2024-04-19,V041
P000042,W00018,1,583463.41,2023-12-01,V036
P000043,W00018,2,583463.41,2024-01-16,V087
P000044,W00019,1,550118.01,2024-10-20,V025
P000045,W00019,2,412588.51,2025-01-16,V089
P000046,W00019,3,412588.51,2025-02-26,V051
P000047,W00020,1,639300.88,2024-03-24,V054
P000048,W00020,2,479475.66,2024-05-29,V023
P000049,W00020,3,479475.66,2024-07-23,V057
P000050,W00021,1,994490.5,2024-10-14,V010
P000051,W00021,2,994490.5,2024-12-26,V067
P000052,W00022,1,1731366.35,2023-11-14,V022
P000053,W00022,2,1298524.76,2024-02-13,V018
P000054,W00022,3,1298524.76,2024-04-01,V030
P000055,W00023,1,1037266.58,2024-10-20,V061
P000056,W00023,2,777949.94,2024-12-29,V044
P000057,W00023,3,777949.94,2025-02-23,V077
P000058,W00024,1,647574.39,2025-05-04,V046
P000059,W00024,2,485680.79,2025-07-17,V004
P000060,W00024,3,485680.79,2025-09-07,V027
P000061,W00025,1,681103.83,2026-02-02,V042
P000062,W00025,2,510827.87,2026-04-10,V033
P000063,W00025,3,510827.87,2026-06-11,V089
P000064,W00026,1,4085716.96,2023-12-08,V063
P000065,W00026,2,4085716.96,2024-03-16,V020
P000066,W00027,1,490702.76,2025-06-24,V072
P000067,W00027,2,490702.76,2025-09-01,V030
P000068,W00028,1,410359.14,2024-08-21,V079
P000069,W00028,2,307769.36,2024-09-18,V085
P000070,W00028,3,307769.36,2024-10-25,V045
P000071,W00029,1,771253.99,2025-02-09,V054
P000072,W00029,2,771253.99,2025-06-02,V060
P000073,W00030,1,1880273.96,2025-07-14,V071
P000074,W00030,2,1880273.96,2025-11-11,V036
P000075,W00031,1,1704184.95,2024-12-03,V078
P000076,W00031,2,1704184.95,2025-04-07,V022
P000077,W00032,1,2454337.62,2025-10-30,V022
P000078,W00032,2,1840753.21,2025-12-26,V039
P000079,W00032,3,1840753.21,2026-03-09,V041
P000080,W00033,1,481666.06,2024-05-21,V057
P000081,W00033,2,361249.54,2024-07-16,V046
P000082,W00033,3,361249.54,2024-09-29,V061
P000083,W00034,1,1198853.37,2025-09-14,V062
P000084,W00034,2,899140.03,2025-11-23,V063
P000085,W00034,3,899140.03,2026-03-03,V029
P000086,W00035,1,2957863.5,2024-02-01,V039
P000087,W00035,2,2957863.5,2024-06-29,V059
P000088,W00036,1,342385.57,2025-01-07,V082
P000089,W00036,2,342385.57,2025-03-02,V004
P000090,W00037,1,1510952.39,2025-03-21,V034
P000091,W00037,2,1133214.29,2025-05-27,V066
P000092,W00037,3,1133214.29,2025-08-28,V076
P000093,W00038,1,920394.78,2024-09-11,V073
P000094,W00038,2,920394.78,2024-10-28,V006
P000095,W00039,1,623518.81,2025-09-01,V087
P000096,W00039,2,467639.11,2025-11-15,V065
P000097,W00039,3,467639.11,2026-02-02,V011
P000098,W00040,1,751852.77,2025-04-05,V079
P000099,W00040,2,751852.77,2025-05-28,V022
P000100,W00041,1,913285.72,2023-12-17,V018
P000101,W00041,2,913285.72,2024-02-24,V017
P000102,W00042,1,434442.73,2024-03-14,V019
P000103,W00042,2,434442.73,2024-05-29,V085
P000104,W00043,1,524886.86,2026-04-07,V044
P000105,W00043,2,524886.86,2026-06-21,V002
P000106,W00044,1,2276520.47,2023-10-24,V014
P000107,W00044,2,2276520.47,2024-02-22,V010
P000108,W00045,1,863897.78,2024-10-11,V017
P000109,W00045,2,647923.33,2024-11-14,V062
P000110,W00045,3,647923.33,2024-12-20,V025
P000111,W00046,1,285796.44,2026-04-30,V017
P000112,W00046,2,214347.33,2026-07-07,V081
P000113,W00046,3,214347.33,2026-08-03,V073
P000114,W00047,1,348912.98,2023-11-05,V032
P000115,W00047,2,261684.73,2023-12-04,V020
P000116,W00047,3,261684.73,2024-02-01,V015
P000117,W00048,1,1220329.45,2023-06-28,V025
P000118,W00048,2,915247.09,2023-08-30,V025
P000119,W00048,3,915247.09,2023-12-27,V071
P000120,W00049,1,736926.73,2024-05-20,V055
P000121,W00049,2,736926.73,2024-09-27,V008
P000122,W00050,1,1242816.34,2023-08-27,V054
P000123,W00050,2,1242816.34,2023-12-30,V073
P000124,W00051,1,764577.77,2025-07-21,V047
P000125,W00051,2,764577.77,2025-11-14,V036
P000126,W00052,1,659549.23,2023-10-27,V028
P000127,W00052,2,494661.92,2023-12-26,V054
P000128,W00052,3,494661.92,2024-01-30,V037
P000129,W00053,1,954628.93,2023-11-22,V067
P000130,W00053,2,715971.7,2023-12-25,V026
P000131,W00053,3,715971.7,2024-01-18,V006
P000132,W00054,1,636297.8,2024-03-12,V071
P000133,W00054,2,636297.8,2024-04-13,V023
P000135,W00055,2,1504893.15,2024-10-05,V010
P000136,W00056,1,878974.99,2025-02-12,V043
P000137,W00056,2,878974.99,2025-04-01,V062
P000138,W00057,1,444359.16,2024-08-01,V086
P000139,W00057,2,333269.37,2024-10-13,V002
P000140,W00057,3,333269.37,2024-11-29,V006
P000141,W00058,1,1137477.75,2024-07-24,V081
P000142,W00058,2,853108.31,2024-11-04,V070
P000143,W00058,3,853108.31,2024-12-12,V050
P000144,W00059,1,301679.33,2025-04-03,V009
P000145,W00059,2,226259.5,2025-05-22,V039
P000146,W00059,3,226259.5,2025-07-20,V064
P000147,W00060,1,1567444.36,2025-06-15,V026
P000148,W00060,2,1567444.36,2025-09-27,V015
P000149,W00061,1,2066851.02,2024-04-26,V067
P000150,W00061,2,2066851.02,2024-08-05,V046
P000151,W00062,1,2825422.2,2024-12-17,V028
P000152,W00062,2,2119066.65,2025-04-03,V071
P000153,W00062,3,2119066.65,2025-06-26,V043
P000154,W00063,1,454115.06,2024-02-03,V023
P000155,W00063,2,340586.3,2024-03-07,V081
P000156,W00063,3,340586.3,2024-04-02,V078
P000157,W00064,1,1071635.59,2024-05-29,V027
P000158,W00064,2,1071635.59,2024-08-26,V075
P000159,W00065,1,2409154.02,2026-04-22,V085
P000160,W00065,2,2409154.02,2026-08-12,V089
P000161,W00066,1,1560172.73,2024-09-10,V086
P000162,W00066,2,1560172.73,2024-12-27,V077
P000163,W00067,1,379330.96,2025-08-22,V025
P000164,W00067,2,379330.96,2025-10-23,V060
P000165,W00068,1,673305.13,2025-12-23,V010
P000166,W00068,2,504978.85,2026-02-24,V053
P000167,W00068,3,504978.85,2026-04-24,V056
P000168,W00069,1,1421223.85,2026-02-05,V004
P000169,W00069,2,1065917.89,2026-05-01,V077
P000170,W00069,3,1065917.89,2026-06-28,V028
P000171,W00070,1,369515.24,2025-01-23,V084
P000172,W00070,2,277136.43,2025-04-21,V090
P000173,W00070,3,277136.43,2025-06-01,V025
P000174,W00071,1,4717367.79,2023-11-13,V054
P000175,W00071,2,4717367.79,2024-04-08,V062
P000176,W00072,1,444124.0,2025-10-21,V065
P000177,W00072,2,333093.0,2025-12-08,V016
P000178,W00072,3,333093.0,2026-01-16,V005
P000179,W00073,1,795873.2,2025-06-23,V086
P000180,W00073,2,596904.9,2025-08-13,V045
P000181,W00073,3,596904.9,2025-09-11,V022
P000182,W00074,1,951285.12,2026-02-25,V016
P000183,W00074,2,713463.84,2026-03-30,V030
P000184,W00074,3,713463.84,2026-06-05,V041
P000185,W00075,1,1304090.93,2025-03-13,V019
P000186,W00075,2,978068.2,2025-05-18,V072
P000187,W00075,3,978068.2,2025-08-01,V036
P000188,W00076,1,1352222.31,2025-09-30,V003
P000189,W00076,2,1014166.73,2026-01-07,V072
P000190,W00076,3,1014166.73,2026-03-24,V089
P000191,W00077,1,1379165.28,2025-10-13,V084
P000192,W00077,2,1034373.96,2025-12-31,V043
P000193,W00077,3,1034373.96,2026-03-24,V032
P000194,W00078,1,662434.09,2024-07-30,V077
P000195,W00078,2,496825.57,2024-10-19,V029
P000196,W00078,3,496825.57,2024-12-22,V042
P000197,W00079,1,1149827.58,2024-10-10,V024
P000198,W00079,2,862370.69,2024-11-30,V067
P000199,W00079,3,862370.69,2025-02-03,V044
P000200,W00080,1,1889180.74,2023-08-31,V050
P000201,W00080,2,1889180.74,2023-12-18,V060
P000202,W00081,1,945365.47,2024-04-08,V068
P000203,W00081,2,945365.47,2024-07-06,V086
P000204,W00082,1,279261.34,2025-04-03,V079
P000205,W00082,2,279261.34,2025-06-08,V043
P000206,W00083,1,403699.84,2026-06-08,V021
P000207,W00083,2,302774.88,2026-07-31,V005
P000208,W00083,3,302774.88,2026-08-24,V054
P000209,W00084,1,1761264.96,2024-07-16,V080
P000210,W00084,2,1761264.96,2024-11-02,V058
P000211,W00085,1,753705.6,2024-01-17,V021
P000212,W00085,2,565279.2,2024-03-14,V018
P000213,W00085,3,565279.2,2024-04-23,V048
P000214,W00086,1,1512643.73,2025-11-22,V039
P000216,W00087,1,407247.42,2026-04-05,V004
P000217,W00087,2,407247.42,2026-07-31,V053
P000218,W00088,1,968693.72,2025-04-01,V028
P000219,W00088,2,968693.72,2025-07-10,V011
P000220,W00089,1,698454.78,2025-08-12,V034
P000221,W00089,2,698454.78,2025-10-16,V064
P000222,W00090,1,1517294.22,2026-04-15,V015
P000223,W00090,2,1137970.66,2026-07-10,V027
P000224,W00091,1,908916.8,2025-09-12,V063
P000225,W00091,2,908916.8,2025-10-29,V015
P000226,W00092,1,736263.48,2024-09-14,V002
P000227,W00092,2,552197.61,2024-10-26,V090
P000228,W00092,3,552197.61,2025-01-02,V038
P000229,W00093,1,202556.17,2025-04-04,V084
P000230,W00093,2,151917.13,2025-05-03,V089
P000231,W00093,3,151917.13,2025-06-07,V008
P000232,W00094,1,695754.73,2024-02-02,V063
P000233,W00094,2,521816.05,2024-03-17,V015
P000234,W00094,3,521816.05,2024-05-13,V012
P000235,W00095,1,1579273.82,2024-08-23,V052
P000236,W00095,2,1579273.82,2024-11-16,V051
P000237,W00096,1,168052.23,2023-09-30,V057
P000238,W00096,2,126039.17,2023-11-14,V067
P000239,W00096,3,126039.17,2023-12-19,V061
P000240,W00097,1,1335859.69,2023-11-06,V041
P000241,W00097,2,1001894.77,2024-02-22,V026
P000242,W00097,3,1001894.77,2024-05-30,V011
P000243,W00098,1,706675.76,2023-12-25,V009
P000244,W00098,2,530006.82,2024-02-10,V054
P000245,W00098,3,530006.82,2024-04-05,V047
P000246,W00099,1,272296.06,2026-03-23,V052
P000247,W00099,2,204222.04,2026-04-27,V034
P000248,W00099,3,204222.04,2026-05-27,V035
P000249,W00100,1,404788.9,2024-12-30,V049
P000250,W00100,2,303591.67,2025-02-21,V088
P000251,W00100,3,303591.67,2025-04-19,V032
P000252,W00101,1,749512.28,2025-07-25,V061
P000253,W00101,2,562134.21,2025-10-01,V035
P000254,W00101,3,562134.21,2025-12-13,V089
P000255,W00102,1,2098909.77,2023-08-25,V062
P000256,W00102,2,1574182.33,2023-11-01,V019
P000257,W00102,3,1574182.33,2024-03-10,V006
P000258,W00103,1,614554.47,2024-11-25,V005
P000259,W00103,2,614554.47,2025-02-14,V056
P000260,W00104,1,1073562.81,2024-10-12,V047
P000261,W00104,2,805172.11,2024-12-24,V065
P000262,W00104,3,805172.11,2025-03-02,V032
P000263,W00105,1,1635507.72,2023-12-29,V001
P000264,W00105,2,1635507.72,2024-03-28,V059
P000265,W00106,1,642672.03,2024-01-17,V068
P000266,W00106,2,482004.02,2024-04-15,V020
P000267,W00106,3,482004.02,2024-06-10,V005
P000268,W00107,1,590749.83,2024-06-26,V016
P000269,W00107,2,443062.37,2024-09-13,V020
P000270,W00107,3,443062.37,2024-10-22,V008
P000271,W00108,1,560633.46,2024-01-11,V073
P000272,W00108,2,420475.1,2024-02-09,V047
P000273,W00108,3,420475.1,2024-03-19,V013
P000274,W00109,1,1368114.81,2026-02-28,V066
P000275,W00109,2,1026086.11,2026-05-04,V049
P000276,W00109,3,1026086.11,2026-07-08,V070
P000277,W00110,1,199076.07,2024-10-19,V004
P000278,W00110,2,199076.07,2024-12-24,V050
P000279,W00111,1,1235377.75,2024-08-06,V060
P000280,W00111,2,1235377.75,2024-09-26,V090
P000281,W00112,1,337959.37,2024-11-10,V003
P000282,W00112,2,253469.53,2024-12-14,V077
P000283,W00112,3,253469.53,2025-01-19,V047
P000284,W00113,1,243392.36,2026-01-10,V059
P000285,W00113,2,182544.27,2026-03-15,V037
P000286,W00113,3,182544.27,2026-04-21,V083
P000287,W00114,1,381360.4,2023-11-26,V055
P000288,W00114,2,286020.3,2024-01-01,V015
P000289,W00114,3,286020.3,2024-02-18,V019
P000290,W00115,1,591713.1,2026-05-12,V027
P000291,W00115,2,443784.82,2026-07-29,V028
P000292,W00115,3,443784.82,2026-09-03,V058
P000293,W00116,1,670098.34,2024-01-29,V050
P000294,W00116,2,502573.75,2024-04-12,V045
P000295,W00116,3,502573.75,2024-06-18,V030
P000296,W00117,1,577411.52,2025-01-21,V039
P000297,W00117,2,433058.64,2025-04-15,V080
P000298,W00117,3,433058.64,2025-07-05,V021
P000299,W00118,1,865505.15,2025-06-22,V065
P000300,W00118,2,865505.15,2025-09-28,V013
P000301,W00119,1,1520660.89,2024-10-24,V004
P000302,W00119,2,1140495.67,2024-12-09,V044
P000303,W00119,3,1140495.67,2025-02-04,V077
P000304,W00120,1,586673.27,2024-12-28,V030
P000305,W00120,2,440004.95,2025-02-15,V055
P000306,W00120,3,440004.95,2025-05-08,V019
P000307,W00121,1,276864.71,2024-04-10,V069
P000308,W00121,2,207648.53,2024-05-04,V031
P000309,W00121,3,207648.53,2024-06-03,V055
P000310,W00122,1,417172.09,2025-10-12,V048
P000311,W00122,2,312879.07,2025-11-16,V070
P000312,W00122,3,312879.07,2025-12-10,V031
P000313,W00123,1,1493795.68,2025-11-03,V082
P000314,W00123,2,1120346.76,2026-02-07,V026
P000315,W00123,3,1120346.76,2026-05-13,V063
P000316,W00124,1,1304338.83,2024-02-11,V020
P000317,W00124,2,1304338.83,2024-05-01,V074
P000318,W00125,1,554594.7,2025-06-15,V022
P000319,W00125,2,415946.03,2025-08-07,V016
P000320,W00125,3,415946.03,2025-11-07,V044
P000321,W00126,1,702751.93,2024-12-17,V002
P000322,W00126,2,527063.95,2025-02-24,V007
P000323,W00126,3,527063.95,2025-04-03,V037
P000324,W00127,1,966523.51,2025-12-23,V054
P000325,W00127,2,724892.63,2026-01-31,V026
P000326,W00127,3,724892.63,2026-02-18,V079
P000327,W00128,1,1264294.95,2024-01-21,V023
P000328,W00128,2,948221.21,2024-04-03,V062
P000329,W00128,3,948221.21,2024-07-21,V040
P000330,W00129,1,500133.13,2024-05-16,V082
P000331,W00129,2,375099.85,2024-06-12,V088
P000332,W00129,3,375099.85,2024-08-03,V010
P000333,W00130,1,795672.3,2024-03-13,V011
P000334,W00130,2,596754.22,2024-04-05,V021
P000335,W00130,3,596754.22,2024-05-10,V075
P000336,W00131,1,1858862.04,2024-04-30,V007
P000337,W00131,2,1858862.04,2024-08-10,V088
P000338,W00132,1,1105110.15,2025-11-17,V004
P000339,W00132,2,1105110.15,2026-02-07,V038
P000340,W00133,1,754074.62,2023-10-03,V064
P000341,W00133,2,565555.96,2023-11-16,V028
P000342,W00133,3,565555.96,2024-02-10,V004
P000343,W00134,1,2504143.69,2024-04-20,V044
P000344,W00134,2,1878107.77,2024-06-04,V012
P000345,W00134,3,1878107.77,2024-09-10,V078
P000346,W00135,1,1651738.2,2024-10-09,V069
P000347,W00135,2,1238803.65,2025-01-07,V030
P000348,W00135,3,1238803.65,2025-04-14,V015
P000349,W00136,1,626696.18,2025-10-04,V090
P000350,W00136,2,470022.13,2025-11-29,V047
P000351,W00136,3,470022.13,2026-03-07,V063
P000352,W00137,1,1511350.12,2025-11-09,V082
P000353,W00137,2,1133512.59,2026-01-14,V087
P000354,W00137,3,1133512.59,2026-04-17,V058
P000355,W00138,1,1165553.8,2024-04-10,V050
P000356,W00138,2,874165.35,2024-06-07,V051
P000357,W00138,3,874165.35,2024-07-18,V007
P000358,W00139,1,1346581.61,2023-10-15,V026
P000359,W00139,2,1009936.21,2023-12-05,V047
P000360,W00139,3,1009936.21,2024-01-17,V018
P000361,W00140,1,622567.4,2024-02-07,V071
P000362,W00140,2,466925.55,2024-04-04,V070
P000363,W00140,3,466925.55,2024-05-23,V024
P000364,W00141,1,867868.42,2025-02-28,V071
P000365,W00141,2,867868.42,2025-05-26,V025
P000366,W00142,1,1173527.8,2025-10-15,V042
P000367,W00142,2,880145.85,2025-12-30,V046
P000368,W00142,3,880145.85,2026-03-10,V039
P000369,W00143,1,786385.67,2023-09-22,V001
P000370,W00143,2,589789.25,2023-10-24,V058
P000371,W00143,3,589789.25,2023-11-08,V087
P000372,W00144,1,1398737.19,2023-12-24,V042
P000373,W00144,2,1049052.89,2024-04-01,V042
P000374,W00144,3,1049052.89,2024-05-10,V022
P000375,W00145,1,704156.53,2023-10-30,V090
P000376,W00145,2,528117.4,2024-01-06,V022
P000377,W00145,3,528117.4,2024-04-24,V053
P000378,W00146,1,1288620.26,2023-08-14,V065
P000379,W00146,2,1288620.26,2023-10-08,V002
P000380,W00147,1,393152.03,2025-12-26,V036
P000381,W00147,2,393152.03,2026-02-13,V071
P000382,W00148,1,1028002.55,2023-12-21,V012
P000383,W00148,2,771001.91,2024-01-30,V018
P000384,W00148,3,771001.91,2024-03-29,V045
P000385,W00149,1,514051.03,2023-10-19,V005
P000386,W00149,2,385538.27,2024-01-14,V057
P000387,W00149,3,385538.27,2024-03-09,V065
P000388,W00150,1,650999.54,2026-07-26,V081
P000389,W00151,1,838122.11,2026-05-22,V067
P000390,W00151,2,628591.58,2026-06-30,V040
P000391,W00151,3,628591.58,2026-08-28,V005
P000392,W00152,1,797914.52,2026-06-10,V073
P000393,W00152,2,598435.89,2026-08-16,V073
P000394,W00153,1,1080731.92,2025-11-09,V063
P000395,W00153,2,810548.94,2026-02-06,V003
P000396,W00153,3,810548.94,2026-05-02,V047
P000397,W00154,1,880405.04,2024-10-08,V029
P000398,W00154,2,660303.78,2024-11-30,V042
P000399,W00154,3,660303.78,2025-01-28,V056
P000400,W00155,1,1404343.88,2023-08-07,V073
P000401,W00155,2,1053257.91,2023-10-10,V010
P000402,W00155,3,1053257.91,2023-11-22,V072
P000403,W00156,1,456746.96,2024-08-27,V085
P000404,W00156,2,342560.22,2024-10-03,V018
P000405,W00156,3,342560.22,2024-11-06,V012
P000406,W00157,1,2428908.08,2024-02-24,V084
P000407,W00157,2,1821681.06,2024-05-22,V048
P000408,W00157,3,1821681.06,2024-08-08,V024
P000409,W00158,1,754990.22,2024-11-30,V008
P000410,W00158,2,566242.66,2025-02-02,V011
P000411,W00158,3,566242.66,2025-05-14,V018
P000412,W00159,1,357071.46,2025-06-25,V085
P000413,W00159,2,267803.6,2025-08-11,V024
P000414,W00159,3,267803.6,2025-09-10,V053
P000415,W00160,1,2718007.78,2024-07-24,V088
P000416,W00160,2,2038505.84,2024-09-26,V011
P000417,W00160,3,2038505.84,2025-02-12,V064
P000418,W00161,1,2110739.65,2024-03-17,V011
P000419,W00161,2,2110739.65,2024-08-15,V037
P000420,W00162,1,1495097.71,2024-06-14,V037
P000421,W00162,2,1121323.28,2024-08-04,V044
P000422,W00162,3,1121323.28,2024-10-10,V010
P000423,W00163,1,681442.09,2023-10-24,V083
P000424,W00163,2,681442.09,2023-12-02,V062
P000425,W00164,1,566866.59,2025-01-11,V060
P000426,W00164,2,425149.94,2025-02-14,V085
P000427,W00164,3,425149.94,2025-03-12,V090
P000428,W00165,1,455771.86,2025-05-12,V089
P000429,W00165,2,341828.89,2025-06-11,V039
P000430,W00165,3,341828.89,2025-07-21,V048
P000431,W00166,1,1240348.58,2026-02-15,V061
P000432,W00166,2,930261.44,2026-04-09,V067
P000433,W00166,3,930261.44,2026-06-19,V086
P000434,W00167,1,714957.77,2026-01-14,V088
P000435,W00167,2,714957.77,2026-04-02,V031
P000436,W00168,1,452207.01,2024-01-18,V071
P000437,W00168,2,339155.26,2024-02-07,V025
P000438,W00168,3,339155.26,2024-03-06,V042
P000439,W00169,1,624504.48,2023-07-21,V076
P000440,W00169,2,468378.36,2023-09-02,V080
P000441,W00169,3,468378.36,2023-11-06,V052
P000442,W00170,1,680368.08,2023-12-12,V079
P000443,W00170,2,680368.08,2024-04-01,V085
P000444,W00171,1,1276162.6,2026-04-25,V026
P000445,W00171,2,1276162.6,2026-06-18,V086
P000446,W00172,1,548076.55,2024-01-09,V079
P000447,W00172,2,411057.41,2024-04-01,V014
P000448,W00172,3,411057.41,2024-04-28,V040
P000449,W00173,1,825709.86,2025-10-26,V067
P000450,W00173,2,825709.86,2026-02-09,V031
P000451,W00174,1,866503.93,2024-03-01,V078
P000452,W00174,2,649877.95,2024-04-28,V040
P000453,W00174,3,649877.95,2024-07-12,V015
P000454,W00175,1,1644405.83,2024-09-16,V079
P000455,W00175,2,1233304.37,2024-12-04,V087
P000456,W00175,3,1233304.37,2025-01-29,V010
P000457,W00176,1,360091.13,2025-02-02,V082
P000458,W00176,2,270068.35,2025-03-11,V065
P000459,W00176,3,270068.35,2025-05-13,V037
P000460,W00177,1,1457191.12,2025-10-06,V067
P000461,W00177,2,1457191.12,2025-12-23,V022
P000462,W00178,1,236674.04,2025-10-22,V044
P000463,W00178,2,236674.04,2026-02-04,V023
P000464,W00179,1,646424.66,2025-04-01,V062
P000465,W00179,2,484818.49,2025-06-01,V052
P000466,W00179,3,484818.49,2025-08-11,V012
P000467,W00180,1,3126002.11,2025-11-27,V080
P000468,W00180,2,2344501.58,2026-02-09,V038
P000469,W00180,3,2344501.58,2026-06-04,V012
P000470,W00181,1,474369.77,2025-10-13,V057
P000471,W00181,2,355777.33,2025-12-09,V088
P000472,W00181,3,355777.33,2026-03-05,V038
P000473,W00182,1,323057.39,2024-10-15,V051
P000474,W00182,2,323057.39,2025-01-26,V046
P000475,W00183,1,649545.09,2024-11-23,V027
P000476,W00183,2,487158.82,2025-01-22,V045
P000477,W00183,3,487158.82,2025-04-05,V049
P000478,W00184,1,826459.6,2026-05-06,V031
P000479,W00184,2,619844.7,2026-06-08,V007
P000480,W00184,3,619844.7,2026-06-20,V090
P000481,W00185,1,904869.7,2023-10-19,V019
P000482,W00185,2,678652.27,2023-12-15,V078
P000483,W00185,3,678652.27,2024-02-29,V014
P000484,W00186,1,948379.25,2024-02-22,V074
P000485,W00186,2,711284.44,2024-03-22,V042
P000486,W00186,3,711284.44,2024-05-05,V031
P000487,W00187,1,1001964.82,2025-11-20,V010
P000488,W00187,2,751473.61,2026-01-27,V058
P000489,W00187,3,751473.61,2026-03-23,V087
P000490,W00188,1,397605.44,2024-09-17,V063
P000491,W00188,2,298204.08,2024-10-15,V060
P000492,W00188,3,298204.08,2024-11-09,V085
P000493,W00189,1,910427.24,2024-09-24,V008
P000494,W00189,2,910427.24,2024-11-08,V044
P000495,W00190,1,1206104.34,2024-02-12,V023
P000496,W00190,2,904578.26,2024-04-28,V039
P000497,W00190,3,904578.26,2024-08-15,V040
P000498,W00191,1,546536.25,2024-05-26,V061
P000499,W00191,2,546536.25,2024-07-09,V019
P000500,W00192,1,276070.63,2023-07-20,V033
P000501,W00192,2,207052.97,2023-09-04,V090
P000502,W00192,3,207052.97,2023-11-22,V028
P000503,W00193,1,669429.04,2026-01-07,V086
P000504,W00193,2,502071.78,2026-03-25,V026
P000505,W00193,3,502071.78,2026-06-10,V073
P000506,W00194,1,337079.86,2025-07-12,V013
P000507,W00194,2,252809.9,2025-08-15,V083
P000508,W00194,3,252809.9,2025-08-30,V069
P000509,W00195,1,723889.96,2023-11-23,V028
P000510,W00195,2,723889.96,2024-02-10,V027
P000511,W00196,1,318880.98,2024-10-01,V028
P000512,W00196,2,239160.73,2024-11-23,V046
P000513,W00196,3,239160.73,2024-12-13,V045
P000514,W00197,1,1773764.71,2024-01-09,V074
P000515,W00197,2,1773764.71,2024-04-24,V058
P000516,W00198,1,837328.84,2026-07-16,V055
P000517,W00199,1,1561373.72,2026-01-10,V070
P000518,W00199,2,1171030.29,2026-04-19,V051
P000519,W00199,3,1171030.29,2026-06-12,V064
P000520,W00200,1,2843420.56,2023-09-29,V041
P000521,W00200,2,2132565.42,2023-12-29,V067
P000522,W00200,3,2132565.42,2024-03-09,V064
P000523,W00201,1,902457.51,2026-05-06,V046
P000524,W00201,2,902457.51,2026-08-03,V064
P000525,W00202,1,425288.75,2024-03-16,V032
P000526,W00202,2,318966.56,2024-05-04,V030
P000527,W00202,3,318966.56,2024-05-22,V026
P000528,W00203,1,1868647.29,2025-07-10,V020
P000529,W00203,2,1868647.29,2025-10-27,V041
P000530,W00204,1,3051087.96,2026-02-20,V009
P000531,W00204,2,2288315.97,2026-05-12,V007
P000532,W00204,3,2288315.97,2026-07-19,V060
P000533,W00205,1,861584.02,2023-12-20,V006
P000534,W00205,2,861584.02,2024-04-06,V004
P000535,W00206,1,1210645.76,2026-04-06,V078
P000536,W00206,2,907984.32,2026-05-19,V062
P000537,W00206,3,907984.32,2026-07-17,V001
P000538,W00207,1,286258.41,2026-04-25,V084
P000539,W00207,2,286258.41,2026-06-17,V088
P000540,W00208,1,1125285.24,2026-02-13,V025
P000541,W00208,2,1125285.24,2026-03-15,V023
P000542,W00209,1,1401359.92,2024-07-28,V054
P000543,W00209,2,1051019.94,2024-10-03,V043
P000544,W00209,3,1051019.94,2024-12-19,V043
P000545,W00210,1,1581830.04,2025-08-04,V056
P000546,W00210,2,1581830.04,2025-12-21,V053
P000547,W00211,1,1551018.0,2024-03-20,V079
P000548,W00211,2,1163263.5,2024-06-01,V086
P000549,W00211,3,1163263.5,2024-09-11,V071
P000550,W00212,1,860867.64,2024-09-12,V004
P000551,W00212,2,860867.64,2025-01-20,V019
P000552,W00213,1,385807.6,2024-08-12,V051
P000553,W00213,2,289355.7,2024-09-26,V027
P000554,W00213,3,289355.7,2024-10-11,V076
P000555,W00214,1,751235.24,2025-10-27,V017
P000556,W00214,2,563426.43,2026-01-11,V012
P000557,W00214,3,563426.43,2026-03-02,V028
P000558,W00215,1,936345.22,2023-08-18,V055
P000559,W00215,2,702258.92,2023-10-08,V078
P000560,W00215,3,702258.92,2023-11-18,V058
P000561,W00216,1,471662.82,2023-12-28,V037
P000562,W00216,2,353747.11,2024-02-03,V026
P000563,W00216,3,353747.11,2024-04-15,V016
P000564,W00217,1,3078361.24,2026-04-13,V087
P000565,W00217,2,2308770.93,2026-08-04,V018
P000566,W00218,1,634328.8,2025-12-07,V089
P000567,W00218,2,475746.6,2026-02-07,V009
P000568,W00218,3,475746.6,2026-04-14,V058
P000569,W00219,1,1971790.32,2024-05-09,V010
P000570,W00219,2,1971790.32,2024-09-07,V055
P000571,W00220,1,452504.23,2023-06-30,V044
P000572,W00220,2,339378.17,2023-07-31,V008
P000573,W00220,3,339378.17,2023-09-25,V080
P000574,W00221,1,397950.89,2026-07-26,V004
P000575,W00222,1,528225.24,2024-05-05,V023
P000576,W00222,2,396168.93,2024-06-08,V044
P000577,W00222,3,396168.93,2024-07-29,V007
P000578,W00223,1,2984433.14,2024-10-23,V083
P000579,W00223,2,2238324.86,2025-02-06,V085
P000580,W00223,3,2238324.86,2025-03-24,V052
P000581,W00224,1,1080660.59,2025-10-13,V037
P000582,W00224,2,1080660.59,2026-01-21,V010
P000583,W00225,1,351311.21,2023-09-01,V062
P000584,W00225,2,263483.41,2023-10-21,V052
P000585,W00225,3,263483.41,2023-11-28,V084
P000586,W00226,1,1258195.7,2023-12-19,V085
P000587,W00226,2,943646.78,2024-03-01,V003
P000588,W00226,3,943646.78,2024-06-07,V058
P000589,W00227,1,599277.33,2025-05-14,V072
P000590,W00227,2,449458.0,2025-07-19,V055
P000591,W00227,3,449458.0,2025-10-29,V005
P000592,W00228,1,1183490.56,2024-05-27,V067
P000593,W00228,2,887617.92,2024-07-17,V052
P000594,W00228,3,887617.92,2024-08-24,V088
P000595,W00229,1,4483121.49,2025-01-08,V017
P000596,W00229,2,4483121.49,2025-06-01,V056
P000597,W00230,1,1312409.46,2025-04-27,V028
P000598,W00230,2,984307.09,2025-07-14,V049
P000599,W00230,3,984307.09,2025-09-18,V086
P000600,W00231,1,1244342.85,2025-01-20,V064
P000601,W00231,2,933257.14,2025-04-18,V067
P000602,W00231,3,933257.14,2025-06-17,V042
P000603,W00232,1,481877.33,2023-12-16,V001
P000604,W00232,2,361408.0,2024-02-05,V071
P000605,W00232,3,361408.0,2024-03-26,V040
P000606,W00233,1,182637.71,2025-12-15,V042
P000607,W00233,2,136978.28,2026-02-01,V071
P000608,W00233,3,136978.28,2026-03-04,V035
P000609,W00234,1,533124.93,2026-01-26,V081
P000610,W00234,2,533124.93,2026-03-30,V089
P000611,W00235,1,2561789.94,2026-07-03,V077
P000612,W00236,1,1425611.83,2024-09-26,V031
P000613,W00236,2,1069208.87,2024-12-21,V076
P000614,W00236,3,1069208.87,2025-02-14,V089
P000615,W00237,1,522435.33,2024-06-30,V086
P000616,W00237,2,391826.5,2024-09-13,V011
P000617,W00237,3,391826.5,2024-10-26,V002
P000618,W00238,1,1942690.27,2023-10-20,V087
P000619,W00238,2,1942690.27,2024-02-06,V007
P000620,W00239,1,554657.03,2025-02-05,V069
P000621,W00239,2,415992.77,2025-04-19,V064
P000622,W00239,3,415992.77,2025-06-05,V004
P000623,W00240,1,299169.64,2026-06-09,V016
P000624,W00240,2,299169.64,2026-07-23,V047
P000625,W00241,1,399994.74,2023-10-03,V075
P000626,W00241,2,299996.05,2023-12-06,V080
P000627,W00241,3,299996.05,2023-12-28,V087
P000628,W00242,1,578685.37,2025-12-26,V034
P000629,W00242,2,434014.03,2026-02-25,V060
P000630,W00242,3,434014.03,2026-06-01,V007
P000631,W00243,1,572987.38,2025-02-06,V076
P000632,W00243,2,429740.53,2025-04-05,V041
P000633,W00243,3,429740.53,2025-07-05,V060
P000634,W00244,1,1743219.58,2025-03-14,V086
P000635,W00244,2,1743219.58,2025-07-31,V085
P000636,W00245,1,450545.22,2026-07-21,V044
P000637,W00246,1,1551124.38,2025-11-12,V073
P000638,W00246,2,1163343.28,2026-02-01,V073
P000639,W00246,3,1163343.28,2026-04-13,V042
P000640,W00247,1,760091.33,2024-11-30,V047
P000641,W00247,2,760091.33,2025-03-01,V031
P000642,W00248,1,769577.22,2024-06-30,V051
P000643,W00248,2,769577.22,2024-09-28,V039
P000644,W00249,1,866792.89,2024-01-06,V022
P000645,W00249,2,866792.89,2024-03-31,V021
P000646,W00250,1,613015.4,2024-04-25,V081
P000647,W00250,2,613015.4,2024-07-22,V040
P000648,W00251,1,628721.21,2025-03-23,V015
P000649,W00251,2,471540.91,2025-05-07,V047
P000650,W00251,3,471540.91,2025-07-13,V019
P000651,W00252,1,870652.17,2025-03-29,V087
P000652,W00252,2,652989.13,2025-05-01,V065
P000653,W00252,3,652989.13,2025-05-15,V087
P000654,W00253,1,660357.31,2026-06-27,V057
P000655,W00253,2,495267.98,2026-08-25,V054
P000656,W00254,1,2038878.19,2024-08-17,V021
P000657,W00254,2,2038878.19,2024-11-15,V059
P000658,W00255,1,2313323.6,2024-01-29,V005
P000659,W00255,2,1734992.7,2024-05-08,V045
P000660,W00255,3,1734992.7,2024-08-09,V019
P000661,W00256,1,678322.06,2026-02-16,V014
P000662,W00256,2,678322.06,2026-04-06,V023
P000663,W00257,1,299575.45,2023-10-22,V084
P000664,W00257,2,224681.59,2023-11-24,V078
P000665,W00257,3,224681.59,2024-01-17,V011
P000666,W00258,1,309525.48,2024-12-29,V022
P000667,W00258,2,232144.11,2025-02-13,V049
P000668,W00258,3,232144.11,2025-03-15,V010
P000669,W00259,1,462235.57,2024-06-26,V001
P000670,W00259,2,346676.68,2024-08-17,V033
P000671,W00259,3,346676.68,2024-10-25,V075
P000672,W00260,1,623076.43,2025-05-14,V084
P000673,W00260,2,623076.43,2025-07-12,V045
P000674,W00261,1,339327.42,2025-03-03,V049
P000675,W00261,2,254495.57,2025-05-05,V037
P000676,W00261,3,254495.57,2025-06-18,V028
P000677,W00262,1,1054837.95,2025-04-26,V047
P000678,W00262,2,791128.46,2025-05-24,V033
P000679,W00262,3,791128.46,2025-06-24,V080
P000680,W00263,1,1092787.4,2023-09-24,V090
P000681,W00263,2,1092787.4,2023-12-15,V038
P000682,W00264,1,1010087.55,2024-08-25,V035
P000683,W00264,2,757565.66,2024-12-02,V034
P000684,W00264,3,757565.66,2025-03-20,V088
P000685,W00265,1,905480.5,2024-07-12,V059
P000686,W00265,2,679110.38,2024-08-10,V039
P000687,W00265,3,679110.38,2024-09-11,V028
P000688,W00266,1,751030.28,2025-08-01,V024
P000689,W00266,2,751030.28,2025-11-17,V030
P000690,W00267,1,2249523.81,2026-01-26,V052
P000691,W00267,2,2249523.81,2026-04-12,V032
P000692,W00268,1,1881215.06,2024-01-20,V056
P000693,W00268,2,1881215.06,2024-06-01,V045
P000694,W00269,1,1088823.76,2023-07-11,V082
P000695,W00269,2,816617.82,2023-08-18,V089
P000696,W00269,3,816617.82,2023-10-08,V026
P000697,W00270,1,1345427.69,2024-03-12,V038
P000698,W00270,2,1009070.77,2024-05-31,V056
P000699,W00270,3,1009070.77,2024-08-01,V081
P000700,W00271,1,1208532.87,2026-04-03,V014
P000701,W00271,2,906399.65,2026-06-10,V045
P000702,W00271,3,906399.65,2026-08-24,V001
P000703,W00272,1,1700084.53,2024-05-23,V035
P000704,W00272,2,1275063.4,2024-07-10,V011
P000705,W00272,3,1275063.4,2024-09-24,V069
P000706,W00273,1,892762.91,2025-08-24,V058
P000707,W00273,2,669572.18,2025-10-27,V059
P000708,W00273,3,669572.18,2026-01-10,V061
P000709,W00274,1,936131.09,2025-07-28,V040
P000710,W00274,2,936131.09,2025-10-08,V078
P000711,W00275,1,288368.1,2025-01-23,V055
P000712,W00275,2,216276.07,2025-03-08,V073
P000713,W00275,3,216276.07,2025-04-30,V030
P000714,W00276,1,3982687.02,2023-10-16,V027
P000715,W00276,2,3982687.02,2024-02-22,V069
P000716,W00277,1,646713.03,2024-02-21,V038
P000717,W00277,2,485034.77,2024-04-26,V016
P000718,W00277,3,485034.77,2024-06-22,V032
P000719,W00278,1,3049990.08,2025-04-25,V083
P000720,W00278,2,2287492.56,2025-07-15,V067
P000721,W00278,3,2287492.56,2025-10-01,V082
P000722,W00279,1,747083.67,2025-09-06,V034
P000723,W00279,2,560312.75,2025-11-07,V058
P000724,W00279,3,560312.75,2025-12-19,V003
P000725,W00280,1,1768848.99,2023-10-16,V025
P000726,W00280,2,1768848.99,2023-12-24,V073
P000727,W00281,1,537744.72,2025-04-17,V009
P000728,W00281,2,403308.54,2025-06-30,V019
P000729,W00281,3,403308.54,2025-08-12,V080
P000730,W00282,1,1562160.74,2023-11-24,V076
P000731,W00282,2,1562160.74,2024-02-11,V014
P000732,W00283,1,685249.22,2026-01-11,V018
P000733,W00283,2,685249.22,2026-04-07,V063
P000734,W00284,1,883158.83,2023-12-13,V073
P000735,W00284,2,883158.83,2024-01-22,V042
P000736,W00285,1,770680.9,2024-06-02,V035
P000737,W00285,2,578010.67,2024-06-29,V075
P000738,W00285,3,578010.67,2024-08-03,V031
P000739,W00286,1,1063168.62,2024-09-27,V033
P000740,W00286,2,797376.46,2024-11-28,V079
P000741,W00286,3,797376.46,2025-02-22,V020
P000742,W00287,1,2289243.08,2023-10-04,V046
P000743,W00287,2,1716932.31,2023-12-28,V089
P000744,W00287,3,1716932.31,2024-03-16,V040
P000745,W00288,1,1132339.13,2025-05-03,V042
P000746,W00288,2,1132339.13,2025-07-20,V039
P000747,W00289,1,863150.26,2023-09-05,V010
P000748,W00289,2,863150.26,2023-12-20,V013
P000749,W00290,1,1285351.0,2024-04-08,V089
P000750,W00290,2,1285351.0,2024-06-01,V090
P000751,W00291,1,587336.43,2026-03-15,V012
P000752,W00291,2,440502.32,2026-05-22,V087
P000753,W00291,3,440502.32,2026-06-28,V026
P000754,W00292,1,427271.43,2024-06-04,V080
P000755,W00292,2,320453.57,2024-08-03,V026
P000756,W00292,3,320453.57,2024-10-10,V069
P000757,W00293,1,617916.81,2023-10-31,V069
P000758,W00293,2,617916.81,2023-12-29,V023
P000759,W00294,1,1432112.19,2024-08-28,V049
P000760,W00294,2,1074084.14,2024-11-25,V042
P000761,W00294,3,1074084.14,2025-02-15,V015
P000762,W00295,1,899007.02,2026-04-20,V024
P000763,W00295,2,899007.02,2026-07-16,V047
P000764,W00296,1,1134327.11,2024-08-06,V006
P000765,W00296,2,1134327.11,2024-10-29,V004
P000766,W00297,1,1031928.34,2024-09-11,V044
P000767,W00297,2,1031928.34,2024-11-10,V081
P000768,W00298,1,1027151.89,2023-08-14,V059
P000769,W00298,2,1027151.89,2023-11-21,V080
P000770,W00299,1,1243427.85,2023-11-15,V046
P000771,W00299,2,1243427.85,2023-12-20,V045
P000772,W00300,1,774465.16,2023-10-22,V015
P000773,W00300,2,580848.87,2023-11-14,V045
P000774,W00300,3,580848.87,2023-12-16,V080
P000775,W00301,1,496022.97,2025-11-24,V020
P000776,W00301,2,372017.23,2026-02-09,V026
P000777,W00301,3,372017.23,2026-05-09,V069
P000778,W00302,1,735704.62,2024-05-29,V064
P000779,W00302,2,551778.46,2024-08-13,V020
P000780,W00302,3,551778.46,2024-10-07,V057
P000781,W00303,1,1171355.19,2024-01-15,V002
P000782,W00303,2,878516.39,2024-03-02,V089
P000783,W00303,3,878516.39,2024-06-03,V046
P000784,W00304,1,546834.86,2025-03-27,V005
P000785,W00304,2,410126.14,2025-06-23,V047
P000786,W00304,3,410126.14,2025-07-24,V057
P000787,W00305,1,782228.12,2025-05-01,V058
P000788,W00305,2,586671.09,2025-06-07,V008
P000789,W00305,3,586671.09,2025-07-28,V082
P000790,W00306,1,1149954.32,2024-11-09,V020
P000791,W00306,2,1149954.32,2025-01-11,V042
P000792,W00307,1,880302.06,2024-11-26,V033
P000793,W00307,2,660226.54,2025-01-28,V002
P000794,W00307,3,660226.54,2025-04-09,V071
P000795,W00308,1,861482.0,2025-08-11,V003
P000796,W00308,2,646111.5,2025-09-30,V076
P000797,W00308,3,646111.5,2025-11-25,V046
P000798,W00309,1,217481.69,2024-02-29,V079
P000799,W00309,2,163111.27,2024-04-11,V021
P000800,W00309,3,163111.27,2024-05-16,V054
P000801,W00310,1,2996199.77,2024-09-11,V030
P000802,W00310,2,2996199.77,2025-01-23,V059
P000803,W00311,1,1359454.95,2026-01-21,V030
P000804,W00311,2,1359454.95,2026-04-10,V079
P000805,W00312,1,408344.93,2024-11-20,V057
P000806,W00312,2,408344.93,2025-01-26,V025
P000807,W00313,1,352012.06,2025-10-21,V003
P000808,W00313,2,264009.04,2025-11-18,V035
P000809,W00313,3,264009.04,2025-12-23,V011
P000810,W00314,1,1455716.92,2025-01-12,V032
P000811,W00314,2,1455716.92,2025-04-30,V057
P000812,W00315,1,394436.49,2024-09-26,V005
P000813,W00315,2,295827.37,2024-11-01,V063
P000814,W00315,3,295827.37,2024-12-16,V044
P000815,W00316,1,3937225.94,2025-02-13,V060
P000816,W00316,2,3937225.94,2025-06-02,V065
P000817,W00317,1,644102.21,2023-08-27,V049
P000818,W00317,2,644102.21,2023-10-17,V005
P000819,W00318,1,610152.31,2025-09-22,V015
P000820,W00318,2,610152.31,2025-11-11,V008
P000821,W00319,1,1417291.95,2024-10-25,V037
P000822,W00319,2,1062968.96,2024-12-21,V022
P000823,W00319,3,1062968.96,2025-03-19,V038
P000824,W00320,1,871453.32,2024-03-21,V011
P000825,W00320,2,871453.32,2024-06-07,V061
P000826,W00321,1,887546.16,2025-06-13,V084
P000827,W00321,2,887546.16,2025-10-06,V027
P000828,W00322,1,1243830.2,2025-11-06,V063
P000829,W00322,2,932872.65,2026-02-09,V071
P000830,W00322,3,932872.65,2026-04-15,V078
P000831,W00323,1,748431.42,2023-07-02,V008
P000832,W00323,2,561323.56,2023-07-28,V080
P000833,W00323,3,561323.56,2023-08-29,V057
P000834,W00324,1,822353.06,2025-10-28,V025
P000835,W00324,2,822353.06,2025-12-31,V023
P000836,W00325,1,1063068.87,2024-03-21,V042
P000837,W00325,2,797301.65,2024-05-29,V067
P000838,W00325,3,797301.65,2024-07-22,V065
P000839,W00326,1,3062804.31,2024-08-15,V048
P000840,W00326,2,2297103.23,2024-10-16,V023
P000841,W00326,3,2297103.23,2025-01-30,V034
P000842,W00327,1,605855.61,2025-04-18,V075
P000843,W00327,2,454391.71,2025-06-29,V035
P000844,W00327,3,454391.71,2025-08-14,V017
P000845,W00328,1,2957541.37,2024-05-23,V025
P000846,W00328,2,2218156.03,2024-08-28,V002
P000847,W00328,3,2218156.03,2024-12-08,V037
P000848,W00329,1,607940.96,2023-08-31,V042
P000849,W00329,2,455955.72,2023-11-19,V046
P000850,W00329,3,455955.72,2023-12-31,V061
P000851,W00330,1,1355013.59,2026-01-09,V072
P000852,W00330,2,1016260.19,2026-03-25,V075
P000853,W00330,3,1016260.19,2026-04-26,V039
P000854,W00331,1,532889.8,2025-03-25,V005
P000855,W00331,2,532889.8,2025-05-15,V085
P000856,W00332,1,1160977.31,2025-11-22,V084
P000857,W00332,2,1160977.31,2026-02-06,V059
P000858,W00333,1,275170.98,2026-02-12,V086
P000859,W00333,2,206378.23,2026-03-27,V042
P000860,W00333,3,206378.23,2026-05-04,V035
P000861,W00334,1,1054774.78,2023-12-29,V015
P000862,W00334,2,791081.09,2024-02-17,V087
P000863,W00334,3,791081.09,2024-03-23,V010
P000864,W00335,1,1335328.83,2025-07-04,V015
P000865,W00335,2,1001496.62,2025-09-19,V057
P000866,W00335,3,1001496.62,2025-11-25,V012
P000867,W00336,1,3570592.64,2025-03-10,V060
P000868,W00336,2,3570592.64,2025-08-21,V050
P000869,W00337,1,676473.77,2025-07-15,V039
P000870,W00337,2,507355.33,2025-10-10,V057
P000871,W00337,3,507355.33,2025-11-13,V074
P000872,W00338,1,453905.65,2023-09-24,V010
P000873,W00338,2,340429.24,2023-11-22,V045
P000874,W00338,3,340429.24,2024-02-21,V086
P000875,W00339,1,1019345.59,2026-02-27,V064
P000876,W00339,2,764509.19,2026-05-01,V069
P000877,W00339,3,764509.19,2026-06-26,V066
P000878,W00340,1,684500.85,2025-09-25,V067
P000879,W00340,2,513375.64,2025-10-24,V007
P000880,W00340,3,513375.64,2025-11-12,V022
P000881,W00341,1,628358.72,2025-03-22,V086
P000882,W00341,2,471269.04,2025-05-17,V051
P000883,W00341,3,471269.04,2025-07-27,V047
P000884,W00342,1,771891.87,2023-09-15,V071
P000885,W00342,2,578918.9,2023-11-02,V023
P000886,W00342,3,578918.9,2024-01-02,V071
P000887,W00343,1,567798.83,2024-08-20,V069
P000888,W00343,2,567798.83,2024-11-06,V010
P000889,W00344,1,1027170.94,2024-04-22,V090
P000890,W00344,2,1027170.94,2024-06-02,V052
P000891,W00345,1,633761.92,2026-06-29,V014
P000892,W00346,1,2133840.75,2024-12-23,V007
P000893,W00346,2,2133840.75,2025-03-29,V081
P000894,W00347,1,622730.18,2025-01-08,V069
P000895,W00347,2,467047.63,2025-02-08,V004
P000896,W00347,3,467047.63,2025-03-15,V057
P000897,W00348,1,602514.38,2024-07-13,V001
P000898,W00348,2,602514.38,2024-08-27,V045
P000899,W00349,1,780815.02,2024-11-18,V031
P000900,W00349,2,780815.02,2025-02-09,V037
P000901,W00350,1,1043537.25,2025-10-13,V059
P000902,W00350,2,782652.94,2025-12-14,V073
P000903,W00350,3,782652.94,2026-02-11,V063
P000904,W00351,1,1489979.51,2024-05-09,V016
P000905,W00351,2,1117484.63,2024-08-06,V039
P000906,W00351,3,1117484.63,2024-10-30,V067
P000907,W00352,1,1490202.51,2026-05-16,V040
P000908,W00352,2,1490202.51,2026-08-12,V081
P000909,W00353,1,608669.7,2023-11-14,V082
P000910,W00353,2,456502.27,2023-12-19,V019
P000911,W00353,3,456502.27,2024-01-25,V033
P000912,W00354,1,449548.28,2024-01-16,V005
P000913,W00354,2,337161.21,2024-03-10,V052
P000914,W00354,3,337161.21,2024-04-23,V003
P000915,W00355,1,671115.68,2025-10-18,V079
P000916,W00355,2,671115.68,2026-02-24,V055
P000917,W00356,1,441470.08,2023-09-27,V028
P000918,W00356,2,331102.56,2023-11-22,V084
P000919,W00356,3,331102.56,2024-01-02,V001
P000920,W00357,1,443701.68,2023-08-24,V015
P000921,W00357,2,332776.26,2023-09-28,V069
P000922,W00357,3,332776.26,2023-10-20,V028
P000923,W00358,1,1694744.24,2024-06-05,V063
P000924,W00358,2,1694744.24,2024-10-12,V046
P000925,W00359,1,172169.2,2024-11-08,V044
P000926,W00359,2,129126.9,2024-12-14,V037
P000927,W00359,3,129126.9,2025-01-20,V079
P000928,W00360,1,646083.31,2024-08-01,V073
P000929,W00360,2,484562.48,2024-08-27,V073
P000930,W00360,3,484562.48,2024-09-21,V023
P000931,W00361,1,1742029.51,2026-01-26,V037
P000932,W00361,2,1306522.13,2026-04-03,V006
P000933,W00361,3,1306522.13,2026-08-09,V057
P000934,W00362,1,1422696.12,2024-01-27,V071
P000935,W00362,2,1422696.12,2024-03-27,V069
P000936,W00363,1,801413.81,2025-09-29,V058
P000937,W00363,2,601060.36,2025-11-14,V080
P000938,W00363,3,601060.36,2026-01-12,V024
P000939,W00364,1,453428.12,2024-09-08,V079
P000940,W00364,2,340071.09,2024-10-20,V038
P000941,W00364,3,340071.09,2024-12-01,V006
P000942,W00365,1,1614647.46,2024-08-13,V020
P000943,W00365,2,1210985.59,2024-11-14,V042
P000944,W00365,3,1210985.59,2025-01-24,V049
P000945,W00366,1,784862.75,2023-10-16,V006
P000946,W00366,2,588647.06,2023-12-21,V002
P000947,W00366,3,588647.06,2024-02-16,V056
P000948,W00367,1,1323787.65,2024-12-21,V028
P000949,W00367,2,1323787.65,2025-03-17,V026
P000950,W00368,1,809186.81,2026-02-03,V002
P000951,W00368,2,809186.81,2026-04-20,V081
P000952,W00369,1,503282.7,2024-10-08,V083
P000953,W00369,2,377462.02,2024-11-17,V030
P000954,W00369,3,377462.02,2024-12-20,V049
P000955,W00370,1,2036382.18,2024-11-10,V007
P000956,W00370,2,1527286.63,2025-02-21,V013
P000957,W00370,3,1527286.63,2025-04-23,V085
P000958,W00371,1,446032.27,2023-07-28,V009
P000959,W00371,2,446032.27,2023-10-12,V048
P000960,W00372,1,946397.43,2024-10-10,V021
P000961,W00372,2,946397.43,2025-01-12,V040
P000962,W00373,1,599759.76,2024-09-12,V022
P000963,W00373,2,449819.82,2024-10-25,V042
P000964,W00373,3,449819.82,2024-12-14,V006
P000965,W00374,1,1310506.52,2024-07-19,V070
P000966,W00374,2,982879.89,2024-09-10,V077
P000967,W00374,3,982879.89,2024-10-23,V013
P000968,W00375,1,1350931.3,2026-05-25,V049
P000969,W00376,1,382940.62,2023-10-19,V063
P000970,W00376,2,287205.47,2023-12-04,V053
P000971,W00376,3,287205.47,2023-12-27,V087
P000972,W00377,1,614931.67,2025-10-24,V071
P000973,W00377,2,614931.67,2026-01-10,V081
P000974,W00378,1,879647.17,2024-04-05,V004
P000975,W00378,2,879647.17,2024-07-20,V056
P000976,W00379,1,370528.11,2025-03-20,V073
P000977,W00379,2,277896.08,2025-04-12,V077
P000978,W00379,3,277896.08,2025-05-25,V007
P000979,W00380,1,1686190.23,2025-08-06,V054
P000980,W00380,2,1686190.23,2025-12-13,V043
P000981,W00381,1,1017092.03,2024-05-17,V077
P000982,W00381,2,762819.02,2024-08-03,V013
P000983,W00381,3,762819.02,2024-12-06,V017
P000984,W00382,1,3652266.96,2025-05-29,V046
P000985,W00382,2,2739200.22,2025-08-20,V077
P000986,W00382,3,2739200.22,2025-10-17,V006
P000987,W00383,1,573761.72,2025-12-11,V015
P000988,W00383,2,430321.29,2026-02-02,V043
P000989,W00383,3,430321.29,2026-05-02,V083
P000990,W00384,1,805740.1,2025-10-06,V066
P000991,W00384,2,805740.1,2025-11-19,V054
P000992,W00385,1,601906.89,2023-09-25,V052
P000993,W00385,2,601906.89,2023-12-10,V002
P000994,W00386,1,1120374.56,2025-08-25,V025
P000995,W00386,2,840280.92,2025-10-08,V081
P000996,W00386,3,840280.92,2026-01-19,V058
P000997,W00387,1,1824602.81,2024-06-13,V014
P000998,W00387,2,1824602.81,2024-10-25,V062
P000999,W00388,1,594054.27,2026-03-11,V086
P001000,W00388,2,445540.7,2026-05-11,V060
P001001,W00388,3,445540.7,2026-08-04,V006
P001003,W00389,2,1639697.27,2025-10-21,V042
P001004,W00389,3,1639697.27,2026-01-29,V034
P001005,W00390,1,1227592.24,2024-10-22,V038
P001006,W00390,2,1227592.24,2025-03-09,V073
P001007,W00391,1,642051.72,2023-11-09,V025
P001008,W00391,2,642051.72,2024-02-21,V055
P001009,W00392,1,377862.26,2025-10-10,V019
P001010,W00392,2,283396.7,2025-11-25,V016
P001011,W00392,3,283396.7,2026-02-24,V018
P001012,W00393,1,1689965.95,2025-09-06,V086
P001013,W00393,2,1267474.46,2025-11-28,V072
P001014,W00393,3,1267474.46,2026-02-24,V044
P001015,W00394,1,744312.09,2026-05-21,V027
P001016,W00395,1,651107.14,2024-10-13,V046
P001017,W00395,2,488330.35,2024-11-13,V002
P001018,W00395,3,488330.35,2024-12-08,V084
P001019,W00396,1,1963567.55,2025-05-10,V060
P001020,W00396,2,1963567.55,2025-07-13,V038
P001021,W00397,1,765982.68,2024-04-06,V005
P001022,W00397,2,574487.01,2024-05-17,V002
P001023,W00397,3,574487.01,2024-07-08,V083
P001024,W00398,1,586146.47,2024-01-28,V089
P001025,W00398,2,439609.85,2024-03-14,V068
P001026,W00398,3,439609.85,2024-06-09,V020
P001027,W00399,1,355272.7,2025-12-22,V049
P001028,W00399,2,355272.7,2026-02-28,V006
P001029,W00400,1,811529.31,2025-10-04,V014
P001030,W00400,2,811529.31,2026-01-01,V090
P001031,W00401,1,877804.74,2025-09-03,V072
P001032,W00401,2,877804.74,2025-12-01,V037
P001033,W00402,1,1308215.73,2026-05-03,V090
P001034,W00402,2,1308215.73,2026-08-11,V086
P001035,W00403,1,1042272.1,2024-03-13,V002
P001036,W00403,2,781704.07,2024-05-19,V014
P001037,W00403,3,781704.07,2024-07-10,V026
P001038,W00404,1,345489.59,2026-07-05,V038
P001039,W00404,2,345489.59,2026-08-25,V084
P001040,W00405,1,3181125.1,2025-01-30,V071
P001041,W00405,2,2385843.82,2025-05-01,V013
P001042,W00405,3,2385843.82,2025-07-18,V023
P001043,W00406,1,1225876.18,2025-11-10,V080
P001044,W00406,2,1225876.18,2026-02-12,V061
P001045,W00407,1,954991.69,2025-10-13,V002
P001046,W00407,2,954991.69,2025-12-25,V047
P001047,W00408,1,479445.72,2024-03-20,V002
P001048,W00408,2,479445.72,2024-05-20,V085
P001049,W00409,1,351503.32,2023-12-15,V007
P001050,W00409,2,263627.49,2024-01-14,V001
P001051,W00409,3,263627.49,2024-02-23,V072
P001052,W00410,1,562422.57,2024-05-08,V030
P001053,W00410,2,421816.93,2024-06-30,V081
P001054,W00410,3,421816.93,2024-09-07,V012
P001055,W00411,1,3247634.37,2023-08-03,V026
P001056,W00411,2,2435725.78,2023-10-08,V040
P001057,W00411,3,2435725.78,2024-02-06,V083
P001058,W00412,1,750898.92,2024-08-02,V010
P001059,W00412,2,750898.92,2024-10-23,V067
P001060,W00413,1,2774000.28,2025-11-25,V023
P001061,W00413,2,2080500.21,2026-02-20,V023
P001062,W00413,3,2080500.21,2026-06-14,V042
P001063,W00414,1,445301.92,2025-08-14,V046
P001064,W00414,2,333976.44,2025-10-17,V042
P001065,W00414,3,333976.44,2025-12-17,V053
P001066,W00415,1,1119669.81,2025-09-10,V048
P001067,W00415,2,839752.36,2025-11-08,V071
P001068,W00415,3,839752.36,2026-01-27,V053
P001069,W00416,1,594238.73,2024-11-20,V038
P001070,W00416,2,594238.73,2025-01-04,V061
P001071,W00417,1,2520854.9,2024-01-02,V032
P001072,W00417,2,2520854.9,2024-05-07,V022
P001073,W00418,1,472317.77,2023-09-10,V027
P001074,W00418,2,354238.33,2023-11-05,V043
P001075,W00418,3,354238.33,2023-12-03,V035
P001076,W00419,1,681152.26,2026-07-12,V078
P001077,W00420,1,4163919.51,2023-12-16,V086
P001078,W00420,2,4163919.51,2024-06-01,V025
P001079,W00421,1,3142436.6,2024-12-01,V060
P001080,W00421,2,3142436.6,2025-03-18,V081
P001081,W00422,1,413017.68,2023-12-01,V079
P001082,W00422,2,413017.68,2024-01-03,V074
P001083,W00423,1,418500.33,2024-09-24,V063
P001084,W00423,2,313875.25,2024-10-19,V027
P001085,W00423,3,313875.25,2024-11-11,V022
P001086,W00424,1,546677.91,2026-06-25,V054
P001087,W00424,2,410008.43,2026-08-31,V057
P001088,W00425,1,3162147.9,2024-08-02,V029
P001089,W00425,2,2371610.92,2024-11-17,V050
P001090,W00425,3,2371610.92,2025-02-25,V014
P001091,W00426,1,611087.04,2025-09-27,V053
P001092,W00426,2,458315.28,2025-11-29,V005
P001093,W00426,3,458315.28,2026-02-20,V006
P001094,W00427,1,1628195.99,2024-07-01,V069
P001095,W00427,2,1221146.99,2024-10-04,V021
P001096,W00427,3,1221146.99,2024-11-20,V050
P001097,W00428,1,431964.17,2024-06-25,V063
P001098,W00428,2,323973.13,2024-07-21,V073
P001099,W00428,3,323973.13,2024-08-20,V034
P001100,W00429,1,1719557.43,2024-03-06,V073
P001101,W00429,2,1289668.07,2024-06-06,V025
P001102,W00429,3,1289668.07,2024-09-15,V071
P001103,W00430,1,653589.62,2026-04-19,V050
P001104,W00430,2,490192.22,2026-07-11,V041
P001105,W00430,3,490192.22,2026-08-11,V010
P001106,W00431,1,213117.68,2026-03-14,V090
P001107,W00431,2,159838.26,2026-04-09,V024
P001108,W00431,3,159838.26,2026-05-04,V025
P001109,W00432,1,1126039.1,2026-04-19,V079
P001110,W00432,2,844529.32,2026-06-17,V002
P001111,W00432,3,844529.32,2026-09-04,V082
P001112,W00433,1,4390708.66,2024-05-15,V050
P001113,W00433,2,4390708.66,2024-08-30,V014
P001114,W00434,1,762519.08,2024-10-24,V037
P001115,W00434,2,571889.31,2024-12-16,V008
P001116,W00434,3,571889.31,2025-02-02,V036
P001117,W00435,1,291402.81,2024-09-25,V070
P001118,W00435,2,218552.11,2024-10-31,V049
P001119,W00435,3,218552.11,2024-11-22,V019
P001120,W00436,1,606476.17,2026-05-18,V086
P001121,W00436,2,606476.17,2026-06-26,V008
P001122,W00437,1,290128.41,2025-12-08,V037
P001123,W00437,2,217596.31,2026-01-04,V022
P001124,W00437,3,217596.31,2026-02-11,V071
P001125,W00438,1,768011.38,2024-06-23,V026
P001126,W00438,2,576008.54,2024-10-08,V034
P001127,W00438,3,576008.54,2024-11-24,V072
P001128,W00439,1,1387301.98,2026-06-07,V060
P001129,W00439,2,1040476.49,2026-08-18,V068
P001130,W00440,1,248143.79,2025-06-24,V010
P001131,W00440,2,248143.79,2025-08-13,V047
P001132,W00441,1,709040.77,2025-05-08,V020
P001133,W00441,2,709040.77,2025-08-05,V055
P001134,W00442,1,240972.5,2025-12-19,V069
P001135,W00442,2,180729.37,2026-01-15,V029
P001136,W00442,3,180729.37,2026-02-21,V017
P001137,W00443,1,754332.76,2025-09-14,V033
P001138,W00443,2,565749.57,2025-11-28,V001
P001139,W00443,3,565749.57,2026-01-05,V090
P001140,W00444,1,2082953.18,2025-12-02,V006
P001141,W00444,2,1562214.88,2026-02-21,V045
P001142,W00444,3,1562214.88,2026-05-17,V022
P001143,W00445,1,641664.14,2026-04-23,V061
P001144,W00445,2,481248.1,2026-06-20,V017
P001145,W00446,1,790713.08,2025-06-07,V053
P001146,W00446,2,593034.81,2025-07-07,V007
P001147,W00446,3,593034.81,2025-08-14,V071
P001148,W00447,1,568994.3,2026-03-12,V044
P001149,W00447,2,568994.3,2026-06-26,V040
P001150,W00448,1,724487.32,2026-03-01,V053
P001151,W00448,2,724487.32,2026-04-09,V086
P001152,W00449,1,601183.99,2023-11-19,V015
P001153,W00449,2,601183.99,2024-01-17,V006
P001154,W00450,1,362552.62,2023-09-14,V002
P001155,W00450,2,271914.47,2023-10-21,V082
P001156,W00450,3,271914.47,2023-12-07,V058
P001157,W00451,1,839300.94,2024-04-16,V062
P001158,W00451,2,839300.94,2024-07-18,V063
P001159,W00452,1,520001.82,2025-07-19,V018
P001160,W00452,2,390001.36,2025-08-28,V019
P001161,W00452,3,390001.36,2025-10-25,V085
P001162,W00453,1,572454.69,2025-11-05,V069
P001163,W00453,2,572454.69,2026-01-13,V003
P001164,W00454,1,3045321.85,2024-04-03,V057
P001165,W00454,2,3045321.85,2024-09-06,V042
P001166,W00455,1,1009389.84,2025-06-08,V038
P001167,W00455,2,757042.38,2025-08-28,V087
P001168,W00455,3,757042.38,2025-11-10,V001
P001169,W00456,1,544045.56,2025-01-15,V064
P001170,W00456,2,544045.56,2025-04-01,V001
P001171,W00457,1,461286.0,2025-03-28,V046
P001172,W00457,2,345964.5,2025-05-06,V089
P001173,W00457,3,345964.5,2025-07-18,V035
P001174,W00458,1,698956.81,2026-02-11,V084
P001175,W00458,2,698956.81,2026-04-27,V089
P001176,W00459,1,1179888.73,2025-01-24,V017
P001177,W00459,2,1179888.73,2025-04-06,V076
P001178,W00460,1,1165811.17,2023-11-08,V026
P001179,W00460,2,1165811.17,2024-02-04,V034
P001180,W00461,1,700578.59,2026-01-15,V051
P001181,W00461,2,700578.59,2026-05-06,V003
P001182,W00462,1,668535.55,2024-05-30,V043
P001183,W00462,2,501401.66,2024-07-23,V057
P001184,W00462,3,501401.66,2024-10-15,V024
P001185,W00463,1,376373.14,2024-01-09,V034
P001186,W00463,2,376373.14,2024-02-21,V079
P001187,W00464,1,1412659.45,2024-09-19,V025
P001188,W00464,2,1059494.59,2024-11-07,V078
P001189,W00464,3,1059494.59,2025-01-05,V001
P001190,W00465,1,3077917.94,2024-03-07,V021
P001191,W00465,2,2308438.45,2024-06-07,V012
P001192,W00465,3,2308438.45,2024-10-01,V082
P001193,W00466,1,2585813.59,2023-09-18,V053
P001194,W00466,2,1939360.19,2023-12-29,V046
P001195,W00466,3,1939360.19,2024-02-07,V086
P001196,W00467,1,827567.26,2026-06-17,V049
P001197,W00467,2,827567.26,2026-08-20,V070
P001198,W00468,1,1609410.74,2026-07-03,V084
P001199,W00468,2,1207058.05,2026-08-31,V055
P001200,W00469,1,2711107.37,2025-09-29,V086
P001201,W00469,2,2033330.53,2025-12-27,V068
P001202,W00469,3,2033330.53,2026-03-19,V056
P001203,W00470,1,681134.06,2025-06-20,V066
P001204,W00470,2,510850.54,2025-08-27,V002
P001205,W00470,3,510850.54,2025-11-13,V044
P001206,W00471,1,732618.1,2024-01-25,V030
P001207,W00471,2,549463.57,2024-03-14,V073
P001208,W00471,3,549463.57,2024-05-09,V014
P001209,W00472,1,320561.74,2023-12-03,V067
P001210,W00472,2,240421.3,2024-01-07,V029
P001211,W00472,3,240421.3,2024-01-26,V050
P001212,W00473,1,935986.99,2024-06-11,V020
P001213,W00473,2,701990.24,2024-09-05,V053
P001214,W00473,3,701990.24,2024-10-02,V045
P001215,W00474,1,258723.4,2023-10-10,V077
P001216,W00474,2,194042.55,2023-11-28,V031
P001217,W00474,3,194042.55,2023-12-30,V069
P001218,W00475,1,968127.19,2025-05-13,V006
P001219,W00475,2,968127.19,2025-08-03,V056
P001220,W00476,1,1019702.6,2024-04-30,V084
P001221,W00476,2,1019702.6,2024-07-28,V066
P001222,W00477,1,886819.76,2026-06-17,V056
P001223,W00477,2,665114.82,2026-08-15,V023
P001224,W00478,1,280099.84,2026-02-14,V020
P001225,W00478,2,210074.88,2026-03-19,V071
P001226,W00478,3,210074.88,2026-05-08,V013
P001227,W00479,1,324894.43,2026-01-28,V051
P001228,W00479,2,243670.82,2026-02-28,V037
P001229,W00479,3,243670.82,2026-04-30,V081
P001230,W00480,1,669042.26,2024-01-27,V032
P001231,W00480,2,501781.69,2024-04-02,V053
P001232,W00480,3,501781.69,2024-05-28,V066
P001233,W00481,1,570829.97,2024-05-27,V016
P001234,W00481,2,570829.97,2024-07-21,V086
P001235,W00482,1,250657.74,2023-08-07,V076
P001236,W00482,2,187993.3,2023-09-01,V030
P001237,W00482,3,187993.3,2023-09-25,V079
P001238,W00483,1,1895873.5,2024-10-16,V080
P001239,W00483,2,1895873.5,2025-02-25,V064
P001240,W00484,1,539992.9,2023-12-30,V033
P001241,W00484,2,404994.67,2024-03-12,V026
P001242,W00484,3,404994.67,2024-05-09,V064
P001243,W00485,1,1020787.86,2024-05-31,V030
P001244,W00485,2,1020787.86,2024-07-18,V051
P001245,W00486,1,826182.83,2025-08-19,V025
P001246,W00486,2,619637.12,2025-09-16,V083
P001247,W00486,3,619637.12,2025-10-05,V060
P001248,W00487,1,990158.16,2024-05-23,V088
P001249,W00487,2,742618.62,2024-07-16,V087
P001250,W00487,3,742618.62,2024-09-27,V082
P001251,W00488,1,1868989.78,2023-08-13,V050
P001252,W00488,2,1868989.78,2023-11-25,V032
P001253,W00489,1,448686.64,2025-07-16,V020
P001254,W00489,2,336514.98,2025-08-18,V055
P001255,W00489,3,336514.98,2025-09-14,V056
P001256,W00490,1,1946968.06,2024-03-29,V004
P001257,W00490,2,1460226.05,2024-06-22,V056
P001258,W00490,3,1460226.05,2024-09-22,V051
P001259,W00491,1,449096.55,2025-07-20,V037
P001260,W00491,2,449096.55,2025-10-12,V058
P001261,W00492,1,1761287.35,2024-01-12,V084
P001262,W00492,2,1761287.35,2024-04-22,V083
P001263,W00493,1,1884872.99,2024-09-09,V051
P001264,W00493,2,1413654.74,2024-12-10,V027
P001265,W00493,3,1413654.74,2025-01-28,V071
P001266,W00494,1,850328.94,2025-12-10,V025
P001267,W00494,2,637746.7,2026-02-19,V083
P001268,W00494,3,637746.7,2026-03-23,V006
P001269,W00495,1,427239.54,2024-01-16,V022
P001270,W00495,2,320429.66,2024-02-25,V083
P001271,W00495,3,320429.66,2024-04-28,V052
P001272,W00496,1,746330.82,2025-02-08,V001
P001273,W00496,2,559748.11,2025-04-25,V022
P001274,W00496,3,559748.11,2025-06-01,V082
P001275,W00497,1,441229.28,2025-07-20,V074
P001276,W00497,2,441229.28,2025-08-29,V010
P001277,W00498,1,442699.53,2025-06-24,V055
P001278,W00498,2,442699.53,2025-08-16,V028
P001279,W00499,1,185179.84,2026-04-12,V034
P001280,W00499,2,138884.88,2026-06-10,V072
P001281,W00499,3,138884.88,2026-08-05,V056
P001282,W00500,1,491735.13,2025-06-25,V076
P001283,W00500,2,368801.35,2025-09-04,V085
P001284,W00500,3,368801.35,2025-10-17,V023
P001285,W00501,1,334465.79,2024-12-03,V033
P001286,W00501,2,250849.34,2024-12-25,V049
P001287,W00501,3,250849.34,2025-01-20,V022
P001288,W00502,1,2140153.61,2024-08-10,V062
P001289,W00502,2,1605115.21,2024-11-03,V018
P001290,W00502,3,1605115.21,2025-02-15,V078
P001291,W00503,1,1834093.07,2024-12-24,V086
P001292,W00503,2,1834093.07,2025-04-16,V020
P001293,W00504,1,322129.32,2024-08-25,V057
P001294,W00504,2,322129.32,2024-11-05,V048
P001295,W00505,1,982530.67,2025-05-02,V049
P001296,W00505,2,982530.67,2025-07-23,V081
P001297,W00506,1,815553.32,2026-01-15,V033
P001298,W00506,2,611664.99,2026-02-27,V068
P001299,W00506,3,611664.99,2026-05-12,V080
P001300,W00507,1,591875.83,2026-06-08,V064
P001301,W00508,1,577693.35,2026-01-04,V009
P001302,W00508,2,433270.01,2026-02-23,V041
P001303,W00508,3,433270.01,2026-03-31,V034
P001304,W00509,1,779828.08,2024-02-04,V089
P001305,W00509,2,584871.06,2024-03-27,V061
P001306,W00509,3,584871.06,2024-05-04,V046
P001307,W00510,1,1017927.98,2025-02-22,V053
P001308,W00510,2,763445.98,2025-04-21,V074
P001309,W00510,3,763445.98,2025-05-27,V077
P001310,W00511,1,1013039.1,2024-12-07,V009
P001311,W00511,2,759779.32,2025-02-19,V018
P001312,W00511,3,759779.32,2025-03-31,V001
P001313,W00512,1,453613.16,2024-04-06,V031
P001314,W00512,2,453613.16,2024-06-07,V075
P001315,W00513,1,2909815.49,2023-09-28,V007
P001316,W00513,2,2182361.62,2024-01-12,V019
P001317,W00513,3,2182361.62,2024-03-03,V044
P001318,W00514,1,603649.85,2024-04-16,V018
P001319,W00514,2,452737.39,2024-05-31,V031
P001320,W00514,3,452737.39,2024-09-16,V009
P001321,W00515,1,199041.25,2025-02-27,V013
P001322,W00515,2,149280.94,2025-04-01,V030
P001323,W00515,3,149280.94,2025-05-04,V016
P001324,W00516,1,238947.92,2025-12-06,V071
P001325,W00516,2,238947.92,2026-02-09,V025
P001326,W00517,1,1620441.14,2025-05-18,V033
P001327,W00517,2,1620441.14,2025-08-18,V023
P001328,W00518,1,974340.32,2025-03-08,V005
P001329,W00518,2,974340.32,2025-06-01,V083
P001330,W00519,1,2166494.03,2024-12-23,V013
P001331,W00519,2,1624870.52,2025-03-13,V007
P001332,W00519,3,1624870.52,2025-07-14,V056
P001333,W00520,1,740226.31,2023-09-28,V061
P001334,W00520,2,555169.73,2023-11-29,V076
P001335,W00520,3,555169.73,2024-03-03,V081
P001336,W00521,1,654093.92,2025-05-09,V078
P001337,W00521,2,490570.44,2025-07-04,V075
P001338,W00521,3,490570.44,2025-10-12,V019
P001339,W00522,1,2629830.31,2024-06-04,V090
P001340,W00522,2,1972372.73,2024-08-22,V033
P001341,W00522,3,1972372.73,2024-12-29,V087
P001342,W00523,1,1266886.44,2024-06-09,V023
P001343,W00523,2,950164.83,2024-09-02,V046
P001344,W00523,3,950164.83,2024-10-14,V060
P001345,W00524,1,808002.15,2024-08-06,V017
P001346,W00524,2,606001.61,2024-10-10,V084
P001347,W00524,3,606001.61,2024-11-24,V072
P001348,W00525,1,746051.29,2024-07-07,V026
P001349,W00525,2,559538.47,2024-09-01,V077
P001350,W00525,3,559538.47,2024-11-18,V075
P001351,W00526,1,2072246.47,2025-09-19,V054
P001352,W00526,2,2072246.47,2026-01-07,V068
P001353,W00527,1,649389.43,2025-03-01,V032
P001354,W00527,2,649389.43,2025-06-16,V029
P001355,W00528,1,1432181.26,2026-04-15,V020
P001356,W00528,2,1432181.26,2026-08-12,V024
P001357,W00529,1,310340.5,2023-09-29,V047
P001358,W00529,2,232755.38,2023-10-28,V041
P001359,W00529,3,232755.38,2023-11-21,V036
P001360,W00530,1,635517.07,2024-07-26,V044
P001361,W00530,2,476637.8,2024-10-08,V077
P001362,W00530,3,476637.8,2024-12-19,V013
P001363,W00531,1,2872875.2,2025-06-04,V046
P001364,W00531,2,2154656.4,2025-08-30,V018
P001365,W00531,3,2154656.4,2025-12-06,V081
P001366,W00532,1,1749773.51,2024-01-31,V051
P001367,W00532,2,1312330.13,2024-05-17,V023
P001368,W00532,3,1312330.13,2024-07-15,V019
P001369,W00533,1,868302.99,2026-05-05,V001
P001370,W00533,2,868302.99,2026-07-10,V070
P001371,W00534,1,1147150.93,2024-12-25,V045
P001372,W00534,2,860363.2,2025-03-27,V075
P001373,W00534,3,860363.2,2025-05-31,V065
P001374,W00535,1,945207.52,2023-09-10,V031
P001375,W00535,2,708905.64,2023-10-21,V019
P001376,W00535,3,708905.64,2024-01-27,V087
P001377,W00536,1,403468.46,2024-11-06,V037
P001378,W00536,2,302601.34,2024-12-12,V040
P001379,W00536,3,302601.34,2025-01-15,V065
P001380,W00537,1,2583736.26,2024-12-23,V073
P001381,W00537,2,1937802.2,2025-03-15,V046
P001382,W00537,3,1937802.2,2025-06-18,V075
P001383,W00538,1,654182.24,2025-10-11,V045
P001384,W00538,2,490636.68,2025-12-15,V062
P001385,W00538,3,490636.68,2026-01-30,V064
P001386,W00539,1,1089954.03,2023-11-18,V010
P001387,W00539,2,817465.52,2024-01-13,V025
P001388,W00539,3,817465.52,2024-02-15,V023
P001389,W00540,1,1226185.89,2025-09-29,V087
P001390,W00540,2,919639.42,2025-11-25,V036
P001391,W00540,3,919639.42,2026-02-07,V008
P001392,W00541,1,1588800.35,2025-12-10,V043
P001393,W00541,2,1588800.35,2026-02-09,V090
P001394,W00542,1,454746.34,2023-11-08,V019
P001395,W00542,2,341059.76,2023-12-11,V049
P001396,W00542,3,341059.76,2024-02-01,V058
P001397,W00543,1,904748.11,2025-05-26,V015
P001398,W00543,2,678561.08,2025-06-27,V047
P001399,W00543,3,678561.08,2025-07-30,V083
P001400,W00544,1,776756.56,2024-02-16,V027
P001401,W00544,2,582567.42,2024-03-15,V042
P001402,W00544,3,582567.42,2024-04-25,V014
P001403,W00545,1,367219.63,2024-06-23,V023
P001404,W00545,2,275414.72,2024-08-04,V044
P001405,W00545,3,275414.72,2024-09-15,V080
P001406,W00546,1,679250.8,2025-11-04,V005
P001407,W00546,2,679250.8,2026-03-06,V046
P001408,W00547,1,1189164.45,2025-01-01,V043
P001409,W00547,2,891873.34,2025-03-02,V030
P001410,W00547,3,891873.34,2025-05-07,V087
P001411,W00548,1,675686.0,2023-10-01,V025
P001412,W00548,2,506764.5,2023-10-26,V049
P001413,W00548,3,506764.5,2023-11-19,V059
P001414,W00549,1,206843.8,2025-01-20,V022
P001415,W00549,2,155132.85,2025-02-27,V053
P001416,W00549,3,155132.85,2025-03-29,V042
P001417,W00550,1,239340.11,2025-09-20,V029
P001418,W00550,2,239340.11,2025-11-27,V015
P001419,W00551,1,384047.54,2023-12-02,V088
P001420,W00551,2,288035.65,2024-01-30,V065
P001421,W00551,3,288035.65,2024-04-16,V017
P001422,W00552,1,531180.13,2023-12-01,V039
P001423,W00552,2,531180.13,2024-01-28,V005
P001424,W00553,1,4209799.33,2025-02-05,V059
P001425,W00553,2,4209799.33,2025-07-10,V047
P001426,W00554,1,815747.85,2024-08-13,V012
P001427,W00554,2,815747.85,2024-12-09,V069
P001428,W00555,1,780427.06,2026-06-05,V050
P001429,W00555,2,585320.29,2026-07-31,V067
P001430,W00556,1,519047.2,2023-06-29,V090
P001431,W00556,2,389285.4,2023-08-29,V075
P001432,W00556,3,389285.4,2023-11-26,V067
P001433,W00557,1,471962.54,2025-09-06,V078
P001434,W00557,2,353971.91,2025-11-30,V055
P001435,W00557,3,353971.91,2026-03-06,V076
P001436,W00558,1,1089428.58,2025-04-18,V080
P001437,W00558,2,817071.43,2025-07-05,V041
P001438,W00558,3,817071.43,2025-10-06,V081
P001439,W00559,1,1178961.93,2024-08-24,V018
P001440,W00559,2,884221.45,2024-09-21,V035
P001441,W00559,3,884221.45,2024-10-13,V081
P001442,W00560,1,856807.54,2025-06-20,V021
P001443,W00560,2,642605.66,2025-08-30,V037
P001444,W00560,3,642605.66,2025-10-10,V029
P001445,W00561,1,1605145.07,2024-09-07,V047
P001446,W00561,2,1605145.07,2025-01-18,V051
P001447,W00562,1,1046899.44,2026-01-12,V002
P001448,W00562,2,785174.58,2026-03-08,V018
P001449,W00562,3,785174.58,2026-04-16,V007
P001450,W00563,1,696083.39,2025-11-17,V088
P001451,W00563,2,522062.54,2026-01-16,V068
P001452,W00563,3,522062.54,2026-04-17,V050
P001453,W00564,1,780872.14,2025-07-05,V007
P001454,W00564,2,780872.14,2025-10-13,V002
P001455,W00565,1,578167.39,2023-07-03,V058
P001456,W00565,2,578167.39,2023-08-25,V013
P001457,W00566,1,826541.64,2025-02-10,V027
P001458,W00566,2,619906.23,2025-03-26,V080
P001459,W00566,3,619906.23,2025-06-22,V065
P001460,W00567,1,3860381.54,2025-09-29,V006
P001461,W00567,2,2895286.15,2026-01-25,V049
P001462,W00567,3,2895286.15,2026-04-10,V057
P001463,W00568,1,589175.39,2026-07-31,V027
P001464,W00569,1,1543606.54,2026-04-14,V065
P001465,W00569,2,1157704.91,2026-06-16,V082
P001466,W00570,1,832012.43,2024-08-27,V010
P001467,W00570,2,832012.43,2025-01-10,V007
P001468,W00571,1,630160.32,2023-10-06,V054
P001469,W00571,2,630160.32,2023-11-15,V039
P001470,W00572,1,704163.1,2023-10-04,V062
P001471,W00572,2,528122.32,2023-11-27,V035
P001472,W00572,3,528122.32,2024-01-27,V049
P001473,W00573,1,1169679.83,2026-03-30,V064
P001474,W00573,2,877259.87,2026-05-10,V040
P001475,W00573,3,877259.87,2026-07-24,V037
P001476,W00574,1,481785.09,2025-07-16,V045
P001477,W00574,2,481785.09,2025-11-08,V085
P001478,W00575,1,1747373.03,2023-11-11,V017
P001479,W00575,2,1747373.03,2024-02-27,V039
P001480,W00576,1,819299.4,2024-01-17,V050
P001481,W00576,2,614474.55,2024-02-16,V017
P001482,W00576,3,614474.55,2024-03-01,V010
P001483,W00577,1,1187187.97,2024-07-16,V057
P001484,W00577,2,890390.98,2024-09-11,V034
P001485,W00577,3,890390.98,2024-10-27,V068
P001486,W00578,1,4805297.12,2026-04-13,V007
P001487,W00578,2,4805297.12,2026-05-19,V043
P001488,W00579,1,429438.54,2024-06-17,V009
P001489,W00579,2,322078.91,2024-07-24,V054
P001490,W00579,3,322078.91,2024-08-28,V007
P001491,W00580,1,418356.27,2025-04-02,V084
P001492,W00580,2,313767.2,2025-05-08,V083
P001493,W00580,3,313767.2,2025-05-28,V038
P001494,W00581,1,578431.06,2024-04-30,V070
P001495,W00581,2,433823.29,2024-06-29,V069
P001496,W00581,3,433823.29,2024-08-31,V008
P001497,W00582,1,640613.24,2026-02-08,V008
P001498,W00582,2,480459.93,2026-04-22,V033
P001499,W00582,3,480459.93,2026-07-07,V011
P001500,W00583,1,1127637.12,2024-08-19,V084
P001501,W00583,2,1127637.12,2024-09-21,V048
P001502,W00584,1,1810274.02,2025-08-13,V021
P001503,W00584,2,1810274.02,2026-01-05,V066
P001504,W00585,1,2348034.13,2026-01-30,V012
P001505,W00585,2,2348034.13,2026-05-14,V022
P001506,W00586,1,846006.3,2024-01-15,V090
P001507,W00586,2,634504.73,2024-02-10,V008
P001508,W00586,3,634504.73,2024-03-22,V009
P001509,W00587,1,1366653.11,2023-12-22,V021
P001510,W00587,2,1024989.83,2024-03-11,V038
P001511,W00587,3,1024989.83,2024-05-18,V055
P001512,W00588,1,1148387.68,2025-07-18,V037
P001513,W00588,2,861290.76,2025-10-13,V082
P001514,W00588,3,861290.76,2026-01-29,V077
P001515,W00589,1,711423.2,2024-06-06,V083
P001516,W00589,2,533567.4,2024-08-01,V020
P001517,W00589,3,533567.4,2024-10-31,V073
P001518,W00590,1,447905.07,2023-08-15,V076
P001519,W00590,2,447905.07,2023-11-19,V083
P001520,W00591,1,717498.78,2026-03-18,V034
P001521,W00591,2,538124.09,2026-05-03,V079
P001522,W00591,3,538124.09,2026-08-19,V041
P001523,W00592,1,1207517.45,2025-08-14,V050
P001524,W00592,2,905638.09,2025-10-31,V065
P001525,W00592,3,905638.09,2025-12-14,V030
P001526,W00593,1,3406027.4,2023-10-08,V064
P001527,W00593,2,3406027.4,2023-11-08,V078
P001528,W00594,1,688408.93,2025-11-27,V005
P001529,W00594,2,688408.93,2026-01-11,V026
P001530,W00595,1,814057.79,2024-11-03,V076
P001531,W00595,2,814057.79,2025-01-26,V054
P001532,W00596,1,604028.72,2024-07-30,V033
P001533,W00596,2,604028.72,2024-11-05,V072
P001534,W00597,1,1898579.66,2024-10-01,V057
P001535,W00597,2,1898579.66,2025-02-09,V069
P001536,W00598,1,696226.27,2025-02-09,V056
P001537,W00598,2,522169.7,2025-03-17,V011
P001538,W00598,3,522169.7,2025-04-19,V005
P001539,W00599,1,650119.75,2024-03-01,V042
P001540,W00599,2,650119.75,2024-04-20,V044
P001541,W00600,1,2049779.66,2023-11-24,V083
P001542,W00600,2,2049779.66,2024-03-18,V026
P001543,W00601,1,508637.87,2024-01-13,V081
P001544,W00601,2,381478.4,2024-04-02,V028
P001545,W00601,3,381478.4,2024-06-26,V077
P001546,W00602,1,442087.9,2026-02-09,V065
P001547,W00602,2,331565.92,2026-04-07,V051
P001548,W00602,3,331565.92,2026-05-13,V063
P001549,W00603,1,1516037.91,2025-05-05,V088
P001550,W00603,2,1516037.91,2025-08-13,V076
P001551,W00604,1,926894.44,2024-04-28,V001
P001552,W00604,2,695170.83,2024-07-05,V059
P001553,W00604,3,695170.83,2024-08-03,V049
P001554,W00605,1,1273333.68,2025-04-14,V033
P001555,W00605,2,955000.26,2025-06-22,V025
P001556,W00605,3,955000.26,2025-07-22,V044
P001557,W00606,1,552937.43,2026-07-03,V009
P001558,W00606,2,414703.07,2026-08-19,V054
P001559,W00607,1,711952.98,2024-09-23,V084
P001560,W00607,2,711952.98,2024-11-23,V048
P001561,W00608,1,1092901.72,2024-04-20,V025
P001562,W00608,2,1092901.72,2024-08-25,V025
P001563,W00609,1,840388.88,2024-03-19,V068
P001564,W00609,2,840388.88,2024-05-21,V018
P001565,W00610,1,679693.16,2024-12-05,V066
P001566,W00610,2,509769.87,2025-02-18,V077
P001567,W00610,3,509769.87,2025-04-14,V084
P001568,W00611,1,289735.91,2025-04-13,V023
P001569,W00611,2,217301.93,2025-05-07,V033
P001570,W00611,3,217301.93,2025-06-06,V014
P001571,W00612,1,598635.09,2025-12-10,V073
P001572,W00612,2,448976.32,2026-03-05,V042
P001573,W00612,3,448976.32,2026-05-19,V042
P001574,W00613,1,437608.3,2025-11-27,V027
P001575,W00613,2,328206.22,2026-01-16,V021
P001576,W00613,3,328206.22,2026-02-14,V071
P001577,W00614,1,1306486.64,2023-11-09,V034
P001578,W00614,2,979864.98,2024-01-17,V082
P001579,W00614,3,979864.98,2024-04-05,V036
P001580,W00615,1,529583.01,2026-02-27,V009
P001581,W00615,2,529583.01,2026-05-09,V049
P001582,W00616,1,2232655.84,2026-03-05,V084
P001583,W00616,2,1674491.88,2026-04-15,V059
P001584,W00616,3,1674491.88,2026-06-07,V053
P001585,W00617,1,683177.26,2025-05-04,V019
P001586,W00617,2,512382.94,2025-07-16,V061
P001587,W00617,3,512382.94,2025-10-12,V054
P001588,W00618,1,324859.85,2023-07-04,V037
P001589,W00618,2,243644.89,2023-08-04,V062
P001590,W00618,3,243644.89,2023-09-07,V022
P001591,W00619,1,1064659.48,2025-03-01,V006
P001592,W00619,2,1064659.48,2025-05-15,V088
P001593,W00620,1,660674.36,2024-06-23,V064
P001594,W00620,2,495505.77,2024-08-31,V001
P001595,W00620,3,495505.77,2024-11-04,V020
P001596,W00621,1,433619.09,2024-08-28,V020
P001597,W00621,2,325214.32,2024-12-20,V024
P001598,W00621,3,325214.32,2025-02-26,V043
P001599,W00622,1,703703.15,2025-06-03,V051
P001600,W00622,2,703703.15,2025-09-09,V062
P001601,W00623,1,3037222.83,2024-10-12,V087
P001602,W00623,2,3037222.83,2025-04-02,V060
P001603,W00624,1,777218.47,2024-04-14,V044
P001604,W00624,2,777218.47,2024-05-26,V017
P001605,W00625,1,387401.04,2025-07-05,V087
P001606,W00625,2,387401.04,2025-08-22,V027
P001607,W00626,1,1169150.56,2026-02-01,V073
P001608,W00626,2,876862.92,2026-04-28,V090
P001609,W00626,3,876862.92,2026-06-09,V065
P001610,W00627,1,309180.57,2023-10-02,V088
P001611,W00627,2,309180.57,2023-11-26,V045
P001612,W00628,1,941726.44,2026-05-09,V042
P001613,W00628,2,706294.83,2026-07-01,V088
P001614,W00629,1,545685.44,2024-05-03,V057
P001615,W00629,2,409264.08,2024-06-21,V070
P001616,W00629,3,409264.08,2024-08-08,V053
P001617,W00630,1,480107.53,2025-09-22,V088
P001618,W00630,2,360080.65,2025-10-23,V018
P001619,W00630,3,360080.65,2025-11-23,V067
P001620,W00631,1,649697.01,2023-07-16,V014
P001621,W00631,2,487272.76,2023-08-17,V035
P001622,W00631,3,487272.76,2023-09-29,V070
P001623,W00632,1,615902.46,2024-05-28,V041
P001624,W00632,2,461926.84,2024-07-18,V087
P001625,W00632,3,461926.84,2024-09-17,V028
P001626,W00633,1,1082983.01,2024-09-12,V042
P001627,W00633,2,812237.26,2024-11-30,V013
P001628,W00633,3,812237.26,2025-03-07,V004
P001629,W00634,1,2952876.62,2026-01-23,V049
P001630,W00634,2,2214657.46,2026-03-24,V046
P001631,W00634,3,2214657.46,2026-06-30,V021
P001632,W00635,1,664006.09,2023-09-17,V014
P001633,W00635,2,664006.09,2023-11-26,V004
P001634,W00636,1,1921810.54,2025-07-08,V042
P001635,W00636,2,1441357.91,2025-08-06,V075
P001636,W00636,3,1441357.91,2025-09-03,V088
P001637,W00637,1,842578.03,2023-10-08,V010
P001638,W00637,2,842578.03,2024-02-09,V088
P001639,W00638,1,1785467.98,2024-01-28,V083
P001640,W00638,2,1785467.98,2024-05-18,V051
P001641,W00639,1,1029813.02,2025-04-30,V069
P001642,W00639,2,1029813.02,2025-06-25,V013
P001643,W00640,1,930176.68,2026-06-16,V079
P001644,W00640,2,697632.51,2026-08-22,V046
P001645,W00641,1,528114.42,2026-05-04,V022
P001646,W00641,2,396085.82,2026-05-26,V053
P001647,W00641,3,396085.82,2026-06-28,V081
P001648,W00642,1,911407.51,2025-03-06,V073
P001649,W00642,2,683555.63,2025-05-17,V025
P001650,W00642,3,683555.63,2025-07-01,V042
P001651,W00643,1,924913.18,2023-08-19,V068
P001652,W00643,2,693684.88,2023-11-17,V059
P001653,W00643,3,693684.88,2024-01-27,V058
P001654,W00644,1,213374.37,2023-09-20,V023
P001655,W00644,2,213374.37,2023-11-17,V071
P001656,W00645,1,605009.29,2025-10-05,V012
P001657,W00645,2,453756.97,2025-12-24,V051
P001658,W00645,3,453756.97,2026-02-04,V063
P001659,W00646,1,982428.68,2025-03-21,V024
P001660,W00646,2,982428.68,2025-06-15,V079
P001661,W00647,1,2915679.46,2026-02-04,V079
P001662,W00647,2,2915679.46,2026-06-18,V087
P001663,W00648,1,1059303.16,2025-04-01,V028
P001664,W00648,2,794477.37,2025-05-24,V066
P001665,W00648,3,794477.37,2025-07-03,V055
P001666,W00649,1,1104085.04,2024-08-31,V070
P001667,W00649,2,828063.78,2024-10-24,V034
P001668,W00649,3,828063.78,2024-12-08,V024
P001669,W00650,1,860198.19,2025-03-27,V042
P001670,W00650,2,860198.19,2025-06-18,V071
P001671,W00651,1,939466.81,2023-07-13,V027
P001672,W00651,2,939466.81,2023-08-28,V045
P001673,W00652,1,530063.08,2025-04-18,V024
P001674,W00652,2,530063.08,2025-06-13,V049
P001675,W00653,1,409445.03,2026-04-11,V035
P001676,W00653,2,307083.77,2026-05-19,V032
P001677,W00653,3,307083.77,2026-06-14,V075
P001678,W00654,1,584179.7,2025-12-20,V010
P001679,W00654,2,438134.77,2026-03-13,V032
P001680,W00654,3,438134.77,2026-04-28,V044
P001681,W00655,1,197242.84,2025-02-18,V088
P001682,W00655,2,147932.13,2025-03-28,V002
P001683,W00655,3,147932.13,2025-04-30,V074
P001684,W00656,1,596300.03,2025-05-07,V023
P001685,W00656,2,447225.02,2025-07-21,V019
P001686,W00656,3,447225.02,2025-10-10,V071
P001687,W00657,1,784454.24,2026-03-03,V067
P001688,W00657,2,588340.68,2026-05-11,V071
P001689,W00657,3,588340.68,2026-07-10,V023
P001690,W00658,1,677510.53,2024-11-10,V013
P001691,W00658,2,677510.53,2025-01-14,V019
P001692,W00659,1,629742.66,2023-11-08,V015
P001693,W00659,2,472307.0,2023-12-19,V088
P001694,W00659,3,472307.0,2024-01-15,V005
P001695,W00660,1,1799894.59,2024-09-10,V080
P001696,W00660,2,1349920.94,2024-11-01,V035
P001697,W00660,3,1349920.94,2025-01-07,V032
P001698,W00661,1,579756.49,2024-07-30,V053
P001699,W00661,2,434817.37,2024-09-29,V026
P001700,W00661,3,434817.37,2024-11-20,V087
P001701,W00662,1,602103.48,2024-07-02,V071
P001702,W00662,2,602103.48,2024-08-04,V058
P001703,W00663,1,330495.3,2026-06-02,V043
P001704,W00663,2,330495.3,2026-07-20,V034
P001705,W00664,1,1232678.88,2025-12-30,V044
P001706,W00664,2,1232678.88,2026-03-16,V061
P001707,W00665,1,616501.1,2023-08-06,V054
P001708,W00665,2,462375.83,2023-10-22,V029
P001709,W00665,3,462375.83,2023-12-04,V067
P001710,W00666,1,908878.45,2026-05-01,V025
P001711,W00666,2,908878.45,2026-08-12,V071
P001712,W00667,1,634413.41,2023-07-26,V089
P001713,W00667,2,634413.41,2023-09-05,V022
P001714,W00668,1,581424.81,2024-09-04,V038
P001715,W00668,2,581424.81,2024-10-17,V055
P001716,W00669,1,1563759.81,2025-05-20,V019
P001717,W00669,2,1172819.86,2025-09-02,V034
P001718,W00669,3,1172819.86,2025-11-01,V028
P001719,W00670,1,310897.12,2025-09-21,V004
P001720,W00670,2,310897.12,2025-12-02,V036
P001721,W00671,1,832682.99,2024-06-17,V087
P001722,W00671,2,624512.24,2024-07-21,V044
P001723,W00671,3,624512.24,2024-08-17,V061
P001724,W00672,1,716255.38,2025-09-01,V058
P001725,W00672,2,537191.54,2025-10-17,V013
P001726,W00672,3,537191.54,2025-12-29,V007
P001727,W00673,1,1155682.97,2024-09-07,V055
P001728,W00673,2,866762.23,2024-12-17,V029
P001729,W00673,3,866762.23,2025-03-05,V028
P001730,W00674,1,702006.42,2026-03-10,V037
P001731,W00674,2,526504.82,2026-04-07,V021
P001732,W00674,3,526504.82,2026-05-20,V071
P001733,W00675,1,818656.35,2024-05-04,V032
P001734,W00675,2,613992.26,2024-07-11,V034
P001735,W00675,3,613992.26,2024-09-15,V082
P001736,W00676,1,1574449.84,2026-01-22,V005
P001737,W00676,2,1180837.38,2026-04-01,V010
P001738,W00676,3,1180837.38,2026-06-28,V049
P001739,W00677,1,2128585.13,2026-05-12,V042
P001740,W00678,1,702926.84,2024-08-01,V056
P001741,W00678,2,527195.13,2024-09-19,V089
P001742,W00678,3,527195.13,2024-11-18,V018
P001743,W00679,1,858312.98,2026-07-18,V046
P001744,W00680,1,998820.4,2024-09-19,V015
P001745,W00680,2,749115.3,2024-11-14,V083
P001746,W00680,3,749115.3,2025-02-12,V033
P001747,W00681,1,430849.3,2025-01-23,V035
P001748,W00681,2,323136.97,2025-03-16,V055
P001749,W00681,3,323136.97,2025-04-16,V085
P001750,W00682,1,322947.93,2026-03-21,V003
P001751,W00682,2,242210.95,2026-04-19,V053
P001752,W00682,3,242210.95,2026-05-19,V078
P001753,W00683,1,2228566.03,2026-06-25,V078
P001754,W00684,1,628095.42,2024-03-08,V062
P001755,W00684,2,471071.56,2024-06-06,V015
P001756,W00684,3,471071.56,2024-07-12,V090
P001757,W00685,1,203688.47,2025-05-06,V010
P001758,W00685,2,152766.35,2025-06-02,V018
P001759,W00685,3,152766.35,2025-07-07,V045
P001760,W00686,1,1163869.26,2024-05-22,V019
P001761,W00686,2,872901.94,2024-08-29,V013
P001762,W00686,3,872901.94,2024-11-06,V061
P001763,W00687,1,357200.6,2024-09-11,V076
P001764,W00687,2,267900.45,2024-10-11,V045
P001765,W00687,3,267900.45,2024-11-13,V028
P001766,W00688,1,295307.28,2023-11-29,V052
P001767,W00688,2,221480.46,2023-12-27,V035
P001768,W00688,3,221480.46,2024-01-27,V041
P001769,W00689,1,1172241.58,2025-12-27,V071
P001770,W00689,2,879181.19,2026-02-14,V052
P001771,W00689,3,879181.19,2026-04-22,V078
P001772,W00690,1,345614.32,2024-01-13,V026
P001773,W00690,2,259210.74,2024-02-09,V077
P001774,W00690,3,259210.74,2024-03-12,V040
P001775,W00691,1,623640.38,2024-09-06,V022
P001776,W00691,2,467730.28,2024-11-20,V020
P001777,W00691,3,467730.28,2025-01-26,V011
P001778,W00692,1,209608.38,2023-10-25,V044
P001779,W00692,2,209608.38,2024-01-01,V062
P001780,W00693,1,814178.92,2024-12-01,V058
P001781,W00693,2,814178.92,2025-01-11,V020
P001782,W00694,1,1637794.69,2023-12-21,V048
P001783,W00694,2,1637794.69,2024-02-29,V081
P001784,W00695,1,220444.57,2024-08-02,V008
P001785,W00695,2,165333.43,2024-09-20,V063
P001786,W00695,3,165333.43,2024-12-06,V052
P001787,W00696,1,185476.77,2025-09-06,V082
P001788,W00696,2,139107.58,2025-10-22,V064
P001789,W00696,3,139107.58,2025-11-13,V065
P001790,W00697,1,1367384.62,2024-04-29,V089
P001791,W00697,2,1025538.47,2024-07-05,V068
P001792,W00697,3,1025538.47,2024-09-23,V067
P001793,W00698,1,3178708.78,2025-07-22,V087
P001794,W00698,2,2384031.59,2025-11-09,V049
P001795,W00698,3,2384031.59,2026-01-07,V021
P001796,W00699,1,469624.72,2023-08-29,V003
P001797,W00699,2,352218.54,2023-10-28,V088
P001798,W00699,3,352218.54,2023-12-13,V063
P001799,W00700,1,2045242.36,2024-03-25,V036
P001800,W00700,2,2045242.36,2024-05-25,V020
P001801,W00701,1,394095.11,2025-12-09,V050
P001802,W00701,2,295571.33,2026-01-07,V007
P001803,W00701,3,295571.33,2026-01-29,V058
P001804,W00702,1,953709.46,2026-01-15,V015
P001805,W00702,2,715282.09,2026-03-20,V008
P001806,W00702,3,715282.09,2026-04-28,V068
P001807,W00703,1,1257365.55,2023-09-19,V007
P001808,W00703,2,1257365.55,2023-12-16,V003
P001809,W00704,1,517782.58,2026-02-01,V022
P001810,W00704,2,388336.93,2026-03-05,V089
P001811,W00704,3,388336.93,2026-04-06,V049
P001812,W00705,1,608207.86,2023-10-13,V072
P001813,W00705,2,456155.89,2023-11-11,V073
P001814,W00705,3,456155.89,2023-12-18,V015
P001815,W00706,1,413218.41,2025-08-26,V061
P001816,W00706,2,413218.41,2025-12-08,V002
P001817,W00707,1,454043.31,2025-06-26,V077
P001818,W00707,2,340532.48,2025-07-20,V022
P001819,W00707,3,340532.48,2025-08-28,V029
P001820,W00708,1,3132431.02,2026-08-11,V085
P001821,W00709,1,807039.31,2024-01-18,V028
P001822,W00709,2,807039.31,2024-04-27,V090
P001823,W00710,1,894230.8,2025-05-16,V057
P001824,W00710,2,894230.8,2025-08-13,V087
P001825,W00711,1,653666.92,2025-12-10,V069
P001826,W00711,2,490250.19,2026-01-12,V002
P001827,W00711,3,490250.19,2026-02-07,V052
P001828,W00712,1,1223877.65,2024-02-11,V055
P001829,W00712,2,917908.24,2024-05-01,V082
P001830,W00712,3,917908.24,2024-07-08,V036
P001831,W00713,1,1211431.96,2024-03-21,V070
P001832,W00713,2,1211431.96,2024-06-27,V037
P001833,W00714,1,3505842.88,2025-04-09,V027
P001834,W00714,2,3505842.88,2025-08-06,V014
P001835,W00715,1,664739.23,2024-08-22,V001
P001836,W00715,2,664739.23,2024-11-29,V073
P001837,W00716,1,904142.56,2024-12-27,V021
P001838,W00716,2,904142.56,2025-04-30,V015
P001839,W00717,1,733611.19,2024-12-28,V029
P001840,W00717,2,733611.19,2025-05-05,V042
P001841,W00718,1,893922.15,2024-08-15,V023
P001842,W00718,2,893922.15,2024-10-07,V071
P001843,W00719,1,190914.13,2025-10-30,V065
P001844,W00719,2,143185.6,2025-12-23,V026
P001845,W00719,3,143185.6,2026-02-13,V062
P001846,W00720,1,1277528.8,2024-10-21,V071
P001847,W00720,2,958146.6,2024-12-17,V030
P001848,W00720,3,958146.6,2025-03-30,V088
P001849,W00721,1,669778.51,2025-08-22,V048
P001850,W00721,2,502333.88,2025-10-22,V020
P001851,W00721,3,502333.88,2025-12-05,V002
P001852,W00722,1,994832.31,2025-08-14,V043
P001853,W00722,2,994832.31,2025-10-19,V039
P001854,W00723,1,2575611.77,2025-07-04,V080
P001855,W00723,2,2575611.77,2025-11-19,V021
P001856,W00724,1,649303.68,2025-03-31,V011
P001857,W00724,2,486977.76,2025-06-25,V080
P001858,W00724,3,486977.76,2025-09-07,V045
P001859,W00725,1,361183.56,2024-07-14,V073
P001860,W00725,2,270887.67,2024-08-25,V065
P001861,W00725,3,270887.67,2024-11-10,V007
P001862,W00726,1,729043.88,2023-08-10,V033
P001863,W00726,2,729043.88,2023-09-18,V036
P001864,W00727,1,358644.18,2025-11-10,V004
P001865,W00727,2,268983.14,2025-12-26,V018
P001866,W00727,3,268983.14,2026-02-08,V030
P001867,W00728,1,1348245.05,2025-01-28,V075
P001868,W00728,2,1348245.05,2025-04-22,V064
P001869,W00729,1,776897.35,2023-08-30,V075
P001870,W00729,2,776897.35,2023-11-15,V013
P001871,W00730,1,1742522.35,2023-11-12,V052
P001872,W00730,2,1742522.35,2024-04-02,V068
P001873,W00731,1,1666380.82,2024-01-12,V033
P001874,W00731,2,1249785.61,2024-04-18,V026
P001875,W00731,3,1249785.61,2024-06-24,V054
P001876,W00732,1,876559.57,2023-12-22,V006
P001877,W00732,2,657419.68,2024-02-11,V026
P001878,W00732,3,657419.68,2024-04-13,V069
P001879,W00733,1,294884.35,2026-01-14,V003
P001880,W00733,2,221163.26,2026-02-20,V078
P001881,W00733,3,221163.26,2026-03-26,V058
P001882,W00734,1,662601.93,2023-12-21,V009
P001883,W00734,2,496951.45,2024-02-24,V046
P001884,W00734,3,496951.45,2024-03-24,V082
P001885,W00735,1,434539.6,2023-10-01,V008
P001886,W00735,2,325904.7,2023-11-08,V089
P001887,W00735,3,325904.7,2023-12-31,V026
P001888,W00736,1,598891.35,2026-06-11,V046
P001889,W00736,2,449168.51,2026-08-26,V044
P001890,W00737,1,570476.25,2024-06-26,V059
P001891,W00737,2,570476.25,2024-08-05,V034
P001892,W00738,1,633579.08,2024-07-28,V081
P001893,W00738,2,475184.31,2024-08-30,V086
P001894,W00738,3,475184.31,2024-10-01,V061
P001895,W00739,1,678544.92,2026-05-31,V039
P001896,W00739,2,508908.69,2026-08-26,V064
P001897,W00740,1,1689255.84,2026-03-24,V072
P001898,W00740,2,1266941.88,2026-04-16,V075
P001899,W00740,3,1266941.88,2026-05-24,V049
P001900,W00741,1,1565946.43,2025-03-01,V025
P001901,W00741,2,1174459.82,2025-04-18,V025
P001902,W00741,3,1174459.82,2025-07-09,V042
P001903,W00742,1,1792188.75,2024-03-11,V076
P001904,W00742,2,1792188.75,2024-06-11,V090
P001905,W00743,1,829355.45,2026-05-11,V021
P001906,W00743,2,622016.59,2026-07-07,V008
P001907,W00743,3,622016.59,2026-08-29,V010
P001908,W00744,1,587808.32,2025-08-25,V043
P001909,W00744,2,440856.24,2025-09-30,V001
P001910,W00744,3,440856.24,2025-12-02,V016
P001911,W00745,1,2146113.19,2024-12-29,V029
P001912,W00745,2,2146113.19,2025-02-28,V071
P001913,W00746,1,1371812.58,2023-08-11,V041
P001914,W00746,2,1028859.43,2023-10-22,V018
P001915,W00746,3,1028859.43,2023-11-30,V037
P001916,W00747,1,693832.54,2026-05-28,V076
P001917,W00748,1,1613490.92,2025-09-19,V031
P001918,W00748,2,1210118.19,2025-11-29,V001
P001919,W00748,3,1210118.19,2026-03-03,V058
P001920,W00749,1,594461.23,2023-10-29,V021
P001921,W00749,2,594461.23,2023-12-31,V021
P001922,W00750,1,2025986.25,2026-02-05,V001
P001923,W00750,2,2025986.25,2026-04-25,V028
P001924,W00751,1,475129.87,2023-07-17,V007
P001925,W00751,2,356347.4,2023-10-01,V080
P001926,W00751,3,356347.4,2023-12-17,V043
P001927,W00752,1,1341403.54,2025-04-05,V043
P001928,W00752,2,1006052.66,2025-06-29,V053
P001929,W00752,3,1006052.66,2025-09-09,V054
P001930,W00753,1,1201467.8,2026-06-11,V027
P001931,W00753,2,1201467.8,2026-08-21,V002
P001932,W00754,1,2359682.73,2023-09-12,V051
P001933,W00754,2,1769762.05,2023-11-08,V017
P001934,W00754,3,1769762.05,2024-02-10,V066
P001935,W00755,1,770817.34,2025-04-03,V015
P001936,W00755,2,578113.01,2025-06-09,V048
P001937,W00755,3,578113.01,2025-07-15,V078
P001938,W00756,1,290218.42,2024-03-08,V027
P001939,W00756,2,217663.82,2024-04-10,V090
P001940,W00756,3,217663.82,2024-06-07,V078
P001941,W00757,1,1175954.59,2025-09-27,V017
P001942,W00757,2,1175954.59,2025-12-08,V003
P001943,W00758,1,666474.32,2024-10-01,V019
P001944,W00758,2,666474.32,2024-12-14,V035
P001945,W00759,1,1186997.24,2025-08-04,V038
P001946,W00759,2,890247.93,2025-09-25,V070
P001947,W00759,3,890247.93,2026-01-05,V076
P001948,W00760,1,1408726.48,2024-06-19,V026
P001949,W00760,2,1056544.86,2024-08-14,V082
P001950,W00760,3,1056544.86,2024-11-21,V050
P001951,W00761,1,1556130.63,2026-05-30,V082
P001952,W00761,2,1167097.97,2026-08-29,V065
P001953,W00762,1,647970.12,2023-11-20,V072
P001954,W00762,2,647970.12,2024-01-26,V008
P001955,W00763,1,700013.19,2024-04-21,V048
P001956,W00763,2,700013.19,2024-08-05,V077
P001957,W00764,1,1196471.43,2024-07-24,V037
P001958,W00764,2,897353.57,2024-09-21,V059
P001959,W00764,3,897353.57,2024-11-11,V072
P001960,W00765,1,724632.49,2026-01-05,V053
P001961,W00765,2,543474.37,2026-03-05,V066
P001962,W00765,3,543474.37,2026-05-28,V031
P001963,W00766,1,761753.11,2026-06-14,V005
P001964,W00766,2,571314.83,2026-08-15,V086
P001965,W00767,1,664929.65,2026-01-19,V038
P001966,W00767,2,664929.65,2026-03-05,V044
P001967,W00768,1,699710.16,2024-10-09,V078
P001968,W00768,2,524782.62,2024-11-24,V011
P001969,W00768,3,524782.62,2025-02-12,V027
P001970,W00769,1,416979.25,2024-10-03,V025
P001971,W00769,2,312734.44,2024-11-10,V071
P001972,W00769,3,312734.44,2024-12-10,V023
P001973,W00770,1,2225607.29,2024-02-08,V065
P001974,W00770,2,2225607.29,2024-06-28,V025
P001975,W00771,1,406014.91,2026-05-01,V071
P001976,W00771,2,406014.91,2026-07-09,V004
P001977,W00772,1,632023.1,2025-10-20,V010
P001978,W00772,2,632023.1,2025-11-23,V064
P001979,W00773,1,2964691.79,2024-03-15,V065
P001981,W00773,3,2223518.84,2024-08-18,V005
P001982,W00774,1,3326539.82,2023-10-06,V009
P001983,W00774,2,2494904.86,2024-01-07,V031
P001984,W00774,3,2494904.86,2024-03-22,V082
P001985,W00775,1,1572848.14,2025-03-03,V053
P001986,W00775,2,1572848.14,2025-06-26,V057
P001987,W00776,1,688603.97,2024-10-20,V015
P001988,W00776,2,516452.98,2024-11-23,V060
P001989,W00776,3,516452.98,2025-02-02,V055
P001990,W00777,1,663851.22,2025-01-02,V034
P001991,W00777,2,663851.22,2025-02-16,V038
P001992,W00778,1,758163.33,2023-10-17,V030
P001993,W00778,2,568622.5,2023-12-23,V053
P001994,W00778,3,568622.5,2024-02-09,V078
P001995,W00779,1,704227.88,2024-01-21,V027
P001996,W00779,2,528170.91,2024-04-11,V066
P001997,W00779,3,528170.91,2024-05-23,V005
P001998,W00780,1,898836.43,2024-04-21,V008
P001999,W00780,2,898836.43,2024-05-31,V008
P002000,W00781,1,761566.71,2023-11-27,V010
P002001,W00781,2,571175.03,2024-01-02,V069
P002002,W00781,3,571175.03,2024-02-24,V066
P002003,W00782,1,990428.17,2026-04-08,V062
P002004,W00782,2,990428.17,2026-08-07,V072
P002005,W00783,1,1974588.86,2024-07-24,V008
P002006,W00783,2,1480941.65,2024-10-13,V032
P002007,W00783,3,1480941.65,2025-02-21,V018
P002008,W00784,1,3578766.86,2025-01-15,V013
P002009,W00784,2,2684075.14,2025-04-24,V033
P002010,W00784,3,2684075.14,2025-07-09,V011
P002011,W00785,1,827917.32,2025-12-12,V054
P002012,W00785,2,620937.99,2026-01-31,V087
P002013,W00785,3,620937.99,2026-03-30,V011
P002014,W00786,1,485919.48,2023-08-06,V027
P002015,W00786,2,485919.48,2023-09-15,V035
P002016,W00787,1,559924.36,2025-02-07,V020
P002017,W00787,2,559924.36,2025-04-15,V036
P002018,W00788,1,636577.73,2024-01-01,V015
P002019,W00788,2,477433.3,2024-03-24,V049
P002020,W00788,3,477433.3,2024-06-11,V016
P002021,W00789,1,614059.44,2024-04-04,V036
P002022,W00789,2,460544.58,2024-06-02,V007
P002023,W00789,3,460544.58,2024-07-14,V071
P002024,W00790,1,1089076.01,2026-08-16,V044
P002025,W00791,1,3490322.0,2026-03-26,V031
P002026,W00791,2,3490322.0,2026-09-03,V055
P002027,W00792,1,380770.66,2025-08-08,V017
P002028,W00792,2,285578.0,2025-09-07,V073
P002029,W00792,3,285578.0,2025-10-03,V050
P002030,W00793,1,351480.82,2025-10-06,V066
P002031,W00793,2,351480.82,2025-11-22,V014
P002032,W00794,1,1672662.02,2026-06-13,V001
P002033,W00795,1,666857.04,2026-02-14,V018
P002034,W00795,2,666857.04,2026-03-17,V014
P002035,W00796,1,511893.4,2023-06-03,V064
P002036,W00796,2,383920.05,2023-06-25,V009
P002037,W00796,3,383920.05,2023-08-07,V001
P002038,W00797,1,619144.9,2026-05-13,V074
P002039,W00797,2,464358.67,2026-07-06,V031
P002040,W00797,3,464358.67,2026-08-10,V078
P002041,W00798,1,976880.8,2025-06-04,V050
P002042,W00798,2,732660.6,2025-08-09,V089
P002043,W00798,3,732660.6,2025-10-14,V038
P002044,W00799,1,1323489.58,2024-03-19,V010
P002045,W00799,2,992617.19,2024-05-21,V060
P002046,W00799,3,992617.19,2024-06-23,V055
P002047,W00800,1,394622.34,2025-03-15,V089
P002048,W00800,2,295966.76,2025-04-27,V056
P002049,W00800,3,295966.76,2025-06-16,V070
P002050,W00801,1,519061.82,2024-05-21,V071
P002051,W00801,2,389296.36,2024-06-25,V062
P002052,W00801,3,389296.36,2024-08-17,V045
P002053,W00802,1,616676.75,2023-12-24,V053
P002054,W00802,2,462507.56,2024-03-03,V052
P002055,W00802,3,462507.56,2024-04-28,V056
P002056,W00803,1,900443.31,2023-08-25,V023
P002057,W00803,2,900443.31,2023-12-06,V078
P002058,W00804,1,691487.43,2024-11-12,V071
P002059,W00804,2,518615.57,2024-12-05,V071
P002060,W00804,3,518615.57,2024-12-29,V023
P002061,W00805,1,933748.76,2023-07-08,V060
P002062,W00805,2,700311.57,2023-08-10,V004
P002063,W00805,3,700311.57,2023-09-07,V089
P002064,W00806,1,360955.99,2025-07-17,V031
P002065,W00806,2,360955.99,2025-09-09,V054
P002066,W00807,1,2284139.99,2024-01-29,V050
P002067,W00807,2,1713104.99,2024-04-28,V065
P002068,W00807,3,1713104.99,2024-07-12,V022
P002069,W00808,1,869043.9,2024-05-12,V076
P002070,W00808,2,651782.92,2024-07-14,V076
P002071,W00808,3,651782.92,2024-09-19,V052
P002072,W00809,1,546520.22,2023-11-05,V004
P002073,W00809,2,546520.22,2023-12-27,V063
P002074,W00810,1,896692.61,2024-12-22,V009
P002075,W00810,2,672519.46,2025-02-04,V030
P002076,W00810,3,672519.46,2025-03-22,V042
P002077,W00811,1,2088806.67,2025-03-26,V041
P002078,W00811,2,1566605.0,2025-07-14,V021
P002079,W00811,3,1566605.0,2025-10-01,V034
P002080,W00812,1,1147365.89,2026-03-05,V074
P002081,W00812,2,860524.42,2026-05-27,V080
P002082,W00812,3,860524.42,2026-08-21,V064
P002083,W00813,1,1143410.24,2024-10-04,V085
P002084,W00813,2,857557.68,2024-11-18,V028
P002085,W00813,3,857557.68,2025-01-30,V001
P002086,W00814,1,699764.8,2026-01-01,V083
P002087,W00814,2,524823.6,2026-03-21,V034
P002088,W00814,3,524823.6,2026-05-10,V018
P002089,W00815,1,836904.62,2023-08-16,V066
P002090,W00815,2,836904.62,2023-09-22,V034
P002091,W00816,1,1068597.77,2024-03-09,V054
P002092,W00816,2,801448.33,2024-04-27,V088
P002093,W00816,3,801448.33,2024-06-19,V077
P002094,W00817,1,729427.06,2025-04-28,V010
P002095,W00817,2,729427.06,2025-08-03,V017
P002096,W00818,1,1443014.78,2023-09-01,V080
P002097,W00818,2,1082261.08,2023-11-09,V003
P002098,W00818,3,1082261.08,2024-01-09,V002
P002099,W00819,1,913166.02,2024-02-27,V038
P002100,W00819,2,684874.51,2024-04-03,V061
P002101,W00819,3,684874.51,2024-06-08,V011
P002102,W00820,1,3273320.89,2025-10-17,V020
P002103,W00820,2,2454990.67,2025-12-19,V019
P002104,W00820,3,2454990.67,2026-03-24,V014
P002105,W00821,1,571100.88,2025-06-17,V058
P002106,W00821,2,428325.66,2025-08-16,V032
P002107,W00821,3,428325.66,2025-10-28,V061
P002108,W00822,1,604079.21,2024-02-09,V076
P002109,W00822,2,453059.41,2024-04-11,V029
P002110,W00822,3,453059.41,2024-07-24,V036
P002111,W00823,1,586719.82,2025-03-29,V002
P002112,W00823,2,586719.82,2025-06-01,V088
P002113,W00824,1,1058835.42,2024-10-13,V026
P002114,W00824,2,1058835.42,2025-01-09,V056
P002115,W00825,1,753119.86,2024-01-05,V076
P002116,W00825,2,564839.89,2024-03-04,V063
P002117,W00825,3,564839.89,2024-06-08,V072
P002118,W00826,1,692895.23,2023-10-11,V075
P002119,W00826,2,519671.42,2024-01-02,V063
P002120,W00826,3,519671.42,2024-03-27,V028
P002121,W00827,1,249529.53,2023-12-06,V024
P002122,W00827,2,187147.15,2024-01-20,V023
P002123,W00827,3,187147.15,2024-03-02,V063
P002124,W00828,1,808043.41,2024-05-26,V067
P002125,W00828,2,808043.41,2024-09-25,V033
P002126,W00829,1,456987.11,2024-04-07,V089
P002127,W00829,2,456987.11,2024-06-14,V089
P002128,W00830,1,275572.56,2025-04-15,V087
P002129,W00830,2,206679.42,2025-05-21,V011
P002130,W00830,3,206679.42,2025-06-30,V029
P002131,W00831,1,445256.89,2024-05-20,V071
P002132,W00831,2,445256.89,2024-09-03,V064
P002133,W00832,1,1125740.75,2025-02-07,V045
P002134,W00832,2,844305.56,2025-05-22,V052
P002135,W00832,3,844305.56,2025-08-21,V046
P002136,W00833,1,1264161.69,2025-06-19,V062
P002137,W00833,2,948121.27,2025-09-25,V028
P002138,W00833,3,948121.27,2025-11-10,V008
P002139,W00834,1,372974.59,2026-02-11,V063
P002140,W00834,2,372974.59,2026-04-22,V059
P002141,W00835,1,520494.12,2026-06-22,V054
P002142,W00835,2,390370.59,2026-09-03,V032
P002143,W00836,1,314035.2,2023-12-05,V080
P002144,W00836,2,235526.4,2024-01-14,V069
P002145,W00836,3,235526.4,2024-02-18,V058
P002146,W00837,1,479453.13,2025-02-01,V079
P002147,W00837,2,359589.85,2025-05-14,V037
P002148,W00837,3,359589.85,2025-08-24,V020
P002149,W00838,1,1848912.97,2024-12-14,V044
P002150,W00838,2,1848912.97,2025-05-07,V080
P002151,W00839,1,773026.04,2026-03-18,V034
P002152,W00839,2,579769.53,2026-05-18,V027
P002153,W00839,3,579769.53,2026-07-26,V057
P002154,W00840,1,996160.66,2023-09-29,V030
P002155,W00840,2,747120.49,2023-12-05,V074
P002156,W00840,3,747120.49,2024-03-08,V065
P002157,W00841,1,1513033.45,2023-08-27,V069
P002158,W00841,2,1513033.45,2023-12-07,V050
P002159,W00842,1,671922.03,2024-07-28,V048
P002160,W00842,2,503941.52,2024-10-04,V064
P002161,W00842,3,503941.52,2024-11-25,V089
P002162,W00843,1,614492.48,2024-05-12,V081
P002163,W00843,2,614492.48,2024-09-04,V032
P002164,W00844,1,988987.06,2024-07-21,V013
P002165,W00844,2,988987.06,2024-08-30,V005
P002166,W00845,1,369162.43,2025-03-01,V090
P002167,W00845,2,276871.82,2025-06-18,V065
P002168,W00845,3,276871.82,2025-09-06,V075
P002169,W00846,1,356842.2,2025-03-10,V080
P002170,W00846,2,267631.65,2025-04-26,V052
P002171,W00846,3,267631.65,2025-05-29,V022
P002172,W00847,1,423605.33,2024-05-27,V058
P002173,W00847,2,317704.0,2024-06-27,V076
P002174,W00847,3,317704.0,2024-07-29,V021
P002175,W00848,1,767780.56,2026-07-29,V054
P002176,W00849,1,642004.7,2026-05-21,V002
P002177,W00849,2,481503.52,2026-07-19,V010
P002178,W00850,1,682981.75,2025-12-20,V052
P002179,W00850,2,512236.31,2026-02-11,V019
P002180,W00850,3,512236.31,2026-04-28,V041
P002181,W00851,1,439865.44,2025-07-31,V047
P002182,W00851,2,329899.08,2025-10-02,V078
P002183,W00851,3,329899.08,2025-12-06,V051
P002184,W00852,1,391595.38,2024-10-16,V050
P002185,W00852,2,391595.38,2024-12-13,V083
P002186,W00853,1,495846.61,2025-08-29,V077
P002187,W00853,2,371884.96,2025-10-16,V003
P002188,W00853,3,371884.96,2025-12-14,V029
P002189,W00854,1,3338065.95,2025-02-23,V067
P002190,W00854,2,3338065.95,2025-06-13,V074
P002191,W00855,1,1330186.47,2025-04-14,V003
P002192,W00855,2,997639.85,2025-05-24,V059
P002193,W00855,3,997639.85,2025-06-29,V042
P002194,W00856,1,452412.61,2024-11-16,V003
P002195,W00856,2,339309.46,2025-02-08,V022
P002196,W00856,3,339309.46,2025-04-15,V034
P002197,W00857,1,1317821.93,2024-04-17,V043
P002198,W00857,2,1317821.93,2024-06-18,V074
P002199,W00858,1,173073.71,2026-01-21,V077
P002200,W00858,2,129805.28,2026-02-27,V077
P002201,W00858,3,129805.28,2026-04-06,V026
P002202,W00859,1,380894.03,2024-09-05,V027
P002203,W00859,2,285670.52,2024-10-30,V080
P002204,W00859,3,285670.52,2024-12-28,V040
P002205,W00860,1,2054518.3,2024-07-23,V078
P002206,W00860,2,1540888.73,2024-09-30,V015
P002207,W00860,3,1540888.73,2024-12-12,V019
P002208,W00861,1,1442599.76,2024-10-11,V090
P002209,W00861,2,1081949.82,2025-01-06,V008
P002210,W00861,3,1081949.82,2025-03-29,V046
P002211,W00862,1,830230.18,2025-06-25,V057
P002212,W00862,2,622672.63,2025-07-27,V080
P002213,W00862,3,622672.63,2025-08-28,V015
P002214,W00863,1,2967668.19,2025-01-18,V069
P002215,W00863,2,2967668.19,2025-06-12,V040
P002216,W00864,1,2528970.48,2024-04-16,V038
P002217,W00864,2,2528970.48,2024-09-07,V001
P002218,W00865,1,1048154.83,2023-12-17,V008
P002219,W00865,2,1048154.83,2024-05-21,V090
P002220,W00866,1,1554757.8,2025-04-01,V030
P002221,W00866,2,1166068.35,2025-06-25,V037
P002222,W00866,3,1166068.35,2025-08-10,V037
P002223,W00867,1,427515.88,2024-10-19,V072
P002224,W00867,2,320636.91,2024-12-08,V035
P002225,W00867,3,320636.91,2025-01-21,V059
P002226,W00868,1,1136375.58,2025-01-26,V057
P002227,W00868,2,1136375.58,2025-04-13,V059
P002228,W00869,1,785151.56,2025-07-05,V046
P002229,W00869,2,588863.67,2025-09-26,V074
P002230,W00869,3,588863.67,2025-11-06,V060
P002231,W00870,1,1282514.4,2024-06-28,V004
P002232,W00870,2,961885.8,2024-10-10,V002
P002233,W00870,3,961885.8,2024-11-21,V001
P002234,W00871,1,469248.22,2023-09-07,V021
P002235,W00871,2,469248.22,2023-10-25,V053
P002236,W00872,1,2785545.66,2024-06-07,V070
P002237,W00872,2,2089159.24,2024-08-13,V021
P002238,W00872,3,2089159.24,2024-12-21,V011
P002239,W00873,1,528341.46,2024-01-22,V023
P002240,W00873,2,396256.09,2024-02-29,V027
P002241,W00873,3,396256.09,2024-04-19,V055
P002242,W00874,1,857912.16,2024-03-22,V041
P002243,W00874,2,643434.12,2024-05-22,V040
P002244,W00874,3,643434.12,2024-07-21,V087
P002245,W00875,1,749541.06,2023-07-02,V086
P002246,W00875,2,562155.8,2023-07-22,V086
P002247,W00875,3,562155.8,2023-08-25,V077
P002248,W00876,1,588217.19,2024-08-05,V089
P002249,W00876,2,441162.89,2024-09-09,V081
P002250,W00876,3,441162.89,2024-10-05,V062
P002251,W00877,1,1081502.62,2025-01-11,V028
P002252,W00877,2,1081502.62,2025-02-18,V037
P002253,W00878,1,698409.17,2025-08-13,V042
P002254,W00878,2,523806.88,2025-10-25,V053
P002255,W00878,3,523806.88,2025-12-02,V038
P002256,W00879,1,566571.18,2024-01-22,V063
P002257,W00879,2,424928.39,2024-04-16,V059
P002258,W00879,3,424928.39,2024-06-22,V075
P002259,W00880,1,951948.02,2024-08-03,V049
P002260,W00880,2,713961.01,2024-10-12,V075
P002261,W00880,3,713961.01,2024-12-12,V017
P002262,W00881,1,499308.96,2026-02-13,V032
P002263,W00881,2,374481.72,2026-04-11,V012
P002264,W00881,3,374481.72,2026-06-18,V037
P002265,W00882,1,1322186.92,2025-11-12,V024
P002266,W00882,2,991640.19,2026-01-21,V071
P002267,W00882,3,991640.19,2026-05-09,V031
P002268,W00883,1,634736.65,2024-08-17,V074
P002269,W00883,2,476052.49,2024-11-04,V083
P002270,W00883,3,476052.49,2024-12-26,V036
P002271,W00884,1,793820.27,2026-05-21,V009
P002272,W00884,2,595365.2,2026-07-19,V062
P002273,W00885,1,1424569.17,2024-03-02,V088
P002274,W00885,2,1068426.88,2024-04-29,V073
P002275,W00885,3,1068426.88,2024-08-19,V078
P002276,W00886,1,1603402.75,2024-11-11,V015
P002277,W00886,2,1202552.06,2025-01-14,V020
P002278,W00886,3,1202552.06,2025-03-16,V082
P002279,W00887,1,257474.76,2026-05-26,V014
P002280,W00887,2,257474.76,2026-08-04,V040
P002281,W00888,1,985227.03,2026-07-09,V051
P002282,W00889,1,563634.37,2024-10-01,V011
P002283,W00889,2,422725.78,2024-11-02,V074
P002284,W00889,3,422725.78,2025-01-09,V076
P002285,W00890,1,635193.55,2023-09-30,V017
P002286,W00890,2,476395.16,2023-12-13,V048
P002287,W00890,3,476395.16,2024-03-29,V084
P002288,W00891,1,928807.61,2025-06-12,V075
P002289,W00891,2,928807.61,2025-09-25,V074
P002290,W00892,1,581679.04,2025-05-04,V067
P002291,W00892,2,581679.04,2025-08-07,V088
P002292,W00893,1,1605684.01,2023-07-30,V009
P002293,W00893,2,1204263.01,2023-10-08,V028
P002294,W00893,3,1204263.01,2024-01-15,V061
P002295,W00894,1,980651.94,2025-01-31,V040
P002296,W00894,2,980651.94,2025-05-21,V058
P002297,W00895,1,997944.81,2023-12-22,V063
P002298,W00895,2,748458.61,2024-02-29,V058
P002299,W00895,3,748458.61,2024-04-14,V071
P002300,W00896,1,1717010.73,2024-11-02,V053
P002301,W00896,2,1287758.05,2025-01-26,V029
P002302,W00896,3,1287758.05,2025-04-10,V085
P002303,W00897,1,1446469.94,2025-10-06,V060
P002304,W00897,2,1446469.94,2026-01-16,V028
P002305,W00898,1,1100657.28,2023-08-15,V073
P002306,W00898,2,1100657.28,2023-11-17,V060
P002307,W00899,1,823719.63,2024-04-19,V045
P002308,W00899,2,823719.63,2024-07-04,V050
P002309,W00900,1,586461.15,2024-06-05,V080
P002310,W00900,2,439845.86,2024-07-08,V062
P002311,W00900,3,439845.86,2024-08-15,V089
P002312,W00901,1,256484.58,2026-01-23,V021
P002313,W00901,2,192363.44,2026-02-24,V055
P002314,W00901,3,192363.44,2026-04-14,V008
P002315,W00902,1,2688176.84,2024-12-19,V030
P002316,W00902,2,2688176.84,2025-05-27,V071
P002317,W00903,1,2103738.88,2024-02-05,V022
P002318,W00903,2,2103738.88,2024-06-09,V061
P002319,W00904,1,6008403.45,2024-04-01,V089
P002320,W00904,2,4506302.59,2024-07-13,V033
P002321,W00904,3,4506302.59,2024-09-10,V003
P002322,W00905,1,550012.58,2025-12-20,V013
P002323,W00905,2,412509.43,2026-02-28,V018
P002324,W00905,3,412509.43,2026-05-07,V012
P002325,W00906,1,3799879.82,2023-11-09,V061
P002326,W00906,2,3799879.82,2024-03-13,V008
P002327,W00907,1,1523046.86,2024-08-20,V066
P002328,W00907,2,1142285.14,2024-11-10,V013
P002329,W00907,3,1142285.14,2024-12-20,V027
P002330,W00908,1,604102.13,2025-10-13,V037
P002331,W00908,2,453076.6,2026-01-05,V065
P002332,W00908,3,453076.6,2026-03-10,V012
P002333,W00909,1,286634.98,2025-05-12,V016
P002334,W00909,2,214976.24,2025-06-29,V065
P002335,W00909,3,214976.24,2025-08-01,V052
P002336,W00910,1,952655.0,2024-11-25,V020
P002337,W00910,2,714491.25,2025-01-20,V053
P002338,W00910,3,714491.25,2025-03-16,V040
P002339,W00911,1,1046176.37,2024-05-24,V021
P002340,W00911,2,1046176.37,2024-09-09,V049
P002341,W00912,1,1313620.97,2025-08-17,V003
P002342,W00912,2,1313620.97,2025-11-13,V022
P002343,W00913,1,1683447.0,2025-07-20,V043
P002345,W00914,1,1150690.36,2026-02-11,V016
P002346,W00914,2,863017.77,2026-05-12,V081
P002347,W00914,3,863017.77,2026-07-31,V069
P002348,W00915,1,665277.98,2025-04-15,V010
P002349,W00915,2,498958.48,2025-06-14,V011
P002350,W00915,3,498958.48,2025-08-10,V013
P002351,W00916,1,545946.69,2026-03-29,V006
P002352,W00916,2,545946.69,2026-05-28,V081
P002353,W00917,1,2677993.59,2025-04-10,V018
P002354,W00917,2,2677993.59,2025-09-02,V054
P002355,W00918,1,802882.05,2023-08-01,V013
P002356,W00918,2,802882.05,2023-11-14,V032
P002357,W00919,1,1400346.71,2025-04-29,V004
P002358,W00919,2,1050260.03,2025-07-11,V083
P002359,W00919,3,1050260.03,2025-10-27,V050
P002360,W00920,1,852295.34,2025-12-10,V075
P002361,W00920,2,639221.51,2026-03-12,V051
P002362,W00920,3,639221.51,2026-06-04,V064
P002363,W00921,1,1684436.39,2025-08-01,V089
P002364,W00921,2,1263327.29,2025-09-29,V064
P002365,W00921,3,1263327.29,2026-01-30,V052
P002366,W00922,1,2196047.1,2026-03-29,V059
P002367,W00922,2,1647035.32,2026-06-15,V018
P002368,W00923,1,549140.92,2024-06-09,V061
P002369,W00923,2,411855.69,2024-07-15,V030
P002370,W00923,3,411855.69,2024-09-08,V016
P002371,W00924,1,269176.98,2026-02-21,V037
P002372,W00924,2,269176.98,2026-04-22,V060
P002373,W00925,1,886007.7,2024-02-22,V065
P002374,W00925,2,664505.78,2024-04-17,V005
P002375,W00925,3,664505.78,2024-07-18,V005
P002376,W00926,1,496046.14,2023-08-11,V045
P002377,W00926,2,372034.61,2023-09-25,V071
P002378,W00926,3,372034.61,2023-11-13,V017
P002379,W00927,1,502117.66,2024-03-09,V043
P002380,W00927,2,502117.66,2024-05-12,V055
P002381,W00928,1,737109.1,2025-12-04,V064
P002382,W00928,2,552831.83,2026-01-28,V027
P002383,W00928,3,552831.83,2026-03-11,V024
P002384,W00929,1,1140581.34,2025-03-17,V032
P002385,W00929,2,1140581.34,2025-07-10,V004
P002386,W00930,1,1481903.5,2024-07-12,V073
P002387,W00930,2,1111427.62,2024-09-18,V025
P002388,W00930,3,1111427.62,2024-12-02,V025
P002389,W00931,1,810675.34,2025-02-06,V046
P002390,W00931,2,608006.51,2025-03-31,V028
P002391,W00931,3,608006.51,2025-05-30,V032
P002392,W00932,1,623529.39,2024-10-23,V085
P002393,W00932,2,467647.04,2024-12-13,V044
P002394,W00932,3,467647.04,2025-01-29,V057
P002395,W00933,1,528325.28,2024-04-06,V028
P002396,W00933,2,396243.96,2024-06-02,V055
P002397,W00933,3,396243.96,2024-07-01,V004
P002398,W00934,1,1778638.75,2025-07-06,V090
P002399,W00934,2,1778638.75,2025-10-03,V020
P002400,W00935,1,1871588.16,2024-02-28,V041
P002401,W00935,2,1871588.16,2024-06-28,V053
P002402,W00936,1,784812.21,2024-03-17,V083
P002403,W00936,2,784812.21,2024-07-10,V080
P002404,W00937,1,268579.31,2024-11-09,V086
P002405,W00937,2,268579.31,2024-12-24,V007
P002406,W00938,1,821381.5,2024-05-10,V078
P002407,W00938,2,616036.12,2024-07-25,V040
P002408,W00938,3,616036.12,2024-10-15,V008
P002409,W00939,1,922372.68,2025-08-02,V064
P002410,W00939,2,691779.51,2025-09-10,V044
P002411,W00939,3,691779.51,2025-10-16,V061
P002412,W00940,1,1712206.06,2025-04-03,V077
P002413,W00940,2,1712206.06,2025-08-06,V018
P002414,W00941,1,658579.43,2025-06-10,V074
P002415,W00941,2,493934.57,2025-08-29,V036
P002416,W00941,3,493934.57,2025-11-12,V023
P002417,W00942,1,1598255.28,2025-11-18,V074
P002418,W00942,2,1598255.28,2026-01-30,V042
P002419,W00943,1,641268.33,2023-06-27,V001
P002420,W00943,2,480951.25,2023-08-23,V058
P002421,W00943,3,480951.25,2023-11-25,V024
P002422,W00944,1,666820.59,2023-12-23,V029
P002423,W00944,2,500115.44,2024-02-17,V028
P002424,W00944,3,500115.44,2024-05-09,V041
P002425,W00945,1,361017.57,2024-10-29,V029
P002426,W00945,2,361017.57,2025-01-02,V072
P002427,W00946,1,1789083.53,2026-05-15,V060
P002428,W00947,1,2116204.5,2024-07-27,V054
P002429,W00947,2,1587153.38,2024-11-19,V029
P002430,W00947,3,1587153.38,2025-02-03,V018
P002431,W00948,1,489785.29,2026-02-16,V071
P002432,W00948,2,367338.97,2026-03-18,V073
P002433,W00948,3,367338.97,2026-04-19,V073
P002434,W00949,1,1503666.68,2025-07-15,V041
P002435,W00949,2,1503666.68,2025-11-10,V058
P002436,W00950,1,1037782.68,2024-01-16,V042
P002437,W00950,2,1037782.68,2024-05-03,V003
P002438,W00951,1,1826076.07,2025-07-17,V086
P002439,W00951,2,1826076.07,2025-10-10,V038
P002440,W00952,1,1721685.85,2025-02-07,V005
P002441,W00952,2,1721685.85,2025-06-15,V064
P002443,W00953,2,2394807.46,2025-12-21,V052
P002444,W00953,3,2394807.46,2026-02-26,V035
P002445,W00954,1,2595109.73,2024-10-03,V081
P002446,W00954,2,2595109.73,2025-03-09,V021
P002447,W00955,1,691359.94,2024-03-23,V002
P002448,W00955,2,691359.94,2024-06-12,V025
P002449,W00956,1,4370400.88,2026-02-03,V057
P002450,W00956,2,4370400.88,2026-06-12,V039
P002451,W00957,1,1923518.88,2023-08-05,V027
P002452,W00957,2,1923518.88,2023-11-24,V039
P002453,W00958,1,1606735.11,2026-03-08,V064
P002454,W00958,2,1606735.11,2026-06-15,V046
P002455,W00959,1,548529.91,2025-03-28,V032
P002456,W00959,2,548529.91,2025-05-12,V053
P002457,W00960,1,1041397.23,2025-12-09,V044
P002458,W00960,2,1041397.23,2026-03-05,V090
P002459,W00961,1,828430.08,2026-01-21,V008
P002460,W00961,2,621322.56,2026-03-20,V012
P002461,W00961,3,621322.56,2026-05-07,V017
P002462,W00962,1,1810092.57,2023-12-28,V038
P002463,W00962,2,1810092.57,2024-03-29,V055
P002464,W00963,1,566767.47,2023-07-06,V082
P002465,W00963,2,425075.6,2023-09-08,V064
P002466,W00963,3,425075.6,2023-12-07,V057
P002467,W00964,1,567013.22,2025-04-20,V012
P002468,W00964,2,425259.91,2025-07-15,V081
P002469,W00964,3,425259.91,2025-08-15,V057
P002470,W00965,1,487197.19,2024-05-26,V054
P002471,W00965,2,365397.89,2024-07-05,V026
P002472,W00965,3,365397.89,2024-08-24,V078
P002473,W00966,1,647910.26,2026-02-16,V085
P002474,W00966,2,485932.7,2026-03-13,V042
P002475,W00966,3,485932.7,2026-04-13,V075
P002476,W00967,1,837191.82,2024-10-24,V030
P002477,W00967,2,627893.87,2024-12-03,V017
P002478,W00967,3,627893.87,2025-02-07,V067
P002479,W00968,1,675507.1,2024-12-06,V059
P002480,W00968,2,506630.32,2025-02-03,V041
P002481,W00968,3,506630.32,2025-05-03,V073
P002482,W00969,1,372813.02,2025-01-09,V035
P002483,W00969,2,279609.77,2025-02-04,V046
P002484,W00969,3,279609.77,2025-03-03,V069
P002485,W00970,1,3549537.98,2025-05-17,V090
P002486,W00970,2,2662153.48,2025-09-01,V069
P002487,W00970,3,2662153.48,2025-12-01,V033
P002488,W00971,1,184957.85,2024-12-30,V052
P002489,W00971,2,138718.39,2025-02-07,V065
P002490,W00971,3,138718.39,2025-03-26,V016
P002491,W00972,1,363243.88,2025-02-09,V036
P002492,W00972,2,272432.91,2025-03-08,V054
P002493,W00972,3,272432.91,2025-04-17,V065
P002494,W00973,1,379064.95,2025-05-08,V028
P002495,W00973,2,284298.71,2025-06-19,V006
P002496,W00973,3,284298.71,2025-08-08,V054
P002497,W00974,1,739578.91,2025-05-09,V088
P002498,W00974,2,554684.18,2025-07-06,V029
P002499,W00974,3,554684.18,2025-08-31,V020
P002500,W00975,1,619519.88,2024-02-10,V037
P002501,W00975,2,464639.91,2024-04-07,V053
P002502,W00975,3,464639.91,2024-05-09,V002
P002503,W00976,1,1030606.36,2023-11-17,V010
P002504,W00976,2,772954.77,2024-02-09,V025
P002505,W00976,3,772954.77,2024-05-10,V013
P002506,W00977,1,448084.13,2024-12-17,V026
P002507,W00977,2,448084.13,2025-02-16,V003
P002508,W00978,1,471860.48,2024-03-27,V079
P002509,W00978,2,471860.48,2024-06-04,V028
P002510,W00979,1,404455.74,2026-02-18,V021
P002511,W00979,2,404455.74,2026-04-30,V050
P002512,W00980,1,417226.83,2024-06-11,V086
P002513,W00980,2,312920.12,2024-07-27,V064
P002514,W00980,3,312920.12,2024-09-03,V086
P002515,W00981,1,334933.33,2025-03-19,V048
P002516,W00981,2,334933.33,2025-06-11,V029
P002517,W00982,1,852597.5,2026-04-29,V036
P002518,W00982,2,639448.12,2026-05-31,V041
P002519,W00982,3,639448.12,2026-07-01,V090
P002520,W00983,1,1158129.95,2024-10-31,V043
P002521,W00983,2,1158129.95,2024-12-18,V031
P002522,W00984,1,303478.1,2025-02-01,V030
P002523,W00984,2,227608.58,2025-03-09,V074
P002524,W00984,3,227608.58,2025-05-02,V008
P002525,W00985,1,255486.28,2023-12-17,V004
P002526,W00985,2,191614.71,2024-03-05,V063
P002527,W00985,3,191614.71,2024-05-06,V007
P002528,W00986,1,401186.36,2025-11-28,V016
P002529,W00986,2,300889.77,2025-12-29,V004
P002530,W00986,3,300889.77,2026-01-28,V040
P002531,W00987,1,257923.89,2024-03-02,V051
P002532,W00987,2,193442.92,2024-04-15,V023
P002533,W00987,3,193442.92,2024-05-02,V047
P002534,W00988,1,1627235.65,2024-04-13,V089
P002535,W00988,2,1627235.65,2024-07-29,V089
P002536,W00989,1,1081137.59,2026-03-15,V078
P002537,W00989,2,1081137.59,2026-06-17,V035
P002538,W00990,1,569977.35,2024-02-02,V046
P002539,W00990,2,427483.01,2024-03-24,V031
P002540,W00990,3,427483.01,2024-06-11,V051
P002541,W00991,1,1106813.16,2025-01-12,V061
P002542,W00991,2,1106813.16,2025-05-01,V089
P002543,W00992,1,516518.53,2024-04-06,V075
P002544,W00992,2,387388.9,2024-07-01,V041
P002545,W00992,3,387388.9,2024-09-14,V065
P002546,W00993,1,856271.19,2026-02-07,V007
P002547,W00993,2,856271.19,2026-06-17,V003
P002548,W00994,1,849783.92,2025-03-20,V004
P002549,W00994,2,637337.94,2025-04-28,V088
P002550,W00994,3,637337.94,2025-05-14,V047
P002551,W00995,1,468694.89,2026-07-16,V059
P002552,W00996,1,1469944.71,2024-12-11,V010
P002553,W00996,2,1102458.53,2025-03-18,V082
P002554,W00996,3,1102458.53,2025-06-15,V021
P002555,W00997,1,721067.33,2026-01-22,V069
P002556,W00997,2,721067.33,2026-05-19,V070
P002557,W00998,1,1083263.78,2023-10-18,V030
P002558,W00998,2,812447.83,2024-01-02,V086
P002559,W00998,3,812447.83,2024-04-26,V047
P002560,W00999,1,918247.1,2023-07-27,V067
P002561,W00999,2,688685.32,2023-10-07,V040
P002562,W00999,3,688685.32,2023-12-09,V042
P002563,W01000,1,611995.6,2025-07-27,V052
P002564,W01000,2,458996.7,2025-09-15,V086
P002565,W01000,3,458996.7,2025-11-19,V061
P002566,W01001,1,2045734.54,2023-12-15,V012
P002567,W01001,2,1534300.91,2024-02-17,V048
P002568,W01001,3,1534300.91,2024-04-13,V004
P002569,W01002,1,755843.5,2024-05-16,V013
P002570,W01002,2,566882.62,2024-06-29,V003
P002571,W01002,3,566882.62,2024-09-26,V023
P002572,W01003,1,464878.71,2025-09-28,V006
P002573,W01003,2,348659.03,2025-11-10,V053
P002574,W01003,3,348659.03,2025-12-01,V040
P002575,W01004,1,393735.96,2025-05-29,V040
P002576,W01004,2,295301.97,2025-07-09,V021
P002577,W01004,3,295301.97,2025-08-08,V002
P002578,W01005,1,246734.5,2024-12-20,V024
P002579,W01005,2,185050.87,2025-02-01,V065
P002580,W01005,3,185050.87,2025-03-21,V034
P002581,W01006,1,836853.49,2023-11-20,V077
P002582,W01006,2,836853.49,2024-04-02,V069
P002583,W01007,1,536112.31,2023-08-19,V030
P002584,W01007,2,536112.31,2023-10-27,V061
P002585,W01008,1,307937.09,2024-01-13,V026
P002586,W01008,2,307937.09,2024-03-19,V038
P002587,W01009,1,714544.06,2025-06-24,V025
P002588,W01009,2,535908.04,2025-08-29,V079
P002589,W01009,3,535908.04,2025-10-21,V033
P002590,W01010,1,1876068.13,2025-12-23,V031
P002591,W01010,2,1876068.13,2026-05-22,V010
P002592,W01011,1,905308.65,2023-08-18,V076
P002593,W01011,2,905308.65,2023-10-10,V055
P002594,W01012,1,501544.97,2023-11-03,V085
P002595,W01012,2,501544.97,2023-12-30,V057
P002596,W01013,1,2177066.59,2024-04-24,V065
P002597,W01013,2,1632799.94,2024-07-30,V007
P002598,W01013,3,1632799.94,2024-09-09,V055
P002599,W01014,1,1309619.36,2025-01-31,V081
P002600,W01014,2,982214.52,2025-05-05,V047
P002601,W01014,3,982214.52,2025-06-05,V074
P002602,W01015,1,768517.18,2024-12-12,V062
P002603,W01015,2,768517.18,2025-04-13,V041
P002604,W01016,1,506309.63,2025-08-23,V064
P002605,W01016,2,379732.22,2025-09-20,V041
P002606,W01016,3,379732.22,2025-10-30,V040
P002607,W01017,1,1588315.76,2023-12-04,V090
P002608,W01017,2,1588315.76,2024-03-27,V086
P002609,W01018,1,655002.75,2024-08-19,V089
P002610,W01018,2,655002.75,2024-11-01,V064
P002611,W01019,1,793853.57,2025-05-15,V006
P002612,W01019,2,595390.18,2025-07-23,V004
P002613,W01019,3,595390.18,2025-10-14,V021
P002614,W01020,1,714578.94,2025-10-31,V090
P002615,W01020,2,535934.2,2025-12-27,V015
P002616,W01020,3,535934.2,2026-02-28,V021
P002617,W01021,1,604396.48,2025-10-02,V068
P002618,W01021,2,453297.36,2025-11-22,V001
P002619,W01021,3,453297.36,2026-01-23,V016
P002620,W01022,1,760051.78,2024-05-31,V086
P002621,W01022,2,570038.84,2024-07-27,V011
P002622,W01022,3,570038.84,2024-09-09,V077
P002623,W01023,1,948530.41,2025-11-11,V089
P002624,W01023,2,948530.41,2026-02-20,V003
P002625,W01024,1,956890.23,2025-01-21,V051
P002626,W01024,2,717667.67,2025-03-23,V080
P002627,W01024,3,717667.67,2025-06-02,V001
P002628,W01025,1,851443.09,2025-06-24,V076
P002629,W01025,2,851443.09,2025-10-13,V037
P002630,W01026,1,1302691.75,2025-01-11,V041
P002631,W01026,2,1302691.75,2025-05-06,V006
P002632,W01027,1,1826328.84,2026-02-23,V044
P002633,W01027,2,1826328.84,2026-07-24,V031
P002634,W01028,1,899793.97,2023-11-18,V079
P002635,W01028,2,674845.48,2023-12-27,V086
P002636,W01028,3,674845.48,2024-02-23,V037
P002637,W01029,1,1282782.71,2024-03-04,V004
P002638,W01029,2,1282782.71,2024-06-11,V057
P002639,W01030,1,865202.73,2023-08-25,V075
P002640,W01030,2,865202.73,2023-11-15,V021
P002641,W01031,1,1079820.8,2024-11-03,V001
P002642,W01031,2,1079820.8,2025-01-28,V088
P002643,W01032,1,875433.58,2025-07-28,V025
P002644,W01032,2,875433.58,2025-11-16,V090
P002645,W01033,1,266960.06,2026-03-13,V007
P002646,W01033,2,200220.04,2026-04-10,V060
P002647,W01033,3,200220.04,2026-05-19,V005
P002648,W01034,1,776887.47,2024-09-16,V025
P002649,W01034,2,582665.6,2024-11-14,V078
P002650,W01034,3,582665.6,2025-01-01,V015
P002651,W01035,1,852486.23,2026-08-19,V075
P002652,W01036,1,753717.44,2026-04-19,V033
P002653,W01036,2,753717.44,2026-06-27,V034
P002654,W01037,1,825785.42,2025-10-25,V039
P002655,W01037,2,619339.06,2026-01-27,V046
P002656,W01037,3,619339.06,2026-03-12,V044
P002657,W01038,1,427737.08,2023-09-17,V016
P002658,W01038,2,320802.81,2023-10-31,V080
P002659,W01038,3,320802.81,2023-12-10,V087
P002660,W01039,1,1489775.94,2025-06-26,V073
P002661,W01039,2,1117331.96,2025-08-28,V083
P002662,W01039,3,1117331.96,2025-11-03,V021
P002663,W01040,1,1046420.08,2025-03-10,V028
P002664,W01040,2,784815.06,2025-06-25,V054
P002665,W01040,3,784815.06,2025-10-07,V080
P002666,W01041,1,314097.01,2024-06-08,V084
P002667,W01041,2,314097.01,2024-07-31,V010
P002668,W01042,1,451951.77,2025-09-03,V009
P002669,W01042,2,338963.83,2025-10-05,V031
P002670,W01042,3,338963.83,2025-11-04,V002
P002671,W01043,1,856682.82,2025-12-17,V053
P002672,W01043,2,642512.12,2026-01-30,V006
P002673,W01043,3,642512.12,2026-03-23,V007
P002674,W01044,1,1062525.13,2025-08-23,V016
P002675,W01044,2,796893.85,2025-10-23,V013
P002676,W01044,3,796893.85,2025-12-14,V053
P002677,W01045,1,1715617.4,2025-01-31,V056
P002678,W01045,2,1286713.05,2025-04-12,V058
P002679,W01045,3,1286713.05,2025-07-05,V022
P002680,W01046,1,2275895.46,2024-01-26,V074
P002681,W01046,2,1706921.59,2024-05-07,V003
P002682,W01046,3,1706921.59,2024-08-01,V006
P002683,W01047,1,388016.82,2023-12-23,V037
P002684,W01047,2,291012.62,2024-02-26,V060
P002685,W01047,3,291012.62,2024-03-25,V085
P002686,W01048,1,562709.2,2024-08-11,V016
P002687,W01048,2,422031.9,2024-10-09,V079
P002688,W01048,3,422031.9,2024-11-30,V037
P002689,W01049,1,1333109.4,2023-11-16,V071
P002690,W01049,2,999832.05,2024-02-03,V074
P002691,W01049,3,999832.05,2024-05-14,V011
P002692,W01050,1,421010.88,2023-08-08,V021
P002693,W01050,2,315758.16,2023-09-17,V023
P002694,W01050,3,315758.16,2023-10-22,V033
P002695,W01051,1,1729373.65,2024-12-12,V090
P002696,W01051,2,1297030.24,2025-03-12,V065
P002697,W01051,3,1297030.24,2025-04-23,V015
P002698,W01052,1,701839.62,2023-07-19,V065
P002699,W01052,2,526379.72,2023-09-09,V005
P002700,W01052,3,526379.72,2023-11-24,V080
P002701,W01053,1,407054.34,2025-02-10,V006
P002702,W01053,2,305290.75,2025-03-30,V013
P002703,W01053,3,305290.75,2025-04-20,V029
P002704,W01054,1,570039.27,2026-01-30,V056
P002705,W01054,2,570039.27,2026-04-18,V068
P002706,W01055,1,1169931.99,2024-07-14,V004
P002707,W01055,2,1169931.99,2024-09-13,V071
P002708,W01056,1,1434732.19,2025-10-18,V082
P002709,W01056,2,1434732.19,2026-01-26,V063
P002710,W01057,1,646690.45,2023-10-01,V009
P002711,W01057,2,646690.45,2023-12-15,V007
P002712,W01058,1,290741.34,2024-04-01,V012
P002713,W01058,2,218056.0,2024-05-02,V001
P002714,W01058,3,218056.0,2024-06-24,V014
P002715,W01059,1,2010113.06,2025-06-12,V012
P002717,W01060,1,2643791.93,2025-05-31,V076
P002718,W01060,2,2643791.93,2025-09-14,V063
P002719,W01061,1,728830.06,2024-09-14,V006
P002720,W01061,2,546622.54,2024-11-24,V069
P002721,W01061,3,546622.54,2025-01-24,V072
P002722,W01062,1,2272935.67,2024-02-06,V027
P002723,W01062,2,2272935.67,2024-05-29,V057
P002724,W01063,1,367604.91,2024-10-18,V007
P002725,W01063,2,367604.91,2024-12-01,V023
P002726,W01064,1,676023.84,2024-02-04,V009
P002727,W01064,2,507017.88,2024-04-15,V013
P002728,W01064,3,507017.88,2024-06-15,V059
P002729,W01065,1,815479.41,2025-12-27,V045
P002730,W01065,2,611609.56,2026-02-13,V010
P002731,W01065,3,611609.56,2026-03-22,V019
P002732,W01066,1,285801.84,2023-12-29,V078
P002733,W01066,2,214351.38,2024-02-04,V003
P002734,W01066,3,214351.38,2024-03-18,V052
P002735,W01067,1,2267342.71,2024-04-28,V035
P002736,W01067,2,1700507.03,2024-08-14,V057
P002737,W01067,3,1700507.03,2024-10-24,V054
P002738,W01068,1,403940.17,2023-11-24,V056
P002739,W01068,2,403940.17,2024-03-09,V079
P002740,W01069,1,654590.52,2024-11-02,V031
P002741,W01069,2,490942.89,2024-11-22,V074
P002742,W01069,3,490942.89,2024-12-30,V053
P002743,W01070,1,486054.91,2024-05-22,V072
P002744,W01070,2,364541.18,2024-07-23,V060
P002745,W01070,3,364541.18,2024-09-23,V038
P002746,W01071,1,607575.94,2025-05-24,V085
P002747,W01071,2,607575.94,2025-09-05,V046
P002748,W01072,1,485969.58,2024-01-12,V073
P002749,W01072,2,364477.18,2024-02-20,V042
P002750,W01072,3,364477.18,2024-03-22,V042
P002751,W01073,1,1268188.28,2026-01-24,V055
P002752,W01073,2,951141.21,2026-03-15,V034
P002753,W01073,3,951141.21,2026-05-25,V076
P002754,W01074,1,1076469.41,2024-04-20,V006
P002755,W01074,2,1076469.41,2024-07-17,V006
P002756,W01075,1,890011.11,2025-10-01,V011
P002757,W01075,2,890011.11,2025-12-31,V026
P002758,W01076,1,571004.41,2024-07-31,V051
P002759,W01076,2,571004.41,2024-10-30,V082
P002760,W01077,1,830046.92,2025-05-31,V029
P002761,W01077,2,830046.92,2025-08-10,V011
P002762,W01078,1,388593.19,2024-01-05,V061
P002763,W01078,2,291444.89,2024-02-06,V060
P002764,W01078,3,291444.89,2024-03-15,V008
P002765,W01079,1,249360.68,2026-01-17,V042
P002766,W01079,2,187020.51,2026-03-31,V003
P002767,W01079,3,187020.51,2026-05-19,V071
P002768,W01080,1,900927.44,2023-12-24,V053
P002769,W01080,2,675695.58,2024-02-13,V066
P002770,W01080,3,675695.58,2024-05-18,V035
P002771,W01081,1,735016.77,2024-10-19,V045
P002772,W01081,2,551262.58,2024-12-02,V078
P002773,W01081,3,551262.58,2025-02-26,V035
P002774,W01082,1,1453317.68,2026-07-21,V031
P002775,W01083,1,496515.02,2026-02-20,V013
P002776,W01083,2,372386.26,2026-05-09,V061
P002777,W01083,3,372386.26,2026-07-24,V001
P002778,W01084,1,1868383.43,2024-05-23,V054
P002779,W01084,2,1868383.43,2024-09-22,V023
P002780,W01085,1,284445.4,2025-05-10,V051
P002781,W01085,2,284445.4,2025-07-24,V028
P002782,W01086,1,1268313.48,2024-04-02,V086
P002783,W01086,2,951235.11,2024-06-10,V061
P002784,W01086,3,951235.11,2024-08-02,V020
P002785,W01087,1,757669.84,2024-11-14,V010
P002786,W01087,2,568252.38,2024-12-06,V086
P002787,W01087,3,568252.38,2025-01-16,V063
P002788,W01088,1,1189148.08,2024-04-04,V005
P002789,W01088,2,891861.06,2024-06-30,V084
P002790,W01088,3,891861.06,2024-09-12,V027
P002791,W01089,1,2636279.46,2024-04-20,V071
P002792,W01089,2,2636279.46,2024-08-29,V083
P002793,W01090,1,751224.71,2024-02-25,V072
P002794,W01090,2,563418.53,2024-04-15,V066
P002795,W01090,3,563418.53,2024-07-28,V027
P002796,W01091,1,415613.42,2024-08-29,V062
P002797,W01091,2,311710.07,2024-10-04,V035
P002798,W01091,3,311710.07,2024-11-22,V009
P002799,W01092,1,640371.46,2023-07-18,V069
P002800,W01092,2,640371.46,2023-11-24,V057
P002801,W01093,1,1355853.19,2024-08-01,V071
P002802,W01093,2,1016889.89,2024-09-19,V045
P002803,W01093,3,1016889.89,2024-11-10,V038
P002804,W01094,1,709238.86,2026-03-03,V024
P002805,W01094,2,709238.86,2026-06-21,V033
P002806,W01095,1,2269760.25,2024-08-07,V062
P002807,W01095,2,1702320.19,2024-10-28,V033
P002808,W01095,3,1702320.19,2025-02-21,V077
P002809,W01096,1,797236.05,2025-02-20,V083
P002810,W01096,2,597927.04,2025-04-15,V007
P002811,W01096,3,597927.04,2025-05-27,V070
P002812,W01097,1,1046854.58,2025-07-28,V040
P002813,W01097,2,785140.94,2025-10-02,V007
P002814,W01097,3,785140.94,2025-12-03,V025
P002815,W01098,1,728546.98,2026-01-01,V021
P002816,W01098,2,546410.24,2026-03-02,V004
P002817,W01098,3,546410.24,2026-04-07,V088
P002818,W01099,1,623890.75,2026-03-30,V089
P002819,W01099,2,467918.06,2026-07-08,V067
P002820,W01100,1,658604.54,2026-03-13,V076
P002821,W01100,2,493953.4,2026-05-11,V038
P002822,W01100,3,493953.4,2026-07-02,V080
P002823,W01101,1,1444893.62,2026-03-25,V035
P002824,W01101,2,1083670.21,2026-06-22,V050
P002825,W01101,3,1083670.21,2026-08-24,V019
P002826,W01102,1,431492.86,2023-07-04,V030
P002827,W01102,2,323619.64,2023-08-13,V053
P002828,W01102,3,323619.64,2023-10-07,V076
P002829,W01103,1,1299102.88,2026-01-26,V023
P002830,W01103,2,974327.16,2026-04-16,V066
P002831,W01103,3,974327.16,2026-06-09,V020
P002832,W01104,1,1390835.96,2024-09-19,V024
P002833,W01104,2,1043126.97,2024-12-07,V011
P002834,W01104,3,1043126.97,2025-02-01,V051
P002835,W01105,1,2324719.79,2023-08-05,V068
P002837,W01106,1,1776988.34,2025-12-31,V030
P002838,W01106,2,1776988.34,2026-05-19,V080
P002839,W01107,1,1345405.64,2025-05-27,V027
P002840,W01107,2,1009054.23,2025-08-04,V053
P002841,W01107,3,1009054.23,2025-12-01,V087
P002842,W01108,1,744499.77,2025-01-28,V078
P002843,W01108,2,558374.83,2025-02-22,V015
P002844,W01108,3,558374.83,2025-03-18,V074
P002845,W01109,1,1453339.52,2024-04-10,V044
P002846,W01109,2,1090004.64,2024-06-01,V046
P002847,W01109,3,1090004.64,2024-10-06,V036
P002848,W01110,1,690410.41,2026-01-24,V019
P002849,W01110,2,517807.81,2026-03-31,V036
P002850,W01110,3,517807.81,2026-06-10,V071
P002851,W01111,1,455045.12,2025-08-29,V041
P002852,W01111,2,341283.84,2025-11-03,V027
P002853,W01111,3,341283.84,2025-12-15,V003
P002854,W01112,1,3751457.96,2024-07-04,V066
P002855,W01112,2,3751457.96,2024-10-04,V072
P002856,W01113,1,241443.88,2026-04-13,V015
P002857,W01113,2,181082.91,2026-05-24,V044
P002858,W01113,3,181082.91,2026-07-13,V090
P002859,W01114,1,1029864.18,2024-08-08,V009
P002860,W01114,2,772398.14,2024-10-14,V085
P002861,W01114,3,772398.14,2024-12-22,V016
P002862,W01115,1,948348.2,2025-10-01,V059
P002863,W01115,2,948348.2,2025-11-07,V060
P002864,W01116,1,409110.52,2024-11-23,V049
P002865,W01116,2,306832.89,2025-01-07,V049
P002866,W01116,3,306832.89,2025-02-15,V071
P002867,W01117,1,564648.22,2024-09-01,V013
P002868,W01117,2,423486.16,2024-11-09,V029
P002869,W01117,3,423486.16,2025-01-07,V085
P002870,W01118,1,1087418.06,2026-08-03,V070
P002871,W01119,1,1732315.27,2024-10-16,V071
P002872,W01119,2,1732315.27,2025-02-13,V043
P002873,W01120,1,506647.36,2024-01-05,V062
P002874,W01120,2,506647.36,2024-03-07,V065
P002875,W01121,1,619635.68,2024-02-12,V043
P002876,W01121,2,619635.68,2024-06-08,V083
P002877,W01122,1,1730370.1,2024-02-26,V015
P002878,W01122,2,1730370.1,2024-05-23,V064
P002879,W01123,1,3054538.05,2024-10-19,V003
P002880,W01123,2,2290903.54,2025-01-09,V031
P002881,W01123,3,2290903.54,2025-03-23,V090
P002882,W01124,1,1099753.86,2023-09-13,V053
P002883,W01124,2,824815.39,2023-11-20,V044
P002884,W01124,3,824815.39,2024-01-17,V016
P002885,W01125,1,729651.4,2025-01-27,V058
P002886,W01125,2,547238.55,2025-03-07,V082
P002887,W01125,3,547238.55,2025-04-02,V045
P002888,W01126,1,649664.8,2025-02-01,V077
P002889,W01126,2,487248.6,2025-04-25,V006
P002890,W01126,3,487248.6,2025-06-21,V038
P002891,W01127,1,692118.47,2024-11-05,V079
P002892,W01127,2,692118.47,2024-12-18,V038
P002893,W01128,1,653699.81,2025-01-02,V021
P002894,W01128,2,490274.86,2025-03-17,V001
P002895,W01128,3,490274.86,2025-05-03,V045
P002896,W01129,1,315447.28,2026-05-16,V041
P002897,W01129,2,236585.46,2026-06-14,V062
P002898,W01129,3,236585.46,2026-07-02,V089
P002899,W01130,1,1425253.4,2023-11-30,V007
P002900,W01130,2,1068940.05,2024-02-29,V048
P002901,W01130,3,1068940.05,2024-05-02,V031
P002902,W01131,1,1730358.19,2026-01-16,V060
P002903,W01131,2,1730358.19,2026-05-12,V026
P002904,W01132,1,722306.33,2026-04-01,V075
P002905,W01132,2,722306.33,2026-07-24,V015
P002906,W01133,1,1980918.17,2023-09-08,V002
P002907,W01133,2,1485688.63,2023-11-26,V057
P002908,W01133,3,1485688.63,2024-03-10,V026
P002909,W01134,1,1616952.32,2025-10-10,V006
P002910,W01134,2,1212714.24,2026-01-01,V006
P002911,W01134,3,1212714.24,2026-03-09,V003
P002912,W01135,1,1639837.79,2024-03-25,V069
P002913,W01135,2,1639837.79,2024-07-20,V058
P002914,W01136,1,959819.8,2026-05-09,V032
P002915,W01136,2,719864.85,2026-06-25,V030
P002916,W01137,1,886061.01,2024-12-13,V002
P002917,W01137,2,886061.01,2025-03-17,V041
P002918,W01138,1,1131134.08,2025-12-05,V088
P002919,W01138,2,848350.56,2026-02-10,V090
P002920,W01138,3,848350.56,2026-03-19,V042
P002921,W01139,1,278340.4,2025-12-01,V035
P002922,W01139,2,208755.3,2026-01-23,V078
P002923,W01139,3,208755.3,2026-02-22,V001
P002924,W01140,1,1052127.39,2025-03-08,V082
P002925,W01140,2,789095.54,2025-04-23,V058
P002926,W01140,3,789095.54,2025-06-01,V079
P002927,W01141,1,484762.82,2024-12-06,V054
P002928,W01141,2,363572.12,2025-02-22,V063
P002929,W01141,3,363572.12,2025-04-13,V007
P002930,W01142,1,1042587.48,2025-04-21,V013
P002931,W01142,2,781940.61,2025-06-11,V056
P002932,W01142,3,781940.61,2025-08-15,V079
P002933,W01143,1,3567092.54,2024-02-29,V015
P002934,W01143,2,3567092.54,2024-07-09,V017
P002935,W01144,1,884331.11,2025-11-08,V049
P002936,W01144,2,884331.11,2026-04-21,V056
P002937,W01145,1,1494469.51,2024-08-29,V061
P002938,W01145,2,1120852.13,2024-11-07,V087
P002939,W01145,3,1120852.13,2025-02-01,V055
P002940,W01146,1,738519.08,2026-01-22,V076
P002941,W01146,2,553889.31,2026-03-21,V011
P002942,W01146,3,553889.31,2026-05-04,V051
P002943,W01147,1,3631324.94,2026-01-20,V079
P002944,W01147,2,2723493.7,2026-04-26,V071
P002945,W01147,3,2723493.7,2026-06-16,V070
P002946,W01148,1,347610.58,2023-09-27,V081
P002947,W01148,2,260707.94,2023-10-24,V090
P002948,W01148,3,260707.94,2023-12-04,V079
P002949,W01149,1,1086621.24,2024-10-05,V042
P002950,W01149,2,1086621.24,2024-11-24,V081
P002951,W01150,1,619247.15,2023-10-21,V059
P002952,W01150,2,464435.36,2023-11-27,V013
P002953,W01150,3,464435.36,2023-12-26,V043
P002954,W01151,1,1247447.62,2024-08-30,V076
P002955,W01151,2,1247447.62,2024-10-04,V075
P002956,W01152,1,544316.28,2026-03-29,V047
P002957,W01152,2,408237.21,2026-04-30,V040
P002958,W01152,3,408237.21,2026-05-21,V035
P002959,W01153,1,1585613.43,2026-01-29,V044
P002960,W01153,2,1189210.07,2026-04-09,V082
P002961,W01153,3,1189210.07,2026-08-09,V013
P002962,W01154,1,1823747.78,2025-11-08,V003
P002963,W01154,2,1823747.78,2026-03-30,V063
P002964,W01155,1,872702.42,2023-11-12,V046
P002965,W01155,2,654526.81,2024-01-12,V004
P002966,W01155,3,654526.81,2024-03-18,V037
P002967,W01156,1,1437498.59,2024-01-29,V029
P002968,W01156,2,1078123.94,2024-04-04,V037
P002969,W01156,3,1078123.94,2024-06-08,V008
P002970,W01157,1,1596375.66,2023-09-26,V065
P002971,W01157,2,1197281.74,2023-12-02,V082
P002972,W01157,3,1197281.74,2024-04-03,V046
P002973,W01158,1,599199.24,2026-03-17,V076
P002974,W01158,2,599199.24,2026-06-17,V036
P002975,W01159,1,2207785.73,2026-02-21,V008
P002976,W01159,2,2207785.73,2026-07-20,V084
P002977,W01160,1,355465.75,2023-12-10,V070
P002978,W01160,2,266599.31,2024-01-23,V054
P002979,W01160,3,266599.31,2024-03-05,V031
P002980,W01161,1,2212194.26,2025-07-30,V010
P002981,W01161,2,1659145.69,2025-08-28,V090
P002983,W01162,1,1171458.96,2026-04-03,V046
P002984,W01162,2,1171458.96,2026-05-30,V054
P002985,W01163,1,170201.09,2024-12-27,V036
P002986,W01163,2,127650.82,2025-03-06,V071
P002987,W01163,3,127650.82,2025-04-03,V069
P002988,W01164,1,696170.31,2023-09-24,V036
P002989,W01164,2,696170.31,2023-11-19,V015
P002990,W01165,1,413577.31,2024-02-20,V055
P002991,W01165,2,413577.31,2024-05-08,V090
P002992,W01166,1,629756.42,2023-11-08,V064
P002993,W01166,2,472317.32,2023-12-11,V089
P002994,W01166,3,472317.32,2024-01-18,V029
P002995,W01167,1,973642.28,2025-12-17,V004
P002996,W01167,2,973642.28,2026-02-06,V015
P002997,W01168,1,3405916.77,2024-05-21,V016
P002998,W01168,2,3405916.77,2024-10-30,V044
P002999,W01169,1,400507.63,2025-07-08,V072
P003000,W01169,2,300380.72,2025-09-13,V037
P003001,W01169,3,300380.72,2025-10-13,V046
P003002,W01170,1,1747938.3,2026-05-29,V044
P003003,W01170,2,1310953.73,2026-08-12,V044
P003004,W01171,1,224122.21,2026-05-23,V046
P003005,W01171,2,168091.66,2026-07-28,V033
P003006,W01172,1,677085.89,2026-06-02,V070
P003007,W01172,2,677085.89,2026-08-05,V045
P003008,W01173,1,1111315.73,2023-10-06,V011
P003009,W01173,2,833486.8,2023-12-11,V050
P003010,W01173,3,833486.8,2024-02-16,V003
P003011,W01174,1,1078306.05,2024-04-28,V041
P003012,W01174,2,1078306.05,2024-06-18,V039
P003013,W01175,1,631712.98,2024-02-22,V037
P003014,W01175,2,473784.73,2024-05-01,V007
P003015,W01175,3,473784.73,2024-06-23,V015
P003016,W01176,1,325442.12,2024-12-13,V044
P003017,W01176,2,325442.12,2025-03-10,V062
P003018,W01177,1,621833.65,2024-09-09,V074
P003019,W01177,2,466375.24,2024-10-21,V004
P003020,W01177,3,466375.24,2024-12-02,V057
P003021,W01178,1,1108605.37,2024-09-04,V006
P003022,W01178,2,1108605.37,2024-10-06,V082
P003023,W01179,1,882869.54,2025-12-14,V011
P003024,W01179,2,882869.54,2026-02-19,V061
P003025,W01180,1,1018008.26,2024-08-10,V002
P003026,W01180,2,1018008.26,2024-10-26,V029
P003027,W01181,1,1339555.27,2024-07-14,V020
P003028,W01181,2,1004666.45,2024-10-08,V022
P003029,W01181,3,1004666.45,2025-01-15,V037
P003030,W01182,1,1035225.47,2025-11-25,V089
P003031,W01182,2,776419.1,2026-01-25,V020
P003032,W01182,3,776419.1,2026-03-22,V087
P003033,W01183,1,1395008.89,2025-12-02,V072
P003034,W01183,2,1395008.89,2026-03-14,V076
P003035,W01184,1,780998.44,2025-03-29,V044
P003036,W01184,2,780998.44,2025-07-22,V004
P003037,W01185,1,1245510.58,2025-05-25,V054
P003038,W01185,2,1245510.58,2025-10-24,V016
P003039,W01186,1,1448272.26,2026-05-10,V045
P003040,W01186,2,1086204.2,2026-08-01,V079
P003041,W01187,1,645657.96,2024-04-17,V057
P003042,W01187,2,645657.96,2024-06-15,V077
P003043,W01188,1,205528.95,2024-05-19,V009
P003044,W01188,2,154146.71,2024-07-07,V016
P003045,W01188,3,154146.71,2024-10-03,V073
P003046,W01189,1,1381663.4,2025-08-17,V018
P003047,W01189,2,1381663.4,2025-11-03,V001
P003048,W01190,1,566616.96,2025-06-24,V074
P003049,W01190,2,424962.72,2025-08-19,V036
P003050,W01190,3,424962.72,2025-11-14,V058
P003051,W01191,1,433240.99,2023-07-20,V004
P003052,W01191,2,433240.99,2023-09-05,V058
P003053,W01192,1,910043.93,2024-01-06,V001
P003054,W01192,2,682532.95,2024-04-11,V033
P003055,W01192,3,682532.95,2024-06-28,V082
P003056,W01193,1,528930.95,2026-06-19,V059
P003057,W01193,2,396698.21,2026-08-26,V011
P003058,W01194,1,416905.43,2025-10-10,V048
P003059,W01194,2,312679.07,2025-11-17,V043
P003060,W01194,3,312679.07,2025-12-13,V085
P003061,W01195,1,1328584.73,2024-04-04,V088
P003062,W01195,2,996438.55,2024-07-08,V073
P003063,W01195,3,996438.55,2024-10-08,V053
P003064,W01196,1,1364258.56,2025-04-02,V043
P003065,W01196,2,1023193.92,2025-06-12,V050
P003066,W01196,3,1023193.92,2025-09-13,V034
P003067,W01197,1,1225086.69,2024-12-15,V010
P003068,W01197,2,1225086.69,2025-03-04,V065
P003069,W01198,1,488211.29,2025-10-27,V087
P003070,W01198,2,488211.29,2025-12-21,V031
P003071,W01199,1,2144592.46,2025-05-30,V009
P003072,W01199,2,1608444.34,2025-09-15,V021
P003073,W01199,3,1608444.34,2025-11-11,V047
P003074,W01200,1,847012.96,2024-10-09,V007
P003075,W01200,2,635259.72,2024-12-05,V066
P003076,W01200,3,635259.72,2025-01-24,V082
P003077,W01201,1,585769.26,2025-05-31,V040
P003078,W01201,2,585769.26,2025-09-07,V011
P003079,W01202,1,691803.63,2024-08-08,V038
P003080,W01202,2,518852.72,2024-10-31,V054
P003081,W01202,3,518852.72,2024-11-28,V072
P003082,W01203,1,570950.5,2025-09-07,V044
P003083,W01203,2,428212.88,2025-12-02,V072
P003084,W01203,3,428212.88,2026-02-04,V066
P003085,W01204,1,1389534.42,2026-06-05,V078
P003086,W01204,2,1042150.82,2026-08-30,V002
P003087,W01205,1,1458409.97,2025-09-08,V068
P003088,W01205,2,1458409.97,2025-12-10,V039
P003089,W01206,1,3473506.05,2024-09-13,V020
P003090,W01206,2,2605129.54,2025-01-01,V082
P003091,W01206,3,2605129.54,2025-03-27,V034
P003092,W01207,1,1203010.97,2026-01-24,V087
P003093,W01207,2,902258.23,2026-03-18,V075
P003094,W01207,3,902258.23,2026-05-23,V089
P003095,W01208,1,883740.88,2024-10-14,V066
P003096,W01208,2,662805.66,2024-12-04,V028
P003097,W01208,3,662805.66,2025-01-08,V021
P003098,W01209,1,1401614.65,2025-06-21,V085
P003099,W01209,2,1051210.99,2025-09-09,V068
P003100,W01209,3,1051210.99,2025-12-18,V008
P003101,W01210,1,2102885.94,2026-07-18,V079
P003102,W01211,1,1069664.47,2023-12-18,V025
P003103,W01211,2,1069664.47,2024-03-17,V077
P003104,W01212,1,624022.83,2024-11-22,V014
P003105,W01212,2,624022.83,2025-01-17,V090
P003106,W01213,1,653240.02,2024-02-22,V004
P003107,W01213,2,489930.01,2024-05-09,V037
P003108,W01213,3,489930.01,2024-07-10,V020
P003109,W01214,1,1469165.04,2024-06-08,V072
P003110,W01214,2,1101873.78,2024-09-07,V031
P003111,W01214,3,1101873.78,2024-12-09,V007
P003112,W01215,1,439335.43,2025-04-05,V051
P003113,W01215,2,329501.57,2025-06-16,V055
P003114,W01215,3,329501.57,2025-07-23,V063
P003115,W01216,1,1992273.72,2023-12-22,V040
P003116,W01216,2,1494205.29,2024-04-07,V044
P003117,W01216,3,1494205.29,2024-07-05,V016
P003118,W01217,1,480456.96,2023-08-01,V012
P003119,W01217,2,360342.72,2023-09-03,V049
P003120,W01217,3,360342.72,2023-10-09,V038
P003121,W01218,1,1635695.46,2024-04-15,V048
P003122,W01218,2,1635695.46,2024-07-10,V036
P003123,W01219,1,863517.09,2026-02-07,V006
P003124,W01219,2,863517.09,2026-04-30,V048
P003125,W01220,1,454124.59,2024-09-02,V065
P003126,W01220,2,454124.59,2024-10-10,V064
P003127,W01221,1,1493893.32,2024-04-02,V045
P003128,W01221,2,1120419.99,2024-07-01,V070
P003129,W01221,3,1120419.99,2024-08-18,V002
P003130,W01222,1,956984.96,2025-02-21,V036
P003131,W01222,2,956984.96,2025-05-08,V081
P003132,W01223,1,753263.76,2024-02-19,V002
P003133,W01223,2,564947.82,2024-04-24,V007
P003134,W01223,3,564947.82,2024-07-27,V046
P003135,W01224,1,1238306.88,2024-05-23,V011
P003136,W01224,2,928730.16,2024-07-09,V073
P003137,W01224,3,928730.16,2024-08-21,V066
P003138,W01225,1,367613.51,2026-03-21,V012
P003139,W01225,2,275710.13,2026-04-19,V032
P003140,W01225,3,275710.13,2026-05-12,V069
P003141,W01226,1,635119.83,2024-10-04,V089
P003142,W01226,2,476339.87,2024-12-17,V003
P003143,W01226,3,476339.87,2025-02-16,V049
P003144,W01227,1,694748.8,2025-01-06,V011
P003145,W01227,2,521061.6,2025-02-28,V086
P003146,W01227,3,521061.6,2025-05-04,V081
P003147,W01228,1,1333777.49,2024-10-22,V060
P003148,W01228,2,1333777.49,2025-01-06,V079
P003149,W01229,1,287017.52,2023-08-21,V016
P003150,W01229,2,215263.14,2023-11-08,V036
P003151,W01229,3,215263.14,2023-12-23,V041
P003152,W01230,1,712111.9,2026-07-17,V061
P003154,W01231,2,1978106.4,2025-01-14,V018
P003155,W01232,1,2511611.39,2025-06-25,V020
P003156,W01232,2,1883708.54,2025-09-13,V070
P003157,W01232,3,1883708.54,2025-11-19,V070
P003158,W01233,1,2056593.73,2025-08-19,V039
P003159,W01233,2,2056593.73,2026-01-09,V043
P003160,W01234,1,272045.51,2025-08-14,V089
P003161,W01234,2,204034.13,2025-09-18,V047
P003162,W01234,3,204034.13,2025-10-15,V033
P003163,W01235,1,670281.95,2023-12-19,V074
P003164,W01235,2,502711.46,2024-03-03,V077
P003165,W01235,3,502711.46,2024-05-07,V068
P003167,W01236,2,1439489.57,2025-12-19,V011
P003168,W01237,1,845306.26,2024-12-12,V034
P003169,W01237,2,633979.69,2025-01-22,V083
P003170,W01237,3,633979.69,2025-03-25,V025
P003171,W01238,1,772802.2,2024-09-22,V009
P003172,W01238,2,772802.2,2024-12-11,V004
P003173,W01239,1,456508.16,2024-07-22,V001
P003174,W01239,2,342381.12,2024-09-02,V011
P003175,W01239,3,342381.12,2024-10-04,V021
P003176,W01240,1,1112948.75,2025-06-02,V040
P003177,W01240,2,1112948.75,2025-09-25,V084
P003178,W01241,1,761742.27,2023-10-07,V029
P003179,W01241,2,761742.27,2023-11-22,V035
P003180,W01242,1,3860011.15,2024-04-26,V004
P003181,W01242,2,3860011.15,2024-08-30,V039
P003182,W01243,1,486370.78,2024-01-06,V020
P003183,W01243,2,364778.08,2024-03-04,V049
P003184,W01243,3,364778.08,2024-05-27,V085
P003185,W01244,1,1460987.0,2024-10-26,V025
P003186,W01244,2,1095740.25,2025-01-07,V071
P003187,W01244,3,1095740.25,2025-04-28,V025
P003188,W01245,1,692226.21,2024-12-20,V061
P003189,W01245,2,692226.21,2025-02-27,V010
P003190,W01246,1,439778.71,2024-04-08,V052
P003191,W01246,2,439778.71,2024-05-31,V077
P003192,W01247,1,979990.34,2026-03-04,V076
P003193,W01247,2,734992.76,2026-04-26,V063
P003194,W01247,3,734992.76,2026-07-04,V003
P003195,W01248,1,550034.93,2025-07-19,V021
P003196,W01248,2,412526.2,2025-10-07,V033
P003197,W01248,3,412526.2,2025-12-07,V055
P003198,W01249,1,465967.14,2023-07-05,V073
P003199,W01249,2,465967.14,2023-09-21,V071
P003200,W01250,1,973978.23,2025-01-10,V045
P003201,W01250,2,973978.23,2025-03-22,V064
P003202,W01251,1,1393225.42,2025-12-29,V087
P003203,W01251,2,1044919.06,2026-02-15,V023
P003204,W01251,3,1044919.06,2026-05-05,V042
P003205,W01252,1,1646577.57,2025-05-05,V066
P003206,W01252,2,1646577.57,2025-09-06,V009
P003207,W01253,1,786173.43,2023-08-24,V037
P003208,W01253,2,786173.43,2023-11-18,V025
P003209,W01254,1,1356863.08,2024-11-12,V087
P003210,W01254,2,1017647.31,2025-02-07,V025
P003211,W01254,3,1017647.31,2025-03-28,V025
P003212,W01255,1,1045598.8,2026-02-16,V080
P003213,W01255,2,1045598.8,2026-05-15,V021
P003214,W01256,1,579273.33,2024-01-31,V089
P003215,W01256,2,434455.0,2024-03-26,V047
P003216,W01256,3,434455.0,2024-05-27,V051
P003217,W01257,1,3402587.71,2023-12-28,V038
P003218,W01257,2,2551940.78,2024-04-07,V004
P003219,W01257,3,2551940.78,2024-06-21,V018
P003220,W01258,1,1500296.07,2023-12-31,V038
P003221,W01258,2,1125222.05,2024-03-12,V088
P003222,W01258,3,1125222.05,2024-05-15,V019
P003223,W01259,1,1121436.77,2025-02-09,V072
P003224,W01259,2,1121436.77,2025-05-24,V015
P003225,W01260,1,1379316.69,2023-10-22,V037
P003226,W01260,2,1034487.52,2023-12-29,V038
P003227,W01260,3,1034487.52,2024-03-14,V089
P003228,W01261,1,647284.14,2025-11-29,V044
P003229,W01261,2,647284.14,2026-01-03,V034
P003230,W01262,1,1096134.34,2024-04-20,V050
P003231,W01262,2,1096134.34,2024-06-10,V040
P003232,W01263,1,2402815.2,2023-11-22,V084
P003233,W01263,2,2402815.2,2024-03-06,V026
P003234,W01264,1,478037.09,2024-09-12,V073
P003235,W01264,2,358527.82,2024-10-24,V023
P003236,W01264,3,358527.82,2024-11-19,V023
P003237,W01265,1,647645.09,2024-11-03,V075
P003238,W01265,2,485733.82,2025-01-26,V072
P003239,W01265,3,485733.82,2025-04-03,V011
P003240,W01266,1,1613654.45,2024-01-19,V048
P003241,W01266,2,1613654.45,2024-04-24,V049
P003242,W01267,1,222328.37,2026-05-15,V018
P003243,W01267,2,166746.28,2026-06-10,V043
P003244,W01267,3,166746.28,2026-07-15,V034
P003245,W01268,1,566446.04,2023-10-15,V057
P003246,W01268,2,424834.53,2023-12-15,V046
P003247,W01268,3,424834.53,2024-02-20,V065
P003248,W01269,1,1520928.84,2026-05-05,V020
P003249,W01270,1,652737.73,2024-06-09,V049
P003250,W01270,2,489553.3,2024-08-20,V016
P003251,W01270,3,489553.3,2024-10-29,V027
P003252,W01271,1,749946.31,2026-03-24,V001
P003253,W01271,2,749946.31,2026-07-12,V080
P003254,W01272,1,1901231.33,2023-10-19,V045
P003255,W01272,2,1901231.33,2024-01-24,V065
P003256,W01273,1,589444.02,2026-05-07,V016
P003257,W01273,2,442083.02,2026-06-30,V085
P003258,W01273,3,442083.02,2026-08-08,V027
P003259,W01274,1,1743400.41,2025-03-18,V059
P003260,W01274,2,1743400.41,2025-08-02,V077
P003261,W01275,1,537111.37,2023-10-21,V055
P003262,W01275,2,402833.53,2023-12-24,V077
P003263,W01275,3,402833.53,2024-02-13,V067
P003265,W01276,2,1060738.42,2025-09-10,V080
P003266,W01276,3,1060738.42,2025-11-12,V048
P003267,W01277,1,1204499.46,2023-08-23,V045
P003268,W01277,2,903374.59,2023-11-03,V049
P003269,W01277,3,903374.59,2024-01-07,V019
P003270,W01278,1,547549.36,2025-09-28,V062
P003271,W01278,2,410662.02,2025-11-30,V045
P003272,W01278,3,410662.02,2026-02-21,V041
P003273,W01279,1,1856957.68,2025-12-08,V038
P003274,W01279,2,1856957.68,2026-04-22,V084
P003275,W01280,1,745037.71,2024-02-16,V055
P003276,W01280,2,558778.28,2024-04-15,V037
P003277,W01280,3,558778.28,2024-07-20,V081
P003278,W01281,1,427420.55,2024-08-19,V014
P003279,W01281,2,427420.55,2024-11-01,V015
P003280,W01282,1,544283.71,2025-12-12,V019
P003281,W01282,2,408212.78,2026-02-24,V058
P003282,W01282,3,408212.78,2026-04-10,V004
P003283,W01283,1,595255.58,2024-06-14,V030
P003284,W01283,2,446441.69,2024-07-11,V016
P003285,W01283,3,446441.69,2024-08-15,V050
P003286,W01284,1,1879194.84,2023-11-11,V044
P003287,W01284,2,1879194.84,2024-04-08,V058
P003288,W01285,1,588150.04,2026-06-14,V081
P003289,W01286,1,423971.7,2023-07-07,V082
P003290,W01286,2,317978.77,2023-08-20,V044
P003291,W01286,3,317978.77,2023-10-07,V034
P003292,W01287,1,2165714.79,2026-04-17,V080
P003293,W01287,2,1624286.09,2026-06-24,V076
P003294,W01288,1,1990458.14,2025-06-18,V043
P003295,W01288,2,1492843.6,2025-09-16,V014
P003296,W01288,3,1492843.6,2025-11-27,V077
P003297,W01289,1,1745423.51,2025-05-29,V008
P003298,W01289,2,1745423.51,2025-08-16,V055
P003299,W01290,1,640805.43,2024-10-10,V051
P003300,W01290,2,480604.07,2024-11-08,V083
P003301,W01290,3,480604.07,2024-11-27,V002
P003302,W01291,1,1192515.36,2024-09-25,V075
P003303,W01291,2,894386.52,2024-11-15,V037
P003304,W01291,3,894386.52,2025-02-04,V020
P003305,W01292,1,579871.92,2025-09-09,V071
P003306,W01292,2,434903.94,2025-11-30,V079
P003307,W01292,3,434903.94,2026-01-31,V053
P003308,W01293,1,333969.66,2025-03-28,V033
P003309,W01293,2,250477.25,2025-05-16,V086
P003310,W01293,3,250477.25,2025-06-17,V016
P003311,W01294,1,358901.07,2024-08-04,V020
P003312,W01294,2,269175.8,2024-09-15,V074
P003313,W01294,3,269175.8,2024-11-01,V008
P003314,W01295,1,774665.99,2025-07-02,V037
P003315,W01295,2,580999.49,2025-09-03,V066
P003316,W01295,3,580999.49,2025-09-28,V049
P003317,W01296,1,516312.59,2023-12-02,V023
P003318,W01296,2,516312.59,2024-02-07,V016
P003319,W01297,1,1096927.61,2025-10-13,V013
P003320,W01297,2,1096927.61,2025-12-08,V009
P003321,W01298,1,783663.83,2025-12-08,V057
P003322,W01298,2,783663.83,2026-03-26,V016
P003323,W01299,1,829438.62,2024-03-31,V078
P003324,W01299,2,829438.62,2024-07-23,V053
P003325,W01300,1,579028.21,2024-10-05,V047
P003326,W01300,2,579028.21,2025-01-26,V070
P003327,W01301,1,945938.43,2024-05-21,V045
P003328,W01301,2,709453.82,2024-08-19,V023
P003329,W01301,3,709453.82,2024-11-18,V089
P003330,W01302,1,782027.44,2024-08-30,V046
P003331,W01302,2,782027.44,2024-12-14,V074
P003332,W01303,1,1682062.38,2025-12-08,V012
P003333,W01303,2,1261546.79,2026-03-14,V018
P003334,W01303,3,1261546.79,2026-06-10,V083
P003335,W01304,1,902938.51,2025-11-10,V079
P003336,W01304,2,902938.51,2026-02-26,V032
P003337,W01305,1,732382.14,2023-07-13,V083
P003338,W01305,2,732382.14,2023-08-16,V050
P003339,W01306,1,991405.09,2024-08-22,V068
P003340,W01306,2,991405.09,2024-10-29,V083
P003341,W01307,1,407946.56,2025-10-28,V062
P003342,W01307,2,305959.92,2025-12-04,V021
P003343,W01307,3,305959.92,2026-01-20,V054
P003344,W01308,1,783261.36,2026-04-20,V040
P003345,W01308,2,587446.02,2026-06-29,V016
P003346,W01308,3,587446.02,2026-07-30,V077
P003347,W01309,1,507726.88,2025-04-12,V051
P003348,W01309,2,380795.16,2025-05-29,V082
P003349,W01309,3,380795.16,2025-08-19,V022
P003350,W01310,1,931704.84,2023-10-03,V064
P003351,W01310,2,931704.84,2023-11-08,V048
P003352,W01311,1,1080721.14,2023-12-08,V042
P003353,W01311,2,810540.85,2024-01-29,V071
P003354,W01311,3,810540.85,2024-03-13,V046
P003355,W01312,1,409314.55,2025-10-26,V032
P003356,W01312,2,306985.91,2026-02-02,V086
P003357,W01312,3,306985.91,2026-04-16,V087
P003358,W01313,1,881850.94,2026-05-16,V055
P003359,W01313,2,661388.21,2026-07-25,V051
P003360,W01314,1,681044.29,2025-09-07,V011
P003361,W01314,2,510783.22,2025-11-28,V080
P003362,W01314,3,510783.22,2026-02-10,V069
P003363,W01315,1,1320302.08,2025-10-08,V042
P003364,W01315,2,990226.56,2025-12-26,V081
P003365,W01315,3,990226.56,2026-03-28,V039
P003366,W01316,1,472371.43,2025-04-21,V004
P003367,W01316,2,354278.57,2025-05-16,V090
P003368,W01316,3,354278.57,2025-06-21,V082
P003369,W01317,1,648070.04,2026-01-14,V029
P003370,W01317,2,486052.53,2026-03-20,V016
P003371,W01317,3,486052.53,2026-05-10,V034
P003372,W01318,1,1103527.97,2026-07-26,V003
P003373,W01319,1,594916.75,2024-09-18,V028
P003374,W01319,2,594916.75,2024-12-24,V078
P003375,W01320,1,756603.77,2026-06-21,V005
P003376,W01320,2,567452.83,2026-08-20,V052
P003377,W01321,1,862112.17,2024-10-17,V048
P003378,W01321,2,862112.17,2025-02-16,V028
P003379,W01322,1,3747163.37,2026-02-02,V012
P003380,W01322,2,3747163.37,2026-05-17,V010
P003381,W01323,1,546655.87,2025-09-25,V012
P003382,W01323,2,409991.9,2025-11-04,V088
P003383,W01323,3,409991.9,2025-12-15,V075
P003384,W01324,1,767312.55,2023-10-05,V076
P003385,W01324,2,767312.55,2024-01-15,V056
P003386,W01325,1,1090072.52,2024-07-18,V023
P003387,W01325,2,817554.39,2024-09-05,V079
P003388,W01325,3,817554.39,2024-10-18,V011
P003389,W01326,1,3600217.51,2024-05-30,V069
P003390,W01326,2,3600217.51,2024-09-15,V016
P003391,W01327,1,1312957.38,2024-10-28,V044
P003392,W01327,2,984718.03,2024-12-11,V085
P003393,W01327,3,984718.03,2025-03-06,V041
P003394,W01328,1,642888.85,2026-05-06,V024
P003395,W01328,2,482166.64,2026-06-29,V008
P003396,W01328,3,482166.64,2026-08-31,V057
P003397,W01329,1,1833051.08,2026-01-27,V007
P003398,W01329,2,1374788.31,2026-04-11,V071
P003399,W01329,3,1374788.31,2026-06-03,V036
P003400,W01330,1,2766025.48,2025-12-27,V015
P003401,W01330,2,2074519.11,2026-04-01,V032
P003402,W01330,3,2074519.11,2026-06-15,V047
P003403,W01331,1,490947.8,2024-11-13,V052
P003404,W01331,2,368210.85,2024-12-21,V007
P003405,W01331,3,368210.85,2025-01-27,V078
P003406,W01332,1,774344.37,2026-02-16,V033
P003407,W01332,2,580758.28,2026-03-22,V054
P003408,W01332,3,580758.28,2026-04-13,V083
P003409,W01333,1,272811.76,2025-04-30,V044
P003410,W01333,2,272811.76,2025-07-04,V048
P003411,W01334,1,1015812.18,2026-01-13,V017
P003412,W01334,2,761859.14,2026-02-21,V028
P003413,W01334,3,761859.14,2026-04-28,V043
P003414,W01335,1,1953645.54,2025-01-30,V020
P003415,W01335,2,1953645.54,2025-04-24,V014
P003416,W01336,1,1179324.53,2024-07-26,V064
P003417,W01336,2,884493.4,2024-10-08,V037
P003418,W01336,3,884493.4,2025-01-31,V077
P003419,W01337,1,279298.96,2025-08-15,V048
P003420,W01337,2,279298.96,2025-11-02,V043
P003421,W01338,1,1447290.69,2025-12-12,V071
P003422,W01338,2,1085468.02,2026-02-01,V034
P003423,W01338,3,1085468.02,2026-04-22,V012
P003424,W01339,1,368802.65,2025-05-31,V063
P003425,W01339,2,276601.99,2025-06-26,V070
P003426,W01339,3,276601.99,2025-07-30,V079
P003427,W01340,1,668513.75,2024-12-04,V040
P003428,W01340,2,668513.75,2025-04-03,V052
P003429,W01341,1,349797.49,2023-10-10,V005
P003430,W01341,2,262348.12,2023-11-20,V080
P003431,W01341,3,262348.12,2023-12-14,V045
P003432,W01342,1,779680.9,2025-07-13,V004
P003433,W01342,2,584760.67,2025-09-03,V025
P003434,W01342,3,584760.67,2025-11-10,V032
P003435,W01343,1,676278.52,2025-02-23,V057
P003436,W01343,2,507208.89,2025-05-19,V020
P003437,W01343,3,507208.89,2025-07-16,V054
P003438,W01344,1,829866.94,2026-01-29,V063
P003439,W01344,2,829866.94,2026-05-14,V052
P003440,W01345,1,1790731.47,2024-11-09,V014
P003441,W01345,2,1790731.47,2025-03-17,V033
P003442,W01346,1,593076.0,2026-01-27,V011
P003443,W01346,2,593076.0,2026-04-12,V029
P003444,W01347,1,1766828.29,2024-06-27,V050
P003445,W01347,2,1325121.22,2024-08-30,V008
P003446,W01347,3,1325121.22,2024-10-18,V024
P003447,W01348,1,1137302.28,2024-01-09,V075
P003448,W01348,2,852976.71,2024-01-30,V014
P003449,W01348,3,852976.71,2024-03-11,V088
P003450,W01349,1,225115.65,2025-07-23,V044
P003451,W01349,2,168836.74,2025-08-19,V043
P003452,W01349,3,168836.74,2025-10-04,V017
P003453,W01350,1,839642.91,2026-05-20,V074
P003454,W01350,2,629732.18,2026-08-01,V017
P003455,W01351,1,1017828.69,2025-09-21,V023
P003456,W01351,2,763371.52,2025-11-02,V009
P003457,W01351,3,763371.52,2025-12-30,V069
P003458,W01352,1,535261.48,2025-12-27,V045
P003459,W01352,2,401446.11,2026-04-10,V022
P003460,W01352,3,401446.11,2026-07-22,V002
P003461,W01353,1,1122743.43,2024-12-15,V016
P003462,W01353,2,842057.57,2025-03-10,V029
P003463,W01353,3,842057.57,2025-05-06,V053
P003464,W01354,1,468144.85,2025-11-16,V072
P003465,W01354,2,351108.64,2026-01-11,V020
P003466,W01354,3,351108.64,2026-03-11,V039
P003467,W01355,1,391295.36,2024-06-01,V046
P003468,W01355,2,293471.52,2024-07-06,V060
P003469,W01355,3,293471.52,2024-08-11,V087
P003470,W01356,1,538147.47,2026-03-12,V023
P003471,W01356,2,538147.47,2026-04-25,V086
P003472,W01357,1,613939.91,2023-12-18,V008
P003473,W01357,2,460454.93,2024-03-04,V075
P003474,W01357,3,460454.93,2024-04-06,V053
P003475,W01358,1,450548.34,2025-06-26,V079
P003476,W01358,2,337911.25,2025-08-01,V068
P003477,W01358,3,337911.25,2025-09-30,V005
P003478,W01359,1,635494.96,2026-01-15,V084
P003479,W01359,2,476621.22,2026-03-27,V001
P003480,W01359,3,476621.22,2026-05-21,V012
P003481,W01360,1,891618.4,2024-03-05,V084
P003482,W01360,2,668713.8,2024-05-02,V027
P003483,W01360,3,668713.8,2024-07-16,V047
P003484,W01361,1,1014117.14,2025-03-30,V050
P003485,W01361,2,760587.85,2025-04-27,V004
P003486,W01361,3,760587.85,2025-06-03,V022
P003487,W01362,1,2695691.6,2024-06-12,V081
P003488,W01362,2,2021768.7,2024-09-22,V016
P003489,W01362,3,2021768.7,2025-01-03,V031
P003490,W01363,1,433375.27,2024-04-23,V043
P003491,W01363,2,433375.27,2024-07-25,V070
P003492,W01364,1,668706.73,2026-04-05,V041
P003493,W01364,2,668706.73,2026-06-08,V089
P003494,W01365,1,184356.68,2024-05-12,V054
P003495,W01365,2,138267.51,2024-06-16,V038
P003496,W01365,3,138267.51,2024-07-28,V086
P003497,W01366,1,1028285.9,2023-08-20,V006
P003498,W01366,2,1028285.9,2023-11-11,V016
P003499,W01367,1,801639.32,2024-06-11,V040
P003500,W01367,2,601229.49,2024-08-20,V066
P003501,W01367,3,601229.49,2024-11-11,V070
P003502,W01368,1,673594.96,2024-06-06,V059
P003503,W01368,2,505196.22,2024-08-05,V042
P003504,W01368,3,505196.22,2024-10-01,V063
P003505,W01369,1,607117.36,2025-10-19,V049
P003506,W01369,2,455338.02,2026-01-08,V021
P003507,W01369,3,455338.02,2026-02-11,V039
P003508,W01370,1,684425.42,2025-10-23,V015
P003509,W01370,2,513319.07,2025-12-21,V014
P003510,W01370,3,513319.07,2026-03-08,V068
P003511,W01371,1,1254403.82,2024-04-29,V066
P003512,W01371,2,940802.86,2024-06-23,V061
P003513,W01371,3,940802.86,2024-08-12,V067
P003514,W01372,1,1018941.44,2025-05-23,V059
P003515,W01372,2,764206.08,2025-06-25,V031
P003516,W01372,3,764206.08,2025-07-10,V049
P003517,W01373,1,229037.35,2026-04-22,V070
P003518,W01373,2,171778.01,2026-06-07,V008
P003519,W01373,3,171778.01,2026-07-18,V019
P003520,W01374,1,1632356.78,2024-02-11,V013
P003521,W01374,2,1632356.78,2024-05-27,V003
P003522,W01375,1,997351.56,2026-08-01,V086
P003523,W01376,1,1641357.57,2023-09-24,V014
P003524,W01376,2,1641357.57,2024-01-03,V059
P003525,W01377,1,706407.15,2023-10-16,V065
P003526,W01377,2,529805.36,2023-12-20,V059
P003527,W01377,3,529805.36,2024-01-18,V060
P003528,W01378,1,406512.5,2024-01-28,V047
P003529,W01378,2,304884.37,2024-03-15,V052
P003530,W01378,3,304884.37,2024-04-18,V080
P003531,W01379,1,744307.87,2023-11-13,V089
P003532,W01379,2,558230.9,2023-12-10,V041
P003533,W01379,3,558230.9,2024-01-13,V062
P003534,W01380,1,1581957.68,2025-07-06,V058
P003535,W01380,2,1186468.26,2025-09-30,V012
P003536,W01380,3,1186468.26,2025-12-23,V078
P003537,W01381,1,2664586.42,2025-10-28,V082
P003538,W01381,2,1998439.82,2026-01-29,V026
P003539,W01381,3,1998439.82,2026-05-22,V022
P003540,W01382,1,588396.53,2023-10-26,V006
P003541,W01382,2,441297.4,2024-01-20,V038
P003542,W01382,3,441297.4,2024-03-17,V027
P003543,W01383,1,342358.49,2024-12-28,V079
P003544,W01383,2,342358.49,2025-03-06,V082
P003545,W01384,1,1070465.64,2025-04-05,V013
P003546,W01384,2,802849.23,2025-05-16,V030
P003547,W01384,3,802849.23,2025-07-20,V045
P003548,W01385,1,1752051.46,2026-03-24,V007
P003549,W01385,2,1314038.59,2026-06-09,V072
P003550,W01386,1,1092423.72,2025-08-24,V086
P003551,W01386,2,819317.79,2025-12-08,V067
P003552,W01386,3,819317.79,2026-03-12,V088
P003553,W01387,1,319747.72,2026-04-14,V032
P003554,W01387,2,239810.79,2026-05-25,V083
P003555,W01387,3,239810.79,2026-07-31,V019
P003556,W01388,1,991806.88,2023-12-09,V079
P003557,W01388,2,743855.16,2024-01-27,V080
P003558,W01388,3,743855.16,2024-04-19,V009
P003559,W01389,1,3279359.9,2023-11-24,V045
P003560,W01389,2,3279359.9,2024-04-07,V008
P003561,W01390,1,1013414.52,2023-07-11,V020
P003562,W01390,2,760060.89,2023-08-31,V033
P003563,W01390,3,760060.89,2023-09-29,V012
P003564,W01391,1,552910.26,2025-03-29,V028
P003565,W01391,2,414682.7,2025-05-28,V020
P003566,W01391,3,414682.7,2025-07-18,V018
P003567,W01392,1,827218.27,2023-09-25,V044
P003568,W01392,2,620413.7,2023-12-12,V003
P003569,W01392,3,620413.7,2024-02-08,V058
P003570,W01393,1,689571.11,2024-10-05,V063
P003571,W01393,2,517178.33,2024-12-15,V005
P003572,W01393,3,517178.33,2025-02-20,V011
P003573,W01394,1,578535.3,2024-11-09,V025
P003574,W01394,2,433901.48,2025-01-13,V087
P003575,W01394,3,433901.48,2025-04-21,V073
P003576,W01395,1,1317367.71,2024-06-24,V040
P003577,W01395,2,988025.78,2024-09-08,V032
P003578,W01395,3,988025.78,2024-12-07,V008
P003579,W01396,1,427599.21,2023-09-01,V062
P003580,W01396,2,427599.21,2023-11-05,V037
P003581,W01397,1,4092092.12,2023-12-25,V023
P003582,W01397,2,4092092.12,2024-03-24,V084
P003583,W01398,1,2189304.38,2023-10-30,V014
P003584,W01398,2,2189304.38,2024-02-29,V045
P003585,W01399,1,516133.12,2025-04-23,V048
P003586,W01399,2,387099.84,2025-05-25,V066
P003587,W01399,3,387099.84,2025-07-24,V075
P003588,W01400,1,1044536.08,2024-02-24,V015
P003589,W01400,2,783402.06,2024-04-15,V072
P003590,W01400,3,783402.06,2024-06-14,V066
P003591,W01401,1,2324719.79,2023-10-21,V085
P003592,W01401,2,2324719.79,2024-01-27,V015
P003593,W01402,1,349797.49,2023-12-19,V053
P003594,W01402,2,262348.12,2024-02-04,V082
P003595,W01402,3,262348.12,2024-03-23,V022
P003596,W01404,1,301804.84,2026-06-01,V006
P003597,W01404,2,301804.84,2026-08-01,V019
P003598,W01405,1,372974.59,2026-04-18,V050
P003599,W01405,2,372974.59,2026-07-13,V017
P003600,W01406,1,1125285.24,2026-03-06,V073
P003601,W01406,2,1125285.24,2026-04-25,V073
P003602,W01407,1,536112.31,2023-09-30,V030
P003603,W01407,2,536112.31,2023-12-04,V021
P003604,W01408,1,1585235.35,2026-05-24,V045
P003605,W01408,2,1585235.35,2026-07-21,V072
P003606,W01409,1,883158.83,2024-01-20,V025
P003607,W01409,2,883158.83,2024-02-29,V071
P003608,W01410,1,1308624.29,2026-03-31,V036
P003609,W01410,2,1308624.29,2026-06-26,V002
P003610,W01411,1,2433710.08,2024-07-17,V056
P003611,W01411,2,2433710.08,2024-12-02,V043
P003612,W01412,1,430517.98,2026-05-15,V006
P003613,W01412,2,322888.48,2026-06-10,V031
P003614,W01412,3,322888.48,2026-07-02,V027
P003615,W01413,1,602973.95,2026-03-31,V061
P003616,W01413,2,452230.46,2026-06-19,V011
P003617,W01413,3,452230.46,2026-08-31,V043
P003618,W01414,1,1310235.75,2024-02-17,V046
P003619,W01414,2,982676.81,2024-04-07,V057
P003620,W01414,3,982676.81,2024-05-31,V035
P003621,W01415,1,1837430.89,2025-04-04,V046
P003622,W01415,2,1837430.89,2025-08-24,V039
P003623,W00913,2,853460.85,2025-12-11,V042
P003624,W00913,2,829986.15,2025-12-13,V042
P003625,W00055,1,974373.4,2024-05-30,V075
P003626,W00055,1,530519.75,2024-06-01,V075
P003627,W00389,1,874042.86,2025-07-13,V089
P003628,W00389,1,897851.21,2025-07-15,V089
P003629,W00389,1,414368.96,2025-07-17,V089
P003630,W00086,2,919821.66,2026-02-26,V010
P003631,W00086,2,592822.07,2026-02-28,V010
P003632,W00773,2,896866.38,2024-06-22,V011
P003633,W00773,2,963036.49,2024-06-24,V011
P003634,W00773,2,363615.97,2024-06-26,V011
P003635,W01231,1,913582.8,2024-09-19,V053
P003636,W01231,1,926934.75,2024-09-21,V053
P003637,W01231,1,137588.85,2024-09-23,V053
P003638,W01161,3,909508.22,2025-09-29,V012
P003639,W01161,3,749637.47,2025-10-01,V012
P003640,W00953,1,892194.45,2025-09-10,V076
P003641,W00953,1,888355.93,2025-09-12,V076
P003642,W00953,1,852749.76,2025-09-14,V076
P003643,W00953,1,559776.48,2025-09-16,V076
P003644,W01276,1,860300.39,2025-06-17,V006
P003645,W01276,1,554017.5,2025-06-19,V006
P003646,W01059,2,946776.78,2025-08-29,V014
P003647,W01059,2,971236.33,2025-08-31,V014
P003648,W01059,2,92099.95,2025-09-02,V014
P003649,W01059,2,0.0,2025-09-04,V014
P003650,W01105,2,891599.78,2023-11-16,V028
P003651,W01105,2,909248.45,2023-11-18,V028
P003652,W01105,2,523871.56,2023-11-20,V028
P003653,W01236,1,970117.42,2025-07-23,V055
P003654,W01236,1,469372.15,2025-07-25,V055
P003655,W00864,9,0.01,2026-08-20,V010
P003656,W00424,9,410008.44,2026-08-20,V043
P003657,W00848,9,767780.56,2026-08-20,V041
P003658,W01269,9,1520928.84,2026-08-20,V080
