work_id,mp_id,state,district,ia_id,category,scale,unit,latitude,longitude,recommended_date,recommended_amount,sanction_date,sanctioned_amount,expected_duration_days,status,completion_date,work_description
W00001,MP022,Uttar Pradesh,Varanasi,IA057,Health Sub-Centre Upgrade,1.0,unit,26.40327,84.50135,2023-08-03,1431642.73,2023-09-14,1356149.56,210,Completed,2024-02-03,Health Sub-Centre Upgrade at Varanasi constituency site 0
W00002,MP022,Uttar Pradesh,Meerut,IA018,Public Toilet Complex,1.13,unit,27.77216,83.28419,2024-04-26,486029.45,2024-05-13,511235.39,120,Completed,2024-09-23,Public Toilet Complex at Meerut constituency site 1
W00003,MP026,Maharashtra,Nagpur,IA001,School Building Renovation,1.02,unit,24.68534,85.21841,2023-08-05,1184873.01,2023-08-24,1165133.24,200,Completed,2024-03-18,School Building Renovation at Nagpur constituency site 2
W00004,MP023,Tamil Nadu,Coimbatore,IA015,Public Toilet Complex,1.09,unit,29.53538,86.15468,2025-10-18,484773.71,2025-11-08,507655.34,120,Completed,2026-02-02,Public Toilet Complex at Coimbatore constituency site 3
W00005,MP014,Maharashtra,Nashik,IA048,Street Lighting (per 50 units),3.53,batch,17.00554,79.24894,2023-07-18,2233495.47,2023-08-08,2201901.02,90,Completed,2023-10-30,Street Lighting (per 50 units) at Nashik constituency site 4
W00006,MP015,West Bengal,Malda,IA014,Health Sub-Centre Upgrade,1.0,unit,17.20623,82.92216,2025-08-06,1107201.58,2025-09-04,3398606.61,210,Completed,2026-04-19,Health Sub-Centre Upgrade at Malda constituency site 5
W00007,MP026,Maharashtra,Nagpur,IA034,Health Sub-Centre Upgrade,1.0,unit,24.79266,85.2891,2024-05-06,1588225.73,2024-05-25,1572289.97,210,Completed,2025-03-21,Health Sub-Centre Upgrade at Nagpur constituency site 6
W00008,MP037,Bihar,Muzaffarpur,IA032,Health Sub-Centre Upgrade,1.0,unit,27.35095,82.17707,2024-11-26,1758973.73,2025-01-01,1762485.3,210,Completed,2025-05-29,Health Sub-Centre Upgrade at Muzaffarpur constituency site 7
W00009,MP022,Uttar Pradesh,Meerut,IA040,Public Toilet Complex,2.23,unit,27.77022,83.29556,2025-02-09,1093919.64,2025-03-27,1117901.91,120,Completed,2025-07-09,Public Toilet Complex at Meerut constituency site 8
W00010,MP004,Bihar,Muzaffarpur,IA032,Drainage / Sewage Line (per km),2.85,km,27.44935,82.00799,2025-08-18,4005696.07,2025-10-03,3925044.55,180,Completed,2026-05-22,Drainage / Sewage Line (per km) at Muzaffarpur constituency site 9
W00011,MP016,West Bengal,Howrah,IA022,Street Lighting (per 50 units),3.29,batch,22.13017,72.58682,2024-10-24,2072042.33,2024-11-28,1943788.82,90,Completed,2025-01-21,Street Lighting (per 50 units) at Howrah constituency site 10
W00012,MP013,Uttar Pradesh,Gorakhpur,IA054,Street Lighting (per 50 units),3.32,batch,16.34386,87.56926,2025-06-08,2186522.07,2025-07-04,2201797.86,90,Completed,2025-09-28,Street Lighting (per 50 units) at Gorakhpur constituency site 11
W00013,MP004,Bihar,Muzaffarpur,IA032,Road Construction (per km),2.47,km,27.54534,82.19069,2026-01-20,4379305.18,2026-02-05,4281613.19,270,In Progress,,Road Construction (per km) at Muzaffarpur constituency site 12
W00014,MP006,Bihar,Muzaffarpur,IA032,Street Lighting (per 50 units),3.15,batch,27.45562,81.99318,2026-03-16,2080924.79,2026-04-16,2226234.92,90,Completed,2026-08-20,Street Lighting (per 50 units) at Muzaffarpur constituency site 13
W00015,MP025,Bihar,Patna,IA023,Road Construction (per km),4.21,km,21.59178,75.76133,2024-08-10,6439802.09,2024-10-07,6286379.67,270,Completed,2025-07-22,Road Construction (per km) at Patna constituency site 14
W00016,MP038,Tamil Nadu,Madurai,IA044,Drainage / Sewage Line (per km),1.07,km,26.49041,77.5311,2023-05-18,1580579.19,2023-06-02,1587134.23,180,Completed,2023-10-28,Drainage / Sewage Line (per km) at Madurai constituency site 15
W00017,MP040,Bihar,Gaya,IA011,Public Toilet Complex,2.82,unit,23.1843,73.05288,2023-11-04,1348363.35,2023-12-29,1343608.66,120,Completed,2024-03-19,Public Toilet Complex at Gaya constituency site 16
W00018,MP011,Bihar,Muzaffarpur,IA032,Public Toilet Complex,2.6,unit,27.51589,81.96865,2023-08-10,1130002.28,2023-09-27,1166926.82,120,Completed,2024-01-01,Public Toilet Complex at Muzaffarpur constituency site 17
W00019,MP025,Bihar,Patna,IA023,Health Sub-Centre Upgrade,1.0,unit,21.55911,75.56703,2024-08-04,1439219.54,2024-08-21,1375295.03,210,In Progress,,Health Sub-Centre Upgrade at Patna constituency site 18
W00020,MP036,Maharashtra,Nashik,IA038,Health Sub-Centre Upgrade,1.0,unit,16.79922,79.11126,2023-11-26,1691141.84,2024-01-19,1598252.2,210,Completed,2024-06-20,Health Sub-Centre Upgrade at Nashik constituency site 19
W00021,MP008,West Bengal,Howrah,IA058,Drinking Water Facility,2.14,unit,22.02421,72.76083,2025-02-25,2009647.38,2024-08-07,1988981.0,150,In Progress,,Drinking Water Facility at Howrah constituency site 20
W00022,MP015,West Bengal,Malda,IA051,Community Hall,1.0,unit,17.25571,82.90717,2023-08-20,4319425.28,2023-09-04,4328415.87,240,Completed,2024-05-20,Community Hall at Malda constituency site 21
W00023,MP019,Maharashtra,Nashik,IA027,Community Hall,1.0,unit,16.89722,79.19844,2024-06-21,2629346.96,2024-07-31,2593166.46,240,Completed,2025-06-02,Community Hall at Nashik constituency site 22
W00024,MP011,Bihar,Muzaffarpur,IA032,Health Sub-Centre Upgrade,1.0,unit,27.42924,82.08603,2025-02-04,1635582.52,2025-03-01,1618935.97,210,Completed,2025-09-27,Health Sub-Centre Upgrade at Muzaffarpur constituency site 23
W00025,MP011,Bihar,Muzaffarpur,IA032,Health Sub-Centre Upgrade,1.0,unit,27.50446,82.05094,2025-10-17,1711509.2,2025-11-21,1702759.58,210,Completed,2026-05-05,Health Sub-Centre Upgrade at Muzaffarpur constituency site 24
W00026,MP013,Uttar Pradesh,Gorakhpur,IA046,Road Construction (per km),4.29,km,16.35687,87.68281,2023-06-25,8061642.66,2023-07-19,8171433.91,270,Completed,2024-03-22,Road Construction (per km) at Gorakhpur constituency site 25
W00027,MP035,West Bengal,Howrah,IA022,Drinking Water Facility,1.31,unit,22.14944,72.78253,2025-04-01,1077207.94,2025-04-16,981405.52,150,Completed,2025-08-23,Drinking Water Facility at Howrah constituency site 26
W00028,MP007,Maharashtra,Nagpur,IA001,Public Toilet Complex,2.28,unit,24.55713,85.06397,2024-05-29,1015399.29,2024-07-11,1025897.86,120,In Progress,,Public Toilet Complex at Nagpur constituency site 27
W00029,MP030,Bihar,Muzaffarpur,IA032,Health Sub-Centre Upgrade,1.0,unit,27.28851,82.1832,2024-10-02,1563261.95,2024-11-03,1542507.98,210,Completed,2025-06-14,Health Sub-Centre Upgrade at Muzaffarpur constituency site 28
W00030,MP030,Bihar,Muzaffarpur,IA032,Community Hall,1.0,unit,27.41156,82.13253,2025-02-21,3689980.26,2025-03-14,3760547.91,240,Completed,2025-06-18,Community Hall at Muzaffarpur constituency site 29
W00031,MP002,West Bengal,Howrah,IA037,Community Hall,1.0,unit,21.96078,72.71276,2024-06-19,3424724.82,2024-08-01,3408369.89,240,Completed,2025-05-07,Community Hall at Howrah constituency site 30
W00032,MP034,Uttar Pradesh,Gorakhpur,IA060,Health Sub-Centre Upgrade,1.0,unit,16.51778,87.56218,2025-07-20,1583277.92,2025-08-20,6135844.04,210,Completed,2026-01-30,Health Sub-Centre Upgrade at Gorakhpur constituency site 31
W00033,MP008,West Bengal,Howrah,IA037,Drainage / Sewage Line (per km),0.78,km,21.98526,72.64316,2024-03-12,1209960.19,2024-03-31,1204165.14,180,Completed,2024-07-23,Drainage / Sewage Line (per km) at Howrah constituency site 32
W00034,MP033,Uttar Pradesh,Meerut,IA040,Community Hall,1.0,unit,27.95743,83.2789,2025-05-09,2888974.56,2025-06-28,2997133.43,240,In Progress,,Community Hall at Meerut constituency site 33
W00035,MP001,West Bengal,Malda,IA030,Road Construction (per km),3.8,km,17.45524,83.07417,2023-08-03,5874234.64,2023-09-14,5915727.01,270,Completed,2024-06-26,Road Construction (per km) at Malda constituency site 34
W00036,MP018,Bihar,Gaya,IA049,Street Lighting (per 50 units),1.37,batch,23.30829,73.16448,2024-10-08,695635.33,2024-11-25,684771.14,90,Completed,2025-03-06,Street Lighting (per 50 units) at Gaya constituency site 35
W00037,MP015,West Bengal,Malda,IA050,Community Hall,1.0,unit,17.27611,82.79341,2024-11-29,3727275.28,2024-12-31,3777380.97,240,Completed,2025-06-26,Community Hall at Malda constituency site 36
W00038,MP003,Bihar,Patna,IA023,Street Lighting (per 50 units),3.6,batch,21.57156,75.67237,2024-06-04,1827541.1,2024-07-24,1840789.56,90,Completed,2024-10-12,Street Lighting (per 50 units) at Patna constituency site 37
W00039,MP014,Maharashtra,Pune,IA003,Health Sub-Centre Upgrade,1.0,unit,20.4833,86.93403,2025-05-06,1497577.15,2025-06-29,1558797.02,210,In Progress,,Health Sub-Centre Upgrade at Pune constituency site 38
W00040,MP009,Bihar,Muzaffarpur,IA032,Drinking Water Facility,1.79,unit,27.28994,82.05918,2024-11-22,1555667.38,2025-01-15,1503705.54,150,Completed,2025-04-18,Drinking Water Facility at Muzaffarpur constituency site 39
W00041,MP034,Uttar Pradesh,Gorakhpur,IA004,Drainage / Sewage Line (per km),1.4,km,16.53729,87.60907,2023-08-09,1926600.84,2023-09-16,1826571.44,180,Completed,2024-03-06,Drainage / Sewage Line (per km) at Gorakhpur constituency site 40
W00042,MP003,Bihar,Patna,IA023,Drinking Water Facility,1.04,unit,21.62731,75.77356,2023-11-08,838388.61,2024-01-05,868885.47,150,Completed,2024-06-02,Drinking Water Facility at Patna constituency site 41
W00043,MP038,Tamil Nadu,Coimbatore,IA055,Drinking Water Facility,1.47,unit,29.6332,86.31712,2025-12-08,1066498.08,2026-01-31,1049773.73,150,Completed,2026-07-10,Drinking Water Facility at Coimbatore constituency site 42
W00044,MP011,Bihar,Muzaffarpur,IA032,Community Hall,1.0,unit,27.49965,82.08812,2023-06-06,4500692.96,2023-07-14,4553040.94,240,In Progress,,Community Hall at Muzaffarpur constituency site 43
W00045,MP026,Maharashtra,Nagpur,IA016,Street Lighting (per 50 units),3.71,batch,24.70388,85.3008,2024-08-27,2109693.96,2024-09-15,2159744.44,90,Completed,2024-12-21,Street Lighting (per 50 units) at Nagpur constituency site 44
W00046,MP003,Bihar,Patna,IA023,Drainage / Sewage Line (per km),0.58,km,21.63774,75.64063,2026-02-14,735761.35,2026-02-26,714491.11,180,In Progress,,Drainage / Sewage Line (per km) at Patna constituency site 45
W00047,MP033,Uttar Pradesh,Meerut,IA040,Public Toilet Complex,1.77,unit,27.81962,83.12614,2023-08-01,896780.01,2023-09-24,872282.45,120,Completed,2024-02-10,Public Toilet Complex at Meerut constituency site 46
W00048,MP017,Uttar Pradesh,Sitapur,IA017,Community Hall,1.0,unit,26.71166,78.9502,2023-04-02,2989325.81,2023-04-13,3050823.63,240,Completed,2024-02-14,Community Hall at Sitapur constituency site 47
W00049,MP006,Bihar,Muzaffarpur,IA032,School Building Renovation,1.23,unit,27.40273,82.17007,2023-12-27,1526051.81,2024-02-21,1473853.47,200,Completed,2024-09-10,School Building Renovation at Muzaffarpur constituency site 48
W00050,MP023,Tamil Nadu,Madurai,IA031,Road Construction (per km),1.35,km,26.29379,77.69316,2023-04-11,2665323.62,2023-04-28,2485632.68,270,Completed,2023-11-15,Road Construction (per km) at Madurai constituency site 49
W00051,MP026,Maharashtra,Nashik,IA048,Health Sub-Centre Upgrade,1.0,unit,17.04734,79.19254,2025-02-06,1528630.39,2025-04-06,1529155.54,210,In Progress,,Health Sub-Centre Upgrade at Nashik constituency site 50
W00052,MP039,Bihar,Gaya,IA036,Drinking Water Facility,1.64,unit,23.26409,72.89453,2023-08-02,1589290.63,2023-09-11,1648873.07,150,Completed,2024-02-20,Drinking Water Facility at Gaya constituency site 51
W00053,MP010,Bihar,Gaya,IA042,Street Lighting (per 50 units),3.18,batch,23.43581,73.04925,2023-09-29,2293068.73,2023-10-24,2386572.32,90,Completed,2024-01-22,Street Lighting (per 50 units) at Gaya constituency site 52
W00054,MP027,Uttar Pradesh,Sitapur,IA029,Street Lighting (per 50 units),2.52,batch,26.49737,79.14129,2024-01-16,1275646.8,2024-01-26,1272595.6,90,Completed,2024-04-25,Street Lighting (per 50 units) at Sitapur constituency site 53
W00055,MP029,Bihar,Patna,IA023,Community Hall,1.0,unit,21.75207,75.49125,2024-01-25,2974867.47,2024-02-10,3009786.29,240,Completed,2024-12-05,Community Hall at Patna constituency site 54
W00056,MP037,Bihar,Muzaffarpur,IA032,Drinking Water Facility,2.22,unit,27.48223,82.12668,2024-10-27,1738172.37,2024-11-25,1757949.99,150,In Progress,,Drinking Water Facility at Muzaffarpur constituency site 55
W00057,MP015,West Bengal,Malda,IA051,School Building Renovation,1.01,unit,17.4312,82.8973,2024-04-27,1127951.08,2024-06-02,1110897.89,200,Completed,2024-12-31,School Building Renovation at Malda constituency site 56
W00058,MP023,Tamil Nadu,Madurai,IA044,Community Hall,1.0,unit,26.33502,77.67751,2024-04-10,3011926.6,2024-05-13,2843694.38,240,Completed,2025-03-21,Community Hall at Madurai constituency site 57
W00059,MP018,Bihar,Gaya,IA049,Drainage / Sewage Line (per km),0.58,km,23.19876,72.93242,2024-12-15,774991.65,2025-01-28,754198.33,180,Completed,2025-10-17,Drainage / Sewage Line (per km) at Gaya constituency site 58
W00060,MP040,Bihar,Gaya,IA025,Drainage / Sewage Line (per km),2.24,km,23.3431,72.99384,2025-02-17,3100889.85,2025-03-18,3134888.73,180,In Progress,,Drainage / Sewage Line (per km) at Gaya constituency site 59
W00061,MP036,Maharashtra,Nashik,IA027,Road Construction (per km),2.2,km,16.97707,79.15804,2023-11-02,4092379.27,2023-12-20,4133702.05,270,Completed,2024-10-29,Road Construction (per km) at Nashik constituency site 60
W00062,MP038,Tamil Nadu,Coimbatore,IA024,Road Construction (per km),4.46,km,29.55102,86.21773,2024-09-05,7359903.9,2024-09-25,7063555.49,270,Completed,2025-07-10,Road Construction (per km) at Coimbatore constituency site 61
W00063,MP035,West Bengal,Howrah,IA013,Street Lighting (per 50 units),2.49,batch,22.11381,72.82139,2023-12-13,1142863.73,2024-01-04,1135287.66,90,In Progress,,Street Lighting (per 50 units) at Howrah constituency site 62
W00064,MP030,Bihar,Gaya,IA049,Road Construction (per km),1.12,km,23.35383,73.03381,2023-11-30,2317177.67,2024-01-06,2143271.18,270,Completed,2024-09-04,Road Construction (per km) at Gaya constituency site 63
W00065,MP001,West Bengal,Malda,IA019,Road Construction (per km),3.13,km,17.28576,83.0068,2025-10-19,5051004.07,2025-12-04,4818308.04,270,Completed,2026-08-21,Road Construction (per km) at Malda constituency site 64
W00066,MP001,West Bengal,Malda,IA030,Drainage / Sewage Line (per km),2.72,km,17.28837,82.91376,2024-05-26,3224454.57,2024-06-18,3120345.45,180,Completed,2024-11-17,Drainage / Sewage Line (per km) at Malda constituency site 65
W00067,MP024,Maharashtra,Pune,IA003,Public Toilet Complex,1.68,unit,20.46038,86.96021,2025-05-28,804028.38,2025-06-19,758661.92,120,Completed,2025-10-20,Public Toilet Complex at Pune constituency site 66
W00068,MP025,Bihar,Patna,IA023,Health Sub-Centre Upgrade,1.0,unit,21.5389,75.77147,2025-09-20,1679448.12,2025-10-21,1683262.82,210,In Progress,,Health Sub-Centre Upgrade at Patna constituency site 67
W00069,MP024,Maharashtra,Nagpur,IA001,Community Hall,1.0,unit,24.60446,85.19664,2025-11-13,3463091.77,2025-11-24,3553059.63,240,In Progress,,Community Hall at Nagpur constituency site 68
W00070,MP036,Maharashtra,Nashik,IA048,Health Sub-Centre Upgrade,1.0,unit,16.91233,79.10206,2024-11-03,1037325.88,2024-11-20,923788.09,210,Completed,2025-07-13,Health Sub-Centre Upgrade at Nashik constituency site 69
W00071,MP024,Maharashtra,Nagpur,IA035,Road Construction (per km),4.08,km,24.78513,85.1456,2023-05-30,9320640.81,2023-07-16,9434735.57,270,Completed,2024-04-03,Road Construction (per km) at Nagpur constituency site 70
W00072,MP008,West Bengal,Howrah,IA056,Drinking Water Facility,1.12,unit,21.96868,72.82746,2025-08-21,1119810.31,2025-09-06,1110309.99,150,Completed,2025-12-27,Drinking Water Facility at Howrah constituency site 71
W00073,MP004,Bihar,Muzaffarpur,IA032,Drinking Water Facility,2.2,unit,27.31767,82.16003,2025-03-23,2085449.9,2025-05-02,1989683.0,150,Completed,2025-10-13,Drinking Water Facility at Muzaffarpur constituency site 72
W00074,MP011,Bihar,Muzaffarpur,IA032,Drinking Water Facility,2.5,unit,27.35524,82.24086,2025-12-03,2413164.35,2026-01-04,2378212.79,150,Completed,2026-08-09,Drinking Water Facility at Muzaffarpur constituency site 73
W00075,MP019,Maharashtra,Nashik,IA048,Drainage / Sewage Line (per km),2.24,km,16.96582,79.15891,2024-12-06,3181601.69,2025-01-21,3260227.32,180,Completed,2025-07-01,Drainage / Sewage Line (per km) at Nashik constituency site 74
W00076,MP037,Bihar,Muzaffarpur,IA032,Community Hall,1.0,unit,27.36246,82.01594,2025-06-11,3342566.59,2025-07-24,3380555.78,240,In Progress,,Community Hall at Muzaffarpur constituency site 75
W00077,MP038,Tamil Nadu,Coimbatore,IA015,Community Hall,1.0,unit,29.6836,86.20066,2025-07-17,3384982.79,2025-08-02,3447913.2,240,Completed,2026-05-05,Community Hall at Coimbatore constituency site 76
W00078,MP021,West Bengal,Malda,IA028,Health Sub-Centre Upgrade,1.0,unit,17.36993,82.78577,2023-06-10,1599110.47,2024-05-21,1656085.23,210,In Progress,,Health Sub-Centre Upgrade at Malda constituency site 77
W00079,MP037,Bihar,Muzaffarpur,IA032,Drinking Water Facility,2.87,unit,27.41145,82.14626,2024-07-30,2792967.33,2024-08-25,2874568.96,150,Completed,2024-12-24,Drinking Water Facility at Muzaffarpur constituency site 78
W00080,MP028,Tamil Nadu,Salem,IA006,Drainage / Sewage Line (per km),2.58,km,26.66998,75.10114,2023-04-23,3801635.31,2023-06-09,3778361.48,180,Completed,2024-02-10,Drainage / Sewage Line (per km) at Salem constituency site 79
W00081,MP010,Bihar,Gaya,IA025,Drinking Water Facility,2.17,unit,23.42697,72.92141,2024-01-08,1916982.36,2024-02-01,1890730.95,150,Completed,2024-06-27,Drinking Water Facility at Gaya constituency site 80
W00082,MP025,Bihar,Patna,IA023,Public Toilet Complex,1.28,unit,21.80078,75.54358,2025-01-22,562391.26,2025-02-06,558522.69,120,Completed,2025-06-12,Public Toilet Complex at Patna constituency site 81
W00083,MP035,West Bengal,Malda,IA043,Drinking Water Facility,1.14,unit,17.42975,82.97784,2026-03-09,1007378.39,2026-04-17,1009249.59,150,Completed,2026-07-23,Drinking Water Facility at Malda constituency site 82
W00084,MP023,Tamil Nadu,Coimbatore,IA015,Community Hall,1.0,unit,29.71033,86.29484,2024-02-18,3503572.36,2024-04-02,3522529.91,240,Completed,2025-03-02,Community Hall at Coimbatore constituency site 83
W00085,MP035,West Bengal,Howrah,IA045,Drinking Water Facility,1.92,unit,22.08704,72.80054,2023-11-16,1855339.61,2023-11-28,1884264.01,150,Completed,2024-03-27,Drinking Water Facility at Howrah constituency site 84
W00086,MP035,West Bengal,Malda,IA050,Community Hall,1.0,unit,17.42802,82.80763,2025-06-28,3016055.49,2025-07-19,3025287.45,240,Completed,2026-02-22,Community Hall at Malda constituency site 85
W00087,MP028,Tamil Nadu,Madurai,IA031,Road Construction (per km),0.5,km,26.46824,77.5728,2025-10-18,819020.16,2025-12-05,814494.85,270,In Progress,,Road Construction (per km) at Madurai constituency site 86
W00088,MP026,Maharashtra,Nagpur,IA016,Health Sub-Centre Upgrade,1.0,unit,24.58524,85.2399,2024-11-11,1865287.86,2024-12-12,1937387.44,210,Completed,2025-07-05,Health Sub-Centre Upgrade at Nagpur constituency site 87
W00089,MP040,Bihar,Gaya,IA042,School Building Renovation,1.22,unit,23.22169,72.9237,2025-03-11,1368575.75,2025-04-27,1396909.55,200,Completed,2026-01-03,School Building Renovation at Gaya constituency site 88
W00090,MP025,Bihar,Muzaffarpur,IA032,Community Hall,1.0,unit,27.55718,82.21846,2025-12-31,3793083.07,2026-01-29,3793235.54,240,Completed,2026-07-02,Community Hall at Muzaffarpur constituency site 89
W00091,MP039,Bihar,Gaya,IA025,Street Lighting (per 50 units),3.2,batch,23.17677,72.88594,2025-06-25,1693019.59,2025-08-01,1817833.6,90,Completed,2025-10-04,Street Lighting (per 50 units) at Gaya constituency site 90
W00092,MP034,Uttar Pradesh,Gorakhpur,IA052,Drinking Water Facility,2.52,unit,16.34391,87.61658,2024-07-02,1832487.98,2024-07-29,1840658.7,150,Completed,2024-11-06,Drinking Water Facility at Gorakhpur constituency site 91
W00093,MP033,Uttar Pradesh,Meerut,IA047,Street Lighting (per 50 units),1.0,batch,27.99608,83.14889,2025-01-14,500900.1,2025-03-09,506390.42,90,In Progress,,Street Lighting (per 50 units) at Meerut constituency site 92
W00094,MP033,Uttar Pradesh,Meerut,IA040,Drinking Water Facility,2.17,unit,27.75875,83.07,2023-11-22,1665205.95,2023-12-17,1739386.82,150,Completed,2024-04-26,Drinking Water Facility at Meerut constituency site 93
W00095,MP029,Bihar,Patna,IA023,Community Hall,1.0,unit,21.68435,75.54742,2024-03-16,3130605.96,2024-04-21,3158547.65,240,In Progress,,Community Hall at Patna constituency site 94
W00096,MP018,Bihar,Gaya,IA011,Public Toilet Complex,1.23,unit,23.39508,73.11704,2023-07-27,404069.36,2023-08-26,420130.58,120,In Progress,,Public Toilet Complex at Gaya constituency site 95
W00097,MP040,Bihar,Gaya,IA049,Road Construction (per km),1.96,km,23.46239,73.02069,2023-07-04,3283870.6,2023-08-11,3339649.22,270,Completed,2024-05-12,Road Construction (per km) at Gaya constituency site 96
W00098,MP032,Tamil Nadu,Coimbatore,IA015,School Building Renovation,1.32,unit,29.5873,86.2475,2023-08-19,1701505.69,2023-10-17,1766689.4,200,Completed,2024-04-07,School Building Renovation at Coimbatore constituency site 0
W00099,MP008,West Bengal,Malda,IA021,Public Toilet Complex,1.78,unit,17.30285,82.97643,2026-01-16,651112.08,2026-02-08,680740.14,120,Completed,2026-05-17,Public Toilet Complex at Malda constituency site 1
W00100,MP001,West Bengal,Malda,IA050,Drinking Water Facility,1.19,unit,17.3331,83.00546,2024-09-30,1009023.48,2024-11-15,1011972.25,150,Completed,2025-04-09,Drinking Water Facility at Malda constituency site 2
W00101,MP038,Tamil Nadu,Madurai,IA031,Health Sub-Centre Upgrade,1.0,unit,26.39499,77.52379,2025-03-19,1895097.41,2025-05-15,1873780.7,210,Completed,2025-11-09,Health Sub-Centre Upgrade at Madurai constituency site 3
W00102,MP033,Uttar Pradesh,Meerut,IA018,Road Construction (per km),3.85,km,27.73064,83.24389,2023-04-30,5124916.23,2023-05-21,5247274.42,270,In Progress,,Road Construction (per km) at Meerut constituency site 4
W00103,MP014,Maharashtra,Pune,IA003,Drinking Water Facility,1.54,unit,20.57295,86.96782,2024-07-20,1312976.55,2024-09-06,1229108.95,150,In Progress,,Drinking Water Facility at Pune constituency site 5
W00104,MP017,Uttar Pradesh,Gorakhpur,IA026,Community Hall,1.0,unit,16.55734,87.64216,2024-05-31,2624551.09,2024-07-20,2683907.03,240,Completed,2025-05-29,Community Hall at Gorakhpur constituency site 6
W00105,MP012,Uttar Pradesh,Varanasi,IA057,Community Hall,1.0,unit,26.5294,84.43419,2023-08-08,3216452.14,2023-08-21,3271015.43,240,Completed,2024-05-09,Community Hall at Varanasi constituency site 7
W00106,MP014,Maharashtra,Pune,IA003,Health Sub-Centre Upgrade,1.0,unit,20.55052,86.83488,2023-09-26,1595728.42,2023-11-14,1606680.07,210,Completed,2024-03-19,Health Sub-Centre Upgrade at Pune constituency site 8
W00107,MP036,Maharashtra,Nashik,IA038,School Building Renovation,1.1,unit,17.06403,79.08042,2024-04-11,1458844.51,2024-04-30,1476874.58,200,In Progress,,School Building Renovation at Nashik constituency site 9
W00108,MP030,Bihar,Muzaffarpur,IA032,Street Lighting (per 50 units),2.29,batch,27.55211,81.96872,2023-11-10,1446380.84,2023-12-16,1401583.66,90,Completed,2024-02-27,Street Lighting (per 50 units) at Muzaffarpur constituency site 10
W00109,MP007,Maharashtra,Nagpur,IA001,Drainage / Sewage Line (per km),2.83,km,24.55473,85.17467,2025-12-24,3347787.49,2026-01-08,3420287.03,180,Completed,2026-06-14,Drainage / Sewage Line (per km) at Nagpur constituency site 11
W00110,MP033,Uttar Pradesh,Meerut,IA018,Public Toilet Complex,1.13,unit,27.81481,83.29721,2024-07-31,402739.58,2024-08-24,398152.14,120,In Progress,,Public Toilet Complex at Meerut constituency site 12
W00111,MP040,Bihar,Gaya,IA049,Street Lighting (per 50 units),3.93,batch,23.3325,73.03415,2024-05-01,2472557.8,2024-06-27,2470755.5,90,In Progress,,Street Lighting (per 50 units) at Gaya constituency site 13
W00112,MP038,Tamil Nadu,Coimbatore,IA024,Public Toilet Complex,1.91,unit,29.43743,86.16313,2024-09-10,842517.89,2024-10-03,844898.42,120,Completed,2025-02-10,Public Toilet Complex at Coimbatore constituency site 14
W00113,MP039,Bihar,Gaya,IA049,Drainage / Sewage Line (per km),0.39,km,23.32353,73.15195,2025-10-29,576284.16,2025-11-18,608480.89,180,Completed,2026-03-14,Drainage / Sewage Line (per km) at Gaya constituency site 15
W00114,MP033,Uttar Pradesh,Meerut,IA040,Drinking Water Facility,1.13,unit,27.89017,83.1957,2023-09-16,946137.3,2023-10-03,953400.99,150,Completed,2024-03-20,Drinking Water Facility at Meerut constituency site 16
W00115,MP038,Tamil Nadu,Coimbatore,IA015,Health Sub-Centre Upgrade,1.0,unit,29.69421,86.25339,2026-02-02,1436385.51,2026-03-07,1479282.74,210,In Progress,,Health Sub-Centre Upgrade at Coimbatore constituency site 17
W00116,MP002,West Bengal,Howrah,IA056,Health Sub-Centre Upgrade,1.0,unit,22.06737,72.60156,2023-10-08,1634812.33,2023-11-20,1675245.84,210,Completed,2024-06-02,Health Sub-Centre Upgrade at Howrah constituency site 18
W00117,MP016,West Bengal,Howrah,IA020,Health Sub-Centre Upgrade,1.0,unit,21.99668,72.69428,2024-09-26,1583977.83,2024-11-21,1443528.79,210,Completed,2025-05-15,Health Sub-Centre Upgrade at Howrah constituency site 19
W00118,MP017,Uttar Pradesh,Gorakhpur,IA046,Health Sub-Centre Upgrade,1.0,unit,16.40537,87.4781,2025-01-14,1655687.76,2025-03-14,1731010.3,210,Completed,2025-11-05,Health Sub-Centre Upgrade at Gorakhpur constituency site 20
W00119,MP017,Uttar Pradesh,Gorakhpur,IA052,Drainage / Sewage Line (per km),2.02,km,16.46146,87.66156,2024-07-12,3608388.55,2024-08-29,3801652.23,180,Completed,2025-01-23,Drainage / Sewage Line (per km) at Gorakhpur constituency site 21
W00120,MP029,Bihar,Patna,IA023,School Building Renovation,1.51,unit,21.72476,75.52515,2024-09-18,1532286.63,2024-10-20,1466683.17,200,Completed,2025-07-03,School Building Renovation at Patna constituency site 22
W00121,MP023,Tamil Nadu,Salem,IA006,Street Lighting (per 50 units),1.33,batch,26.6132,75.12302,2024-01-24,658464.47,2024-03-14,692161.78,90,Completed,2024-06-14,Street Lighting (per 50 units) at Salem constituency site 23
W00122,MP031,Uttar Pradesh,Gorakhpur,IA026,Street Lighting (per 50 units),2.07,batch,16.30088,87.62507,2025-08-26,1037367.63,2025-09-12,1042930.23,90,Completed,2025-11-16,Street Lighting (per 50 units) at Gorakhpur constituency site 24
W00123,MP001,West Bengal,Malda,IA021,Community Hall,1.0,unit,17.23653,82.88704,2025-08-04,3799030.35,2025-08-24,3734489.2,240,Completed,2026-05-10,Community Hall at Malda constituency site 25
W00124,MP021,West Bengal,Howrah,IA009,School Building Renovation,1.75,unit,21.94169,72.66168,2023-10-18,2603373.57,2023-11-10,2608677.67,200,Completed,2024-03-04,School Building Renovation at Howrah constituency site 26
W00125,MP010,Bihar,Gaya,IA036,School Building Renovation,1.64,unit,23.44138,73.10854,2025-02-11,1511141.22,2025-04-11,1386486.76,200,Completed,2025-12-20,School Building Renovation at Gaya constituency site 27
W00126,MP015,West Bengal,Malda,IA030,Health Sub-Centre Upgrade,1.0,unit,17.41528,82.8114,2024-09-04,1706629.16,2024-10-06,1756879.82,210,Completed,2025-03-14,Health Sub-Centre Upgrade at Malda constituency site 28
W00127,MP012,Uttar Pradesh,Varanasi,IA057,Street Lighting (per 50 units),3.67,batch,26.44899,84.70864,2025-11-11,2423941.15,2025-11-27,2416308.78,90,Completed,2026-01-15,Street Lighting (per 50 units) at Varanasi constituency site 29
W00128,MP028,Tamil Nadu,Madurai,IA044,Community Hall,1.0,unit,26.47154,77.7268,2023-10-03,3195776.14,2023-11-13,3160737.37,240,Completed,2024-05-27,Community Hall at Madurai constituency site 30
W00129,MP016,West Bengal,Howrah,IA020,Public Toilet Complex,2.83,unit,21.93366,72.84026,2024-02-22,1294883.23,2024-04-05,1250332.82,120,Completed,2024-08-07,Public Toilet Complex at Howrah constituency site 31
W00130,MP037,Bihar,Muzaffarpur,IA032,Street Lighting (per 50 units),3.33,batch,27.32842,81.95789,2024-01-03,2079880.12,2024-02-10,1989180.75,90,In Progress,,Street Lighting (per 50 units) at Muzaffarpur constituency site 32
W00131,MP028,Tamil Nadu,Madurai,IA031,Community Hall,1.0,unit,26.44542,77.63386,2023-11-14,3731085.05,2024-01-01,3717724.09,240,Completed,2024-10-23,Community Hall at Madurai constituency site 33
W00132,MP008,West Bengal,Howrah,IA012,School Building Renovation,1.86,unit,21.97181,72.8279,2025-06-17,2185439.31,2025-07-31,2210220.29,200,Completed,2026-05-05,School Building Renovation at Howrah constituency site 34
W00133,MP006,Bihar,Muzaffarpur,IA032,Drainage / Sewage Line (per km),1.56,km,27.35133,82.19542,2023-07-17,1811384.18,2023-08-04,1885186.55,180,Completed,2024-01-21,Drainage / Sewage Line (per km) at Muzaffarpur constituency site 35
W00134,MP015,West Bengal,Malda,IA051,Health Sub-Centre Upgrade,1.0,unit,17.23171,83.0328,2024-01-26,1615090.95,2024-02-06,6260359.22,210,Completed,2024-09-20,Health Sub-Centre Upgrade at Malda constituency site 36
W00135,MP021,West Bengal,Howrah,IA013,Community Hall,1.0,unit,21.9191,72.56606,2024-06-04,3993712.76,2024-07-29,4129345.51,240,Completed,2025-05-29,Community Hall at Howrah constituency site 37
W00136,MP009,Bihar,Muzaffarpur,IA032,Health Sub-Centre Upgrade,1.0,unit,27.39687,82.2196,2025-07-11,1654349.17,2025-07-28,1566740.45,210,Completed,2026-02-12,Health Sub-Centre Upgrade at Muzaffarpur constituency site 38
W00137,MP038,Tamil Nadu,Coimbatore,IA015,Community Hall,1.0,unit,29.56208,86.31469,2025-06-29,3772325.48,2025-08-27,3778375.3,240,Completed,2026-04-13,Community Hall at Coimbatore constituency site 39
W00138,MP037,Bihar,Muzaffarpur,IA032,Drainage / Sewage Line (per km),2.29,km,27.50307,82.24479,2024-01-03,3057640.43,2024-02-08,2913884.51,180,In Progress,,Drainage / Sewage Line (per km) at Muzaffarpur constituency site 40
W00139,MP013,Uttar Pradesh,Gorakhpur,IA052,Drainage / Sewage Line (per km),2.02,km,16.52536,87.54522,2023-06-17,3438266.91,2023-08-15,3366454.03,180,Completed,2024-01-10,Drainage / Sewage Line (per km) at Gorakhpur constituency site 41
W00140,MP006,Bihar,Gaya,IA025,Drainage / Sewage Line (per km),1.11,km,23.41768,72.87844,2023-11-14,1511590.83,2023-12-10,1556418.5,180,Completed,2024-03-31,Drainage / Sewage Line (per km) at Gaya constituency site 42
W00141,MP010,Bihar,Gaya,IA049,Health Sub-Centre Upgrade,1.0,unit,23.28773,73.15464,2024-09-24,1722921.02,2024-11-13,1735736.84,210,Completed,2025-05-13,Health Sub-Centre Upgrade at Gaya constituency site 43
W00142,MP015,West Bengal,Howrah,IA022,Community Hall,1.0,unit,21.92451,72.62012,2025-06-25,2975394.81,2025-08-01,2933819.49,240,In Progress,,Community Hall at Howrah constituency site 44
W00143,MP002,West Bengal,Howrah,IA009,Street Lighting (per 50 units),3.23,batch,21.91126,72.81732,2023-07-22,1993076.28,2023-08-24,1965964.17,90,Completed,2023-11-08,Street Lighting (per 50 units) at Howrah constituency site 45
W00144,MP015,West Bengal,Malda,IA051,Community Hall,1.0,unit,17.21504,82.84233,2023-09-02,3553170.62,2023-10-15,3496842.97,240,Completed,2024-08-12,Community Hall at Malda constituency site 46
W00145,MP008,West Bengal,Howrah,IA037,Road Construction (per km),1.1,km,22.04007,72.81555,2023-06-21,1756530.02,2023-08-06,1760391.33,270,Completed,2024-04-29,Road Construction (per km) at Howrah constituency site 47
W00146,MP016,West Bengal,Howrah,IA056,Street Lighting (per 50 units),2.04,batch,21.89686,72.62481,2023-06-14,1023019.06,2023-07-02,2577240.52,90,Completed,2023-10-11,Street Lighting (per 50 units) at Howrah constituency site 48
W00147,MP005,Tamil Nadu,Salem,IA006,Street Lighting (per 50 units),1.23,batch,26.73247,75.23714,2025-10-24,765791.81,2025-11-13,786304.06,90,Completed,2026-01-27,Street Lighting (per 50 units) at Salem constituency site 49
W00148,MP036,Maharashtra,Nashik,IA027,Drinking Water Facility,2.24,unit,16.97413,79.26098,2023-09-17,2564588.49,2023-10-28,2570006.37,150,Completed,2024-02-15,Drinking Water Facility at Nashik constituency site 50
W00149,MP037,Bihar,Muzaffarpur,IA032,School Building Renovation,1.22,unit,27.49263,82.09837,2023-07-04,1302769.06,2023-08-24,1285127.57,200,Completed,2024-06-04,School Building Renovation at Muzaffarpur constituency site 51
W00150,MP020,Tamil Nadu,Salem,IA006,School Building Renovation,1.53,unit,26.67028,75.24071,2026-03-29,1588926.31,2026-05-14,1627498.84,200,In Progress,,School Building Renovation at Salem constituency site 52
W00151,MP005,Tamil Nadu,Salem,IA006,Drainage / Sewage Line (per km),1.52,km,26.52597,75.09378,2026-02-17,2205004.4,2026-03-20,2095305.28,180,Completed,2026-09-02,Drainage / Sewage Line (per km) at Salem constituency site 53
W00152,MP027,Uttar Pradesh,Sitapur,IA017,Road Construction (per km),1.19,km,26.58298,79.09999,2026-02-22,1997165.3,2026-03-12,1994786.3,270,In Progress,,Road Construction (per km) at Sitapur constituency site 54
W00153,MP040,Bihar,Gaya,IA025,Community Hall,1.0,unit,23.24393,72.94996,2025-07-06,2679817.48,2025-08-25,2701829.81,240,In Progress,,Community Hall at Gaya constituency site 55
W00154,MP024,Maharashtra,Nagpur,IA016,Drainage / Sewage Line (per km),2.03,km,24.75785,85.10516,2024-06-14,2123193.61,2024-08-09,2201012.61,180,In Progress,,Drainage / Sewage Line (per km) at Nagpur constituency site 56
W00155,MP018,Bihar,Muzaffarpur,IA032,Drainage / Sewage Line (per km),2.46,km,27.43273,82.10825,2023-05-12,3467726.43,2023-06-07,3510859.71,180,Completed,2023-12-13,Drainage / Sewage Line (per km) at Muzaffarpur constituency site 57
W00156,MP019,Maharashtra,Nashik,IA048,Street Lighting (per 50 units),1.99,batch,16.84006,79.284,2024-07-14,1195574.0,2024-08-02,1141867.39,90,Completed,2024-10-05,Street Lighting (per 50 units) at Nashik constituency site 58
W00157,MP032,Tamil Nadu,Coimbatore,IA015,Road Construction (per km),3.45,km,29.58502,86.14642,2023-10-11,5986933.39,2023-11-24,6072270.19,270,Completed,2024-10-29,Road Construction (per km) at Coimbatore constituency site 59
W00158,MP040,Bihar,Gaya,IA011,Health Sub-Centre Upgrade,1.0,unit,23.22238,73.14227,2024-08-07,1871202.51,2024-09-26,1887475.54,210,Completed,2025-04-04,Health Sub-Centre Upgrade at Gaya constituency site 60
W00159,MP001,West Bengal,Malda,IA051,Public Toilet Complex,2.45,unit,17.25438,82.92197,2025-03-23,944485.45,2025-05-19,892678.66,120,Completed,2025-10-28,Public Toilet Complex at Malda constituency site 61
W00160,MP011,Bihar,Muzaffarpur,IA032,Road Construction (per km),3.7,km,27.44762,82.18959,2024-03-22,6741076.79,2024-04-22,6795019.46,270,Completed,2024-10-03,Road Construction (per km) at Muzaffarpur constituency site 62
W00161,MP025,Bihar,Patna,IA023,Road Construction (per km),3.22,km,21.63767,75.60998,2023-10-13,4296442.85,2023-10-25,4221479.3,270,Completed,2024-06-20,Road Construction (per km) at Patna constituency site 63
W00162,MP034,Uttar Pradesh,Gorakhpur,IA046,Drainage / Sewage Line (per km),2.81,km,16.49161,87.75106,2024-02-27,3872617.3,2024-04-23,3737744.27,180,In Progress,,Drainage / Sewage Line (per km) at Gorakhpur constituency site 64
W00163,MP024,Maharashtra,Nagpur,IA034,Public Toilet Complex,2.7,unit,24.67955,85.06027,2023-06-25,1388546.57,2023-08-20,1362884.19,120,Completed,2023-11-04,Public Toilet Complex at Nagpur constituency site 65
W00164,MP013,Uttar Pradesh,Gorakhpur,IA008,Street Lighting (per 50 units),2.42,batch,16.3734,87.51244,2024-11-17,1442399.01,2024-12-12,1417166.47,90,Completed,2025-02-01,Street Lighting (per 50 units) at Gorakhpur constituency site 66
W00165,MP003,Bihar,Gaya,IA042,Street Lighting (per 50 units),1.65,batch,23.3544,73.1491,2025-03-20,1180582.42,2025-04-17,1139429.64,90,Completed,2025-07-18,Street Lighting (per 50 units) at Gaya constituency site 67
W00166,MP033,Uttar Pradesh,Gorakhpur,IA039,Community Hall,1.0,unit,16.48883,87.54554,2025-10-26,3184092.44,2025-11-21,3100871.46,240,Completed,2026-04-03,Community Hall at Gorakhpur constituency site 68
W00167,MP010,Bihar,Gaya,IA042,Drinking Water Facility,1.89,unit,23.43433,73.01788,2025-10-09,1455505.57,2025-10-31,1429915.53,150,Completed,2026-03-19,Drinking Water Facility at Gaya constituency site 69
W00168,MP027,Uttar Pradesh,Sitapur,IA010,Street Lighting (per 50 units),1.86,batch,26.46891,79.05642,2023-11-16,1104132.82,2023-12-18,1130517.53,90,Completed,2024-02-15,Street Lighting (per 50 units) at Sitapur constituency site 70
W00169,MP019,Maharashtra,Nashik,IA038,School Building Renovation,1.25,unit,16.88505,79.21533,2023-04-16,1587960.33,2023-05-12,1561261.19,200,Completed,2023-10-19,School Building Renovation at Nashik constituency site 71
W00170,MP018,Bihar,Gaya,IA025,Health Sub-Centre Upgrade,1.0,unit,23.34921,73.10025,2023-07-16,1338833.26,2023-09-03,1360736.17,210,Completed,2024-04-20,Health Sub-Centre Upgrade at Gaya constituency site 72
W00171,MP036,Maharashtra,Nashik,IA038,Drinking Water Facility,2.96,unit,16.81572,79.15709,2026-01-12,2519520.31,2026-02-09,2552325.21,150,Completed,2026-08-20,Drinking Water Facility at Nashik constituency site 73
W00172,MP009,Bihar,Muzaffarpur,IA032,School Building Renovation,1.32,unit,27.30378,81.97212,2023-09-13,1343635.86,2023-11-10,1370191.37,200,Completed,2024-08-15,School Building Renovation at Muzaffarpur constituency site 74
W00173,MP024,Maharashtra,Nagpur,IA035,Health Sub-Centre Upgrade,1.0,unit,24.65936,85.27206,2025-06-08,1691507.77,2025-07-13,1651419.73,210,Completed,2025-11-22,Health Sub-Centre Upgrade at Nagpur constituency site 75
W00174,MP029,Bihar,Muzaffarpur,IA032,School Building Renovation,1.53,unit,27.27382,82.07415,2023-12-05,2124232.89,2023-12-24,2166259.83,200,Completed,2024-08-16,School Building Renovation at Muzaffarpur constituency site 76
W00175,MP010,Bihar,Gaya,IA036,Community Hall,1.0,unit,23.27719,73.12689,2024-06-12,3887508.68,2024-07-09,4111014.57,240,Completed,2025-04-14,Community Hall at Gaya constituency site 77
W00176,MP035,West Bengal,Howrah,IA045,Drinking Water Facility,1.08,unit,21.89003,72.79298,2024-11-27,829150.43,2024-12-13,900227.82,150,Completed,2025-04-23,Drinking Water Facility at Howrah constituency site 78
W00177,MP015,West Bengal,Malda,IA007,School Building Renovation,1.99,unit,17.32427,82.83217,2025-05-21,2881559.46,2025-06-26,2914382.24,200,Completed,2026-03-01,School Building Renovation at Malda constituency site 79
W00178,MP003,Bihar,Patna,IA023,Drainage / Sewage Line (per km),0.41,km,21.51104,75.56961,2025-07-10,477091.75,2025-08-01,473348.08,180,Completed,2025-12-01,Drainage / Sewage Line (per km) at Patna constituency site 80
W00179,MP021,West Bengal,Howrah,IA013,School Building Renovation,1.33,unit,22.14804,72.82946,2025-01-21,1673999.18,2025-02-01,1616061.65,200,Completed,2025-08-15,School Building Renovation at Howrah constituency site 81
W00180,MP031,Uttar Pradesh,Gorakhpur,IA060,Road Construction (per km),3.94,km,16.49276,87.70192,2025-07-26,7627647.99,2025-08-28,7815005.28,270,In Progress,,Road Construction (per km) at Gorakhpur constituency site 82
W00181,MP003,Bihar,Patna,IA023,School Building Renovation,1.09,unit,21.74097,75.66652,2025-07-22,1195958.89,2025-08-07,1185924.43,200,Completed,2026-01-01,School Building Renovation at Patna constituency site 83
W00182,MP001,West Bengal,Malda,IA014,Drainage / Sewage Line (per km),0.41,km,17.29183,83.04262,2024-06-27,636766.08,2024-07-30,646114.77,180,In Progress,,Drainage / Sewage Line (per km) at Malda constituency site 84
W00183,MP032,Tamil Nadu,Coimbatore,IA015,School Building Renovation,1.5,unit,29.51608,86.30964,2024-08-25,1625228.79,2024-09-16,1623862.73,200,Completed,2025-04-25,School Building Renovation at Coimbatore constituency site 85
W00184,MP033,Uttar Pradesh,Meerut,IA047,Street Lighting (per 50 units),3.35,batch,27.88694,83.05889,2026-02-25,2088170.32,2026-04-04,2066149.01,90,Completed,2026-07-10,Street Lighting (per 50 units) at Meerut constituency site 86
W00185,MP027,Uttar Pradesh,Meerut,IA005,Drainage / Sewage Line (per km),1.82,km,27.97377,83.02816,2023-08-05,2328011.32,2023-08-28,2262174.24,180,Completed,2024-02-29,Drainage / Sewage Line (per km) at Meerut constituency site 87
W00186,MP040,Bihar,Gaya,IA011,Street Lighting (per 50 units),3.81,batch,23.38422,73.0039,2024-01-09,2347529.24,2024-01-28,2370948.12,90,Completed,2024-04-15,Street Lighting (per 50 units) at Gaya constituency site 88
W00187,MP014,Maharashtra,Nagpur,IA035,School Building Renovation,1.87,unit,24.78689,85.29845,2025-07-23,2414567.75,2025-09-17,2504912.05,200,Completed,2026-03-05,School Building Renovation at Nagpur constituency site 89
W00188,MP036,Maharashtra,Nashik,IA027,Street Lighting (per 50 units),1.57,batch,16.79185,79.06783,2024-06-29,979873.19,2024-08-20,994013.6,90,Completed,2024-11-09,Street Lighting (per 50 units) at Nashik constituency site 90
W00189,MP009,Bihar,Muzaffarpur,IA032,Street Lighting (per 50 units),3.85,batch,27.36055,82.0671,2024-06-14,1827532.57,2024-08-06,1820854.48,90,Completed,2024-11-16,Street Lighting (per 50 units) at Muzaffarpur constituency site 91
W00190,MP012,Uttar Pradesh,Varanasi,IA057,Road Construction (per km),1.65,km,26.45519,84.54345,2023-10-24,3031659.74,2023-11-12,3015260.86,270,Completed,2024-06-14,Road Construction (per km) at Varanasi constituency site 92
W00191,MP012,Uttar Pradesh,Varanasi,IA057,Public Toilet Complex,2.18,unit,26.5052,84.44462,2024-02-22,1108238.39,2024-03-29,1093072.5,120,Completed,2024-07-13,Public Toilet Complex at Varanasi constituency site 93
W00192,MP038,Tamil Nadu,Coimbatore,IA015,Drainage / Sewage Line (per km),0.55,km,29.62753,86.40071,2023-05-04,689943.15,2023-05-20,690176.58,180,Completed,2023-11-20,Drainage / Sewage Line (per km) at Coimbatore constituency site 94
W00193,MP011,Bihar,Muzaffarpur,IA032,Health Sub-Centre Upgrade,1.0,unit,27.5226,82.15112,2025-10-09,1644985.29,2025-10-23,1673572.59,210,Completed,2026-06-15,Health Sub-Centre Upgrade at Muzaffarpur constituency site 95
W00194,MP024,Maharashtra,Nagpur,IA035,Street Lighting (per 50 units),1.61,batch,24.56794,85.10189,2025-05-10,844986.0,2025-06-13,842699.66,90,Completed,2025-10-08,Street Lighting (per 50 units) at Nagpur constituency site 96
W00195,MP036,Maharashtra,Nashik,IA048,Health Sub-Centre Upgrade,1.0,unit,16.99055,79.34086,2023-06-19,1480860.42,2023-08-04,1447779.93,210,Completed,2024-02-25,Health Sub-Centre Upgrade at Nashik constituency site 0
W00196,MP018,Bihar,Gaya,IA036,Public Toilet Complex,1.65,unit,23.43824,73.1696,2024-07-21,772080.8,2024-08-28,797202.45,120,Completed,2024-12-02,Public Toilet Complex at Gaya constituency site 1
W00197,MP035,West Bengal,Malda,IA030,Community Hall,1.0,unit,17.17408,82.79889,2023-07-20,3755549.73,2023-09-06,3547529.42,240,Completed,2024-06-09,Community Hall at Malda constituency site 2
W00198,MP038,Tamil Nadu,Coimbatore,IA024,School Building Renovation,1.21,unit,29.58463,86.25292,2026-03-15,1780649.6,2026-03-31,1674657.68,200,In Progress,,School Building Renovation at Coimbatore constituency site 3
W00199,MP005,Tamil Nadu,Salem,IA059,Community Hall,1.0,unit,26.5769,74.98494,2025-09-28,3792945.09,2025-10-26,3903434.3,240,Completed,2026-09-03,Community Hall at Salem constituency site 4
W00200,MP035,West Bengal,Malda,IA002,Road Construction (per km),4.38,km,17.18119,83.03489,2023-06-12,7174438.36,2023-06-25,7108551.39,270,Completed,2023-10-11,Road Construction (per km) at Malda constituency site 5
W00201,MP038,Tamil Nadu,Coimbatore,IA024,School Building Renovation,1.49,unit,29.42602,86.28319,2025-11-29,1790869.91,2026-01-27,1804915.01,200,Completed,2026-08-17,School Building Renovation at Coimbatore constituency site 6
W00202,MP035,West Bengal,Malda,IA028,Public Toilet Complex,1.84,unit,17.26237,82.87044,2024-01-14,1050008.62,2024-02-10,1063221.87,120,Completed,2024-06-09,Public Toilet Complex at Malda constituency site 7
W00203,MP003,Bihar,Patna,IA023,Community Hall,1.0,unit,21.54638,75.48839,2025-01-19,3919863.09,2025-03-18,3737294.59,240,Completed,2025-10-14,Community Hall at Patna constituency site 8
W00204,MP005,Tamil Nadu,Madurai,IA044,Road Construction (per km),3.87,km,26.22458,77.70096,2025-10-17,7671463.73,2025-11-25,7627719.89,270,Completed,2026-06-17,Road Construction (per km) at Madurai constituency site 9
W00205,MP026,Maharashtra,Nagpur,IA035,Health Sub-Centre Upgrade,1.0,unit,24.77576,85.25593,2023-08-14,1725095.8,2023-09-04,1723168.04,210,Completed,2023-12-08,Health Sub-Centre Upgrade at Nagpur constituency site 10
W00206,MP018,Bihar,Gaya,IA011,Drinking Water Facility,2.86,unit,23.31493,72.90329,2025-12-20,3058941.13,2026-02-16,3026614.39,150,Completed,2026-08-26,Drinking Water Facility at Gaya constituency site 11
W00207,MP018,Bihar,Gaya,IA042,Public Toilet Complex,1.25,unit,23.43888,73.08881,2026-01-14,546405.55,2026-03-02,572516.83,120,Completed,2026-07-15,Public Toilet Complex at Gaya constituency site 12
W00208,MP027,Uttar Pradesh,Sitapur,IA010,Street Lighting (per 50 units),3.48,batch,26.63556,79.0714,2025-11-18,2286027.74,2025-12-27,2250570.47,90,Completed,2026-04-21,Street Lighting (per 50 units) at Sitapur constituency site 13
W00209,MP011,Bihar,Gaya,IA011,Community Hall,1.0,unit,23.29008,73.04599,2024-04-04,3629695.7,2024-05-08,3503399.79,240,Completed,2025-02-07,Community Hall at Gaya constituency site 14
W00210,MP003,Bihar,Patna,IA023,Community Hall,1.0,unit,21.65942,75.7477,2025-03-03,3136305.25,2025-04-20,3163660.09,240,Completed,2025-11-13,Community Hall at Patna constituency site 15
W00211,MP007,Maharashtra,Nagpur,IA034,Community Hall,1.0,unit,24.60958,85.14808,2023-11-29,3966187.25,2023-12-27,3877545.0,240,Completed,2024-04-05,Community Hall at Nagpur constituency site 16
W00212,MP007,Maharashtra,Nagpur,IA035,Health Sub-Centre Upgrade,1.0,unit,24.65955,85.08465,2024-05-16,1619379.86,2024-06-04,1721735.27,210,Completed,2024-10-12,Health Sub-Centre Upgrade at Nagpur constituency site 17
W00213,MP009,Bihar,Muzaffarpur,IA032,Public Toilet Complex,2.55,unit,27.55223,82.07724,2024-05-24,1015581.8,2024-07-01,964519.0,120,In Progress,,Public Toilet Complex at Muzaffarpur constituency site 18
W00214,MP019,Maharashtra,Pune,IA003,Health Sub-Centre Upgrade,1.0,unit,20.42216,86.8831,2025-06-26,1742020.96,2025-08-15,1878088.11,210,Completed,2026-04-22,Health Sub-Centre Upgrade at Pune constituency site 19
W00215,MP024,Maharashtra,Nagpur,IA035,Drinking Water Facility,2.88,unit,24.63393,85.05003,2023-06-01,2334588.2,2023-07-07,2340863.06,150,Completed,2023-09-23,Drinking Water Facility at Nagpur constituency site 20
W00216,MP021,West Bengal,Howrah,IA012,Drinking Water Facility,1.45,unit,22.01979,72.66133,2023-09-07,1194948.57,2023-11-05,1179157.05,150,In Progress,,Drinking Water Facility at Howrah constituency site 21
W00217,MP020,Tamil Nadu,Madurai,IA044,Road Construction (per km),4.23,km,26.42845,77.52734,2025-12-14,7647331.74,2026-01-19,7695903.1,270,In Progress,,Road Construction (per km) at Madurai constituency site 22
W00218,MP004,Bihar,Muzaffarpur,IA032,Health Sub-Centre Upgrade,1.0,unit,27.3956,82.05852,2025-08-31,1580742.85,2025-10-05,1585822.01,210,In Progress,,Health Sub-Centre Upgrade at Muzaffarpur constituency site 23
W00219,MP007,Maharashtra,Nagpur,IA035,Community Hall,1.0,unit,24.59357,85.22203,2023-12-22,3958077.17,2024-01-25,3943580.65,240,Completed,2024-10-24,Community Hall at Nagpur constituency site 24
W00220,MP004,Bihar,Muzaffarpur,IA032,Public Toilet Complex,2.24,unit,27.44568,82.07542,2023-05-04,1119213.49,2023-05-19,1131260.57,120,Completed,2023-08-28,Public Toilet Complex at Muzaffarpur constituency site 25
W00221,MP021,West Bengal,Howrah,IA045,Road Construction (per km),0.57,km,22.01436,72.73687,2026-03-26,953788.19,2026-05-07,994877.22,270,In Progress,,Road Construction (per km) at Howrah constituency site 26
W00222,MP034,Uttar Pradesh,Gorakhpur,IA053,Public Toilet Complex,2.85,unit,16.26387,87.59358,2024-02-09,1249596.66,2024-03-31,1320563.09,120,Completed,2024-08-30,Public Toilet Complex at Gorakhpur constituency site 27
W00223,MP030,Bihar,Muzaffarpur,IA032,Road Construction (per km),3.95,km,27.5385,81.98322,2024-06-14,7234153.23,2024-08-02,7461082.86,270,In Progress,,Road Construction (per km) at Muzaffarpur constituency site 28
W00224,MP038,Tamil Nadu,Coimbatore,IA015,School Building Renovation,1.67,unit,29.59476,86.20967,2025-05-12,2193373.84,2025-06-28,2161321.18,200,Completed,2026-02-07,School Building Renovation at Coimbatore constituency site 29
W00225,MP014,Maharashtra,Nagpur,IA016,Public Toilet Complex,1.99,unit,24.76627,85.26112,2023-07-04,937305.98,2023-07-27,878278.02,120,In Progress,,Public Toilet Complex at Nagpur constituency site 30
W00226,MP014,Maharashtra,Pune,IA003,Community Hall,1.0,unit,20.51478,86.76477,2023-09-11,3104554.21,2023-10-12,3145489.26,240,Completed,2024-10-22,Community Hall at Pune constituency site 31
W00227,MP028,Tamil Nadu,Coimbatore,IA024,Health Sub-Centre Upgrade,1.0,unit,29.65738,86.19941,2025-02-19,1443361.28,2025-03-13,1498193.33,210,Completed,2025-11-28,Health Sub-Centre Upgrade at Coimbatore constituency site 32
W00228,MP036,Maharashtra,Pune,IA003,Drinking Water Facility,2.76,unit,20.6659,86.97613,2024-02-13,2904341.09,2024-04-09,2958726.41,150,Completed,2024-09-23,Drinking Water Facility at Pune constituency site 33
W00229,MP032,Tamil Nadu,Coimbatore,IA024,Road Construction (per km),4.67,km,29.47823,86.39211,2024-08-08,8695392.81,2024-09-07,8966242.97,270,Completed,2025-05-29,Road Construction (per km) at Coimbatore constituency site 34
W00230,MP032,Tamil Nadu,Coimbatore,IA024,Community Hall,1.0,unit,29.59478,86.27408,2025-01-25,3417470.66,2025-02-07,3281023.64,240,Completed,2025-09-11,Community Hall at Coimbatore constituency site 35
W00231,MP040,Bihar,Gaya,IA042,Community Hall,1.0,unit,23.40897,73.1272,2024-09-30,3176083.33,2024-11-13,3110857.12,240,Completed,2025-07-23,Community Hall at Gaya constituency site 36
W00232,MP002,West Bengal,Howrah,IA012,Drinking Water Facility,1.48,unit,21.96519,72.81362,2023-10-05,1201443.78,2023-10-27,1204693.33,150,In Progress,,Drinking Water Facility at Howrah constituency site 37
W00233,MP027,Uttar Pradesh,Sitapur,IA029,Public Toilet Complex,1.06,unit,26.57566,79.11579,2025-09-14,464753.32,2025-11-09,456594.27,120,Completed,2026-02-08,Public Toilet Complex at Sitapur constituency site 38
W00234,MP028,Tamil Nadu,Madurai,IA031,Drainage / Sewage Line (per km),0.76,km,26.26315,77.78057,2025-08-25,1101181.08,2025-10-22,1066249.85,180,Completed,2026-03-13,Drainage / Sewage Line (per km) at Madurai constituency site 39
W00235,MP016,West Bengal,Howrah,IA045,Road Construction (per km),3.0,km,21.90118,72.77314,2026-01-05,5283398.82,2026-02-24,5123579.88,270,In Progress,,Road Construction (per km) at Howrah constituency site 40
W00236,MP026,Maharashtra,Nagpur,IA016,Community Hall,1.0,unit,24.60823,85.09581,2024-06-04,3491641.3,2024-07-19,3564029.58,240,Completed,2025-04-14,Community Hall at Nagpur constituency site 41
W00237,MP004,Bihar,Muzaffarpur,IA032,Health Sub-Centre Upgrade,1.0,unit,27.49394,82.06477,2024-02-25,1259504.41,2024-04-17,1306088.33,210,Completed,2024-10-07,Health Sub-Centre Upgrade at Muzaffarpur constituency site 42
W00238,MP039,Bihar,Gaya,IA011,Community Hall,1.0,unit,23.43342,73.11036,2023-05-09,4040473.75,2023-06-24,3885380.55,240,Completed,2024-05-12,Community Hall at Gaya constituency site 43
W00239,MP029,Bihar,Patna,IA023,Health Sub-Centre Upgrade,1.0,unit,21.52294,75.76924,2024-10-26,1434499.39,2024-12-05,1386642.58,210,Completed,2025-07-14,Health Sub-Centre Upgrade at Patna constituency site 44
W00240,MP034,Uttar Pradesh,Gorakhpur,IA054,Public Toilet Complex,1.32,unit,16.48893,87.56642,2026-03-21,585920.13,2026-04-10,598339.28,120,Completed,2026-08-03,Public Toilet Complex at Gorakhpur constituency site 45
W00241,MP039,Bihar,Gaya,IA025,Drinking Water Facility,1.23,unit,23.37637,73.07715,2023-07-11,962731.17,2023-08-21,999986.84,150,In Progress,,Drinking Water Facility at Gaya constituency site 46
W00242,MP018,Bihar,Gaya,IA049,Health Sub-Centre Upgrade,1.0,unit,23.3427,73.05913,2025-10-02,1375434.88,2025-10-23,1446713.42,210,Completed,2026-04-29,Health Sub-Centre Upgrade at Gaya constituency site 47
W00243,MP025,Bihar,Muzaffarpur,IA032,Road Construction (per km),0.78,km,27.36313,82.17591,2024-09-21,1513103.28,2024-10-31,1432468.45,270,Completed,2025-10-06,Road Construction (per km) at Muzaffarpur constituency site 48
W00244,MP018,Bihar,Gaya,IA011,Community Hall,1.0,unit,23.25356,73.05012,2025-11-12,3664428.34,2024-11-28,3486439.16,240,In Progress,,Community Hall at Gaya constituency site 49
W00245,MP029,Bihar,Patna,IA023,Drinking Water Facility,1.11,unit,21.64076,75.5518,2026-03-02,915747.51,2026-04-30,901090.43,150,Completed,2026-08-31,Drinking Water Facility at Patna constituency site 50
W00246,MP040,Bihar,Gaya,IA049,Community Hall,1.0,unit,23.24994,72.98261,2025-07-09,3906444.66,2025-08-22,3877810.95,240,Completed,2026-05-22,Community Hall at Gaya constituency site 51
W00247,MP005,Tamil Nadu,Salem,IA059,Health Sub-Centre Upgrade,1.0,unit,26.54506,75.19445,2024-07-23,1473074.73,2024-08-20,1520182.67,210,Completed,2025-03-18,Health Sub-Centre Upgrade at Salem constituency site 52
W00248,MP035,West Bengal,Malda,IA051,School Building Renovation,1.32,unit,17.38864,82.91617,2024-01-25,1563369.36,2024-03-21,1539154.44,200,Completed,2024-11-04,School Building Renovation at Malda constituency site 53
W00249,MP037,Bihar,Muzaffarpur,IA032,Health Sub-Centre Upgrade,1.0,unit,27.54371,81.96747,2023-07-24,1786202.46,2023-09-14,1733585.77,210,Completed,2024-07-10,Health Sub-Centre Upgrade at Muzaffarpur constituency site 54
W00250,MP006,Bihar,Muzaffarpur,IA032,School Building Renovation,1.12,unit,27.42321,81.9569,2023-12-30,1241695.1,2024-01-14,1226030.8,200,Completed,2024-07-05,School Building Renovation at Muzaffarpur constituency site 55
W00251,MP025,Bihar,Patna,IA023,Drinking Water Facility,2.1,unit,21.53369,75.52386,2024-03-26,1540561.42,2025-01-31,1571803.02,150,In Progress,,Drinking Water Facility at Patna constituency site 56
W00252,MP037,Bihar,Muzaffarpur,IA032,Street Lighting (per 50 units),3.96,batch,27.45142,82.08263,2025-01-28,2115050.84,2025-02-26,2176630.42,90,In Progress,,Street Lighting (per 50 units) at Muzaffarpur constituency site 57
W00253,MP038,Tamil Nadu,Coimbatore,IA055,School Building Renovation,1.38,unit,29.68736,86.31024,2026-03-27,1622640.06,2026-04-20,1650893.28,200,In Progress,,School Building Renovation at Coimbatore constituency site 58
W00254,MP006,Bihar,Muzaffarpur,IA032,Community Hall,1.0,unit,27.52082,81.96694,2024-03-27,3909913.3,2024-04-13,4077756.38,240,In Progress,,Community Hall at Muzaffarpur constituency site 59
W00255,MP033,Uttar Pradesh,Meerut,IA018,Road Construction (per km),3.53,km,27.83856,83.21708,2023-10-03,5675552.67,2023-11-11,5783309.0,270,Completed,2024-05-14,Road Construction (per km) at Meerut constituency site 60
W00256,MP013,Uttar Pradesh,Gorakhpur,IA026,Street Lighting (per 50 units),3.0,batch,16.33609,87.46336,2025-11-21,1401793.76,2026-01-06,1356644.12,90,Completed,2026-02-14,Street Lighting (per 50 units) at Gorakhpur constituency site 61
W00257,MP025,Bihar,Patna,IA023,Public Toilet Complex,1.57,unit,21.78851,75.74839,2023-08-16,732407.09,2023-09-11,748938.62,120,Completed,2024-01-18,Public Toilet Complex at Patna constituency site 62
W00258,MP009,Bihar,Patna,IA023,Public Toilet Complex,1.67,unit,21.79214,75.51603,2024-10-19,789521.41,2024-11-24,773813.71,120,Completed,2025-04-22,Public Toilet Complex at Patna constituency site 63
W00259,MP022,Uttar Pradesh,Meerut,IA005,Drinking Water Facility,1.57,unit,27.92424,83.04635,2024-03-16,1174513.75,2024-05-14,1155588.92,150,Completed,2024-11-22,Drinking Water Facility at Meerut constituency site 64
W00260,MP008,West Bengal,Howrah,IA056,Public Toilet Complex,2.42,unit,21.88065,72.73278,2025-01-30,1335713.9,2025-03-24,1246152.86,120,Completed,2025-09-14,Public Toilet Complex at Howrah constituency site 65
W00261,MP013,Uttar Pradesh,Gorakhpur,IA054,Drainage / Sewage Line (per km),0.73,km,16.35556,87.62469,2024-11-22,865885.11,2025-01-01,848318.56,180,Completed,2025-07-12,Drainage / Sewage Line (per km) at Gorakhpur constituency site 66
W00262,MP013,Uttar Pradesh,Gorakhpur,IA046,Street Lighting (per 50 units),3.94,batch,16.4864,87.48534,2025-02-07,2698227.48,2025-03-30,2637094.87,90,Completed,2025-06-18,Street Lighting (per 50 units) at Gorakhpur constituency site 67
W00263,MP018,Bihar,Gaya,IA049,Drinking Water Facility,2.5,unit,23.37826,72.95468,2023-06-27,2170781.17,2023-07-22,2185574.79,150,In Progress,,Drinking Water Facility at Gaya constituency site 68
W00264,MP025,Bihar,Patna,IA023,Road Construction (per km),1.56,km,21.67242,75.58005,2024-04-18,2697436.96,2024-06-04,2525218.87,270,Completed,2025-03-08,Road Construction (per km) at Patna constituency site 69
W00265,MP039,Bihar,Gaya,IA025,Public Toilet Complex,1.76,unit,23.46441,73.08293,2024-05-18,820933.55,2024-05-31,2263701.26,120,Completed,2024-11-27,Public Toilet Complex at Gaya constituency site 70
W00266,MP005,Tamil Nadu,Salem,IA059,Health Sub-Centre Upgrade,1.0,unit,26.75065,75.25682,2025-02-24,1487866.37,2025-04-08,1502060.55,210,Completed,2025-09-23,Health Sub-Centre Upgrade at Salem constituency site 71
W00267,MP014,Maharashtra,Pune,IA003,Drainage / Sewage Line (per km),2.69,km,20.59638,86.82686,2025-09-20,4464321.31,2025-11-01,4499047.61,180,Completed,2026-07-03,Drainage / Sewage Line (per km) at Pune constituency site 72
W00268,MP033,Uttar Pradesh,Meerut,IA018,Community Hall,1.0,unit,27.86281,83.13081,2023-08-30,3769106.23,2023-09-21,3762430.13,240,Completed,2024-03-06,Community Hall at Meerut constituency site 73
W00269,MP012,Uttar Pradesh,Varanasi,IA057,Drinking Water Facility,2.93,unit,26.53914,84.52825,2023-04-18,2854613.32,2023-05-24,2722059.39,150,Completed,2023-08-07,Drinking Water Facility at Varanasi constituency site 74
W00270,MP024,Maharashtra,Nagpur,IA035,Community Hall,1.0,unit,24.60288,85.07578,2023-11-30,3351637.65,2023-12-25,3363569.23,240,Completed,2024-07-14,Community Hall at Nagpur constituency site 75
W00271,MP016,West Bengal,Malda,IA028,Community Hall,1.0,unit,17.18937,82.89588,2025-12-29,2985335.44,2026-01-14,3021332.17,240,In Progress,,Community Hall at Malda constituency site 76
W00272,MP010,Bihar,Gaya,IA036,Drainage / Sewage Line (per km),2.89,km,23.36273,72.92711,2024-02-13,4178525.48,2024-03-26,4250211.32,180,Completed,2024-10-13,Drainage / Sewage Line (per km) at Gaya constituency site 77
W00273,MP001,West Bengal,Malda,IA030,School Building Renovation,1.66,unit,17.3663,82.85998,2025-05-18,2293120.09,2025-06-20,2231907.27,200,Completed,2025-12-18,School Building Renovation at Malda constituency site 78
W00274,MP029,Bihar,Patna,IA023,Drinking Water Facility,1.91,unit,21.53986,75.69247,2025-04-18,1924425.74,2025-05-07,1872262.19,150,Completed,2025-08-22,Drinking Water Facility at Patna constituency site 79
W00275,MP018,Bihar,Gaya,IA036,Drainage / Sewage Line (per km),0.42,km,23.40187,72.98406,2024-10-06,671151.49,2024-11-23,720920.24,180,Completed,2025-06-02,Drainage / Sewage Line (per km) at Gaya constituency site 80
W00276,MP021,West Bengal,Howrah,IA012,Road Construction (per km),4.22,km,21.90594,72.55115,2023-05-08,7785368.82,2023-06-23,7965374.05,270,Completed,2023-11-23,Road Construction (per km) at Howrah constituency site 81
W00277,MP029,Bihar,Patna,IA023,School Building Renovation,1.33,unit,21.59483,75.78047,2023-10-21,1639946.25,2023-12-12,1616782.58,200,Completed,2024-05-14,School Building Renovation at Patna constituency site 82
W00278,MP026,Maharashtra,Nagpur,IA001,Road Construction (per km),3.61,km,24.68924,85.31018,2025-01-17,7228929.06,2025-01-30,7624975.2,270,Completed,2025-09-12,Road Construction (per km) at Nagpur constituency site 83
W00279,MP024,Maharashtra,Nagpur,IA001,Drainage / Sewage Line (per km),0.41,km,24.7891,85.0914,2025-06-17,627807.76,2025-07-15,1867709.18,180,Completed,2025-11-13,Drainage / Sewage Line (per km) at Nagpur constituency site 84
W00280,MP027,Uttar Pradesh,Sitapur,IA010,Drainage / Sewage Line (per km),2.26,km,26.46736,79.03813,2023-06-28,3459971.73,2023-07-15,3537697.98,180,Completed,2023-11-15,Drainage / Sewage Line (per km) at Sitapur constituency site 85
W00281,MP022,Uttar Pradesh,Meerut,IA018,School Building Renovation,1.09,unit,28.004,83.20272,2024-12-13,1346085.44,2025-02-07,1344361.79,200,Completed,2025-09-28,School Building Renovation at Meerut constituency site 86
W00282,MP022,Uttar Pradesh,Meerut,IA018,Community Hall,1.0,unit,27.96619,83.18496,2023-06-08,3027529.67,2023-07-19,3124321.48,240,Completed,2024-03-03,Community Hall at Meerut constituency site 87
W00283,MP003,Bihar,Patna,IA023,Drinking Water Facility,1.56,unit,21.72918,75.69447,2025-10-02,1336982.38,2025-10-25,1370498.45,150,Completed,2026-04-01,Drinking Water Facility at Patna constituency site 88
W00284,MP027,Uttar Pradesh,Sitapur,IA017,Street Lighting (per 50 units),2.94,batch,26.50858,78.91186,2023-10-02,1635247.81,2023-11-02,1766317.67,90,Completed,2024-02-12,Street Lighting (per 50 units) at Sitapur constituency site 89
W00285,MP011,Bihar,Muzaffarpur,IA032,Street Lighting (per 50 units),3.69,batch,27.29895,82.12347,2024-03-18,1981248.52,2024-05-02,1926702.24,90,Completed,2024-08-15,Street Lighting (per 50 units) at Muzaffarpur constituency site 90
W00286,MP024,Maharashtra,Nashik,IA048,School Building Renovation,1.97,unit,17.0129,79.08663,2024-06-26,2608840.67,2024-07-19,2657921.54,200,Completed,2024-12-30,School Building Renovation at Nashik constituency site 91
W00287,MP019,Maharashtra,Nashik,IA038,Road Construction (per km),3.63,km,16.84012,79.11283,2023-06-26,5966925.36,2023-07-06,5723107.69,270,In Progress,,Road Construction (per km) at Nashik constituency site 92
W00288,MP018,Bihar,Patna,IA023,Drinking Water Facility,2.28,unit,21.64624,75.64581,2025-01-11,2304336.1,2025-02-18,2264678.26,150,Completed,2025-08-28,Drinking Water Facility at Patna constituency site 93
W00289,MP016,West Bengal,Howrah,IA012,School Building Renovation,1.28,unit,22.03934,72.67722,2023-05-07,1724169.12,2023-05-25,1726300.51,200,Completed,2023-10-20,School Building Renovation at Howrah constituency site 94
W00290,MP025,Bihar,Patna,IA023,Drinking Water Facility,2.16,unit,21.72809,75.63489,2023-12-17,2465169.23,2024-01-20,2570702.0,150,Completed,2024-04-09,Drinking Water Facility at Patna constituency site 95
W00291,MP022,Uttar Pradesh,Meerut,IA018,Drainage / Sewage Line (per km),0.99,km,27.75047,83.28792,2026-01-04,1488384.15,2026-01-17,1468341.08,180,Completed,2026-06-24,Drainage / Sewage Line (per km) at Meerut constituency site 96
W00292,MP001,West Bengal,Malda,IA007,School Building Renovation,1.06,unit,17.25767,82.78254,2024-02-14,1096220.76,2024-04-07,1068178.57,200,Completed,2024-11-17,School Building Renovation at Malda constituency site 0
W00293,MP001,West Bengal,Malda,IA030,Public Toilet Complex,2.69,unit,17.44754,82.86129,2023-07-11,1237494.33,2023-09-01,1235833.63,120,Completed,2024-01-09,Public Toilet Complex at Malda constituency site 1
W00294,MP005,Tamil Nadu,Salem,IA006,Community Hall,1.0,unit,26.62784,75.21073,2024-04-19,3545128.46,2024-06-08,3580280.48,240,Completed,2025-02-26,Community Hall at Salem constituency site 2
W00295,MP019,Maharashtra,Nashik,IA048,Health Sub-Centre Upgrade,1.0,unit,16.80653,79.06782,2025-11-22,1807638.49,2026-01-09,1798014.04,210,In Progress,,Health Sub-Centre Upgrade at Nashik constituency site 3
W00296,MP026,Maharashtra,Nagpur,IA034,Drinking Water Facility,2.12,unit,24.60342,85.11806,2024-04-25,2307219.66,2024-06-02,2268654.22,150,Completed,2024-12-06,Drinking Water Facility at Nagpur constituency site 4
W00297,MP039,Bihar,Gaya,IA011,Drinking Water Facility,2.39,unit,23.17969,73.12765,2024-06-09,2094950.89,2024-06-25,2063856.68,150,Completed,2024-12-08,Drinking Water Facility at Gaya constituency site 5
W00298,MP002,West Bengal,Howrah,IA058,Health Sub-Centre Upgrade,1.0,unit,22.11068,72.82762,2023-04-12,1995865.44,2023-05-06,2054303.78,210,Completed,2023-12-27,Health Sub-Centre Upgrade at Howrah constituency site 6
W00299,MP022,Uttar Pradesh,Meerut,IA018,Street Lighting (per 50 units),3.83,batch,28.02123,83.0164,2023-09-04,2476586.03,2023-09-27,2486855.7,90,In Progress,,Street Lighting (per 50 units) at Meerut constituency site 7
W00300,MP001,West Bengal,Malda,IA002,Street Lighting (per 50 units),3.08,batch,17.32133,83.05096,2023-07-30,1884704.71,2023-09-20,1936162.89,90,Completed,2023-12-20,Street Lighting (per 50 units) at Malda constituency site 8
W00301,MP025,Bihar,Patna,IA023,Health Sub-Centre Upgrade,1.0,unit,21.65455,75.50211,2025-08-11,1237970.0,2025-09-22,1240057.43,210,Completed,2026-05-15,Health Sub-Centre Upgrade at Patna constituency site 9
W00302,MP019,Maharashtra,Nashik,IA027,Health Sub-Centre Upgrade,1.0,unit,16.89248,79.10246,2024-02-05,1924010.18,2024-03-29,1839261.55,210,Completed,2024-11-22,Health Sub-Centre Upgrade at Nashik constituency site 10
W00303,MP034,Uttar Pradesh,Gorakhpur,IA046,Drainage / Sewage Line (per km),2.52,km,16.28548,87.62858,2023-10-14,3186891.16,2023-11-20,2928387.98,180,Completed,2024-04-02,Drainage / Sewage Line (per km) at Gorakhpur constituency site 11
W00304,MP017,Uttar Pradesh,Gorakhpur,IA004,Health Sub-Centre Upgrade,1.0,unit,16.52639,87.561,2025-01-12,1421761.77,2025-01-24,1367087.15,210,Completed,2025-09-06,Health Sub-Centre Upgrade at Gorakhpur constituency site 12
W00305,MP001,West Bengal,Malda,IA007,Drinking Water Facility,2.38,unit,17.39899,83.06007,2025-03-01,1991917.7,2025-03-11,1955570.31,150,Completed,2025-07-28,Drinking Water Facility at Malda constituency site 13
W00306,MP033,Uttar Pradesh,Meerut,IA018,Drinking Water Facility,2.58,unit,27.96691,83.19381,2024-08-07,2301525.91,2024-09-05,2299908.65,150,Completed,2025-01-13,Drinking Water Facility at Meerut constituency site 14
W00307,MP019,Maharashtra,Nashik,IA048,Drainage / Sewage Line (per km),1.51,km,17.01971,79.32892,2024-08-25,2262094.97,2024-09-24,2200755.15,180,Completed,2025-04-09,Drainage / Sewage Line (per km) at Nashik constituency site 15
W00308,MP026,Maharashtra,Nagpur,IA034,Drinking Water Facility,2.68,unit,24.57059,85.16371,2025-05-12,2050886.61,2025-06-18,2153705.01,150,Completed,2025-09-18,Drinking Water Facility at Nagpur constituency site 16
W00309,MP012,Uttar Pradesh,Varanasi,IA057,Public Toilet Complex,1.26,unit,26.38471,84.68326,2023-12-10,542637.42,2024-01-24,543704.23,120,Completed,2024-05-27,Public Toilet Complex at Varanasi constituency site 17
W00310,MP021,West Bengal,Howrah,IA037,Road Construction (per km),3.73,km,21.93422,72.83862,2025-06-22,5925689.75,2024-04-21,5992399.53,270,In Progress,,Road Construction (per km) at Howrah constituency site 18
W00311,MP013,Uttar Pradesh,Meerut,IA047,Drainage / Sewage Line (per km),2.34,km,27.88526,83.26837,2025-10-16,2773099.68,2025-11-03,2718909.9,180,Completed,2026-07-30,Drainage / Sewage Line (per km) at Meerut constituency site 19
W00312,MP036,Maharashtra,Nashik,IA048,Drainage / Sewage Line (per km),0.59,km,16.78632,79.06115,2024-07-17,793397.46,2024-08-14,816689.86,180,Completed,2024-11-30,Drainage / Sewage Line (per km) at Nashik constituency site 20
W00313,MP020,Tamil Nadu,Coimbatore,IA024,Street Lighting (per 50 units),1.68,batch,29.57373,86.40567,2025-09-06,905655.49,2025-09-23,880030.15,90,Completed,2025-11-20,Street Lighting (per 50 units) at Coimbatore constituency site 21
W00314,MP031,Uttar Pradesh,Gorakhpur,IA054,School Building Renovation,2.0,unit,16.42866,87.56321,2024-09-07,2792387.97,2024-09-29,2911433.84,200,Completed,2025-04-01,School Building Renovation at Gorakhpur constituency site 22
W00315,MP029,Bihar,Patna,IA023,Public Toilet Complex,2.85,unit,21.65238,75.75715,2024-07-12,953538.66,2024-08-16,986091.23,120,In Progress,,Public Toilet Complex at Patna constituency site 23
W00316,MP016,West Bengal,Malda,IA043,Road Construction (per km),4.27,km,17.25642,82.91252,2024-09-10,7930902.38,2024-09-28,7874451.87,270,Completed,2025-06-05,Road Construction (per km) at Malda constituency site 24
W00317,MP018,Bihar,Gaya,IA042,Public Toilet Complex,2.49,unit,23.38554,73.14564,2023-05-20,1265624.78,2023-07-07,1288204.42,120,Completed,2023-09-29,Public Toilet Complex at Gaya constituency site 25
W00318,MP023,Tamil Nadu,Coimbatore,IA015,Street Lighting (per 50 units),1.88,batch,29.43654,86.15322,2025-08-01,1201890.16,2025-08-14,1220304.61,90,In Progress,,Street Lighting (per 50 units) at Coimbatore constituency site 26
W00319,MP003,Bihar,Muzaffarpur,IA032,Community Hall,1.0,unit,27.54517,81.9578,2024-07-23,3474761.26,2024-08-02,3543229.88,240,Completed,2025-03-11,Community Hall at Muzaffarpur constituency site 27
W00320,MP026,Maharashtra,Nagpur,IA034,Drinking Water Facility,2.31,unit,24.68877,85.22256,2023-12-04,1748791.19,2024-01-08,1742906.65,150,Completed,2024-07-25,Drinking Water Facility at Nagpur constituency site 28
W00321,MP020,Tamil Nadu,Madurai,IA044,Health Sub-Centre Upgrade,1.0,unit,26.3895,77.78795,2025-02-09,1765713.75,2025-02-26,1775092.31,210,Completed,2025-10-15,Health Sub-Centre Upgrade at Madurai constituency site 29
W00322,MP010,Bihar,Gaya,IA025,Community Hall,1.0,unit,23.41544,72.93609,2025-07-26,3180436.81,2025-08-25,3109575.51,240,Completed,2026-06-16,Community Hall at Gaya constituency site 30
W00323,MP031,Uttar Pradesh,Gorakhpur,IA004,Street Lighting (per 50 units),3.45,batch,16.36771,87.5768,2023-05-04,1864736.35,2023-06-04,1871078.54,90,In Progress,,Street Lighting (per 50 units) at Gorakhpur constituency site 31
W00324,MP016,West Bengal,Howrah,IA022,Drinking Water Facility,1.62,unit,21.97592,72.81474,2025-07-13,1606866.62,2025-08-07,1644706.13,150,Completed,2025-12-12,Drinking Water Facility at Howrah constituency site 32
W00325,MP028,Tamil Nadu,Coimbatore,IA024,Drainage / Sewage Line (per km),2.13,km,29.5245,86.31265,2023-12-30,2503373.36,2024-01-29,2657672.17,180,Completed,2024-10-26,Drainage / Sewage Line (per km) at Coimbatore constituency site 33
W00326,MP036,Maharashtra,Nashik,IA027,Road Construction (per km),4.06,km,16.85515,79.0722,2024-04-13,7264511.28,2024-05-11,7657010.78,270,Completed,2025-07-23,Road Construction (per km) at Nashik constituency site 34
W00327,MP012,Uttar Pradesh,Varanasi,IA057,School Building Renovation,1.18,unit,26.45164,84.54142,2025-01-11,1580524.29,2025-02-07,1514639.03,200,Completed,2025-10-05,School Building Renovation at Varanasi constituency site 35
W00328,MP013,Uttar Pradesh,Gorakhpur,IA046,Road Construction (per km),3.88,km,16.39171,87.725,2024-02-05,7524656.04,2024-02-29,7393853.42,270,Completed,2024-07-22,Road Construction (per km) at Gorakhpur constituency site 36
W00329,MP008,West Bengal,Howrah,IA045,Health Sub-Centre Upgrade,1.0,unit,22.07106,72.81118,2023-06-06,1549016.23,2023-06-28,1519852.41,210,In Progress,,Health Sub-Centre Upgrade at Howrah constituency site 37
W00330,MP026,Maharashtra,Nagpur,IA035,Drainage / Sewage Line (per km),2.27,km,24.69949,85.16868,2025-09-28,3455200.24,2025-11-17,3387533.98,180,Completed,2026-03-18,Drainage / Sewage Line (per km) at Nagpur constituency site 38
W00331,MP010,Bihar,Gaya,IA036,Public Toilet Complex,2.92,unit,23.44087,73.04316,2024-12-08,1068675.24,2025-01-22,1065779.59,120,Completed,2025-07-03,Public Toilet Complex at Gaya constituency site 39
W00332,MP020,Tamil Nadu,Madurai,IA031,Drinking Water Facility,2.45,unit,26.47825,77.67563,2025-08-17,2272921.36,2025-09-18,2321954.62,150,Completed,2026-04-27,Drinking Water Facility at Madurai constituency site 40
W00333,MP017,Uttar Pradesh,Gorakhpur,IA004,Public Toilet Complex,1.62,unit,16.39792,87.68539,2025-11-15,691429.73,2026-01-06,687927.45,120,Completed,2026-04-02,Public Toilet Complex at Gorakhpur constituency site 41
W00334,MP017,Uttar Pradesh,Gorakhpur,IA039,Drinking Water Facility,2.86,unit,16.33731,87.47752,2023-09-13,2749187.69,2023-11-11,2636936.96,150,Completed,2024-03-14,Drinking Water Facility at Gorakhpur constituency site 42
W00335,MP040,Bihar,Gaya,IA049,Community Hall,1.0,unit,23.41414,73.10883,2025-03-25,3311718.3,2025-04-22,3338322.08,240,Completed,2026-05-24,Community Hall at Gaya constituency site 43
W00336,MP017,Uttar Pradesh,Gorakhpur,IA039,Road Construction (per km),4.83,km,16.42014,87.73836,2024-09-20,7314485.05,2024-11-10,7141185.28,270,Completed,2025-05-16,Road Construction (per km) at Gorakhpur constituency site 44
W00337,MP019,Maharashtra,Nashik,IA027,Health Sub-Centre Upgrade,1.0,unit,16.9404,79.25213,2025-05-04,1700293.16,2025-05-14,1691184.42,210,Completed,2025-11-25,Health Sub-Centre Upgrade at Nashik constituency site 45
W00338,MP003,Bihar,Patna,IA023,School Building Renovation,1.02,unit,21.50724,75.53303,2023-06-24,1109170.65,2023-07-19,1134764.13,200,Completed,2024-02-18,School Building Renovation at Patna constituency site 46
W00339,MP039,Bihar,Gaya,IA042,Drainage / Sewage Line (per km),1.83,km,23.28588,72.99944,2025-11-18,2531016.84,2025-12-26,2548363.97,180,Completed,2026-05-21,Drainage / Sewage Line (per km) at Gaya constituency site 47
W00340,MP026,Maharashtra,Nagpur,IA001,Street Lighting (per 50 units),2.88,batch,24.67149,85.09542,2025-07-20,1635474.88,2025-08-26,1711252.13,90,In Progress,,Street Lighting (per 50 units) at Nagpur constituency site 48
W00341,MP014,Maharashtra,Pune,IA003,Health Sub-Centre Upgrade,1.0,unit,20.54396,86.88388,2024-12-10,1529597.67,2025-01-12,1570896.79,210,Completed,2025-07-26,Health Sub-Centre Upgrade at Pune constituency site 49
W00342,MP027,Uttar Pradesh,Sitapur,IA029,Drinking Water Facility,2.29,unit,26.53018,78.95709,2023-06-17,1938150.05,2023-07-27,1929729.68,150,Completed,2024-01-21,Drinking Water Facility at Sitapur constituency site 50
W00343,MP026,Maharashtra,Nagpur,IA035,Public Toilet Complex,2.21,unit,24.71987,85.03863,2024-06-02,1104853.6,2024-06-30,1135597.67,120,Completed,2024-09-17,Public Toilet Complex at Nagpur constituency site 51
W00344,MP010,Bihar,Gaya,IA011,Street Lighting (per 50 units),3.85,batch,23.30891,72.98229,2024-01-30,2058737.31,2024-03-08,2054341.89,90,Completed,2024-05-15,Street Lighting (per 50 units) at Gaya constituency site 52
W00345,MP030,Bihar,Muzaffarpur,IA032,Health Sub-Centre Upgrade,1.0,unit,27.39008,82.17184,2026-03-29,1608183.52,2026-04-15,1584404.81,210,In Progress,,Health Sub-Centre Upgrade at Muzaffarpur constituency site 53
W00346,MP004,Bihar,Muzaffarpur,IA032,Drainage / Sewage Line (per km),2.93,km,27.54318,82.03303,2024-08-20,4407227.61,2024-09-27,4267681.5,180,Completed,2025-03-11,Drainage / Sewage Line (per km) at Muzaffarpur constituency site 54
W00347,MP032,Tamil Nadu,Coimbatore,IA015,Street Lighting (per 50 units),3.77,batch,29.45055,86.19759,2024-10-24,1549430.18,2024-12-10,1556825.44,90,Completed,2025-03-16,Street Lighting (per 50 units) at Coimbatore constituency site 55
W00348,MP022,Uttar Pradesh,Meerut,IA040,Street Lighting (per 50 units),2.12,batch,27.97497,83.16129,2023-07-15,1207303.55,2024-05-30,1205028.75,90,In Progress,,Street Lighting (per 50 units) at Meerut constituency site 56
W00349,MP031,Uttar Pradesh,Gorakhpur,IA046,Health Sub-Centre Upgrade,1.0,unit,16.39185,87.52535,2024-06-07,1550881.96,2024-08-02,1561630.03,210,Completed,2025-01-08,Health Sub-Centre Upgrade at Gorakhpur constituency site 57
W00350,MP040,Bihar,Gaya,IA011,Drainage / Sewage Line (per km),1.81,km,23.32823,73.04693,2025-06-27,2619692.34,2025-08-17,2608843.12,180,Completed,2026-02-09,Drainage / Sewage Line (per km) at Gaya constituency site 58
W00351,MP014,Maharashtra,Pune,IA003,Road Construction (per km),2.04,km,20.43391,86.7339,2024-01-14,3630586.26,2024-02-13,3724948.78,270,Completed,2024-09-19,Road Construction (per km) at Pune constituency site 59
W00352,MP018,Bihar,Gaya,IA049,Community Hall,1.0,unit,23.29643,73.15881,2025-11-21,3017353.1,2026-01-13,2980405.02,240,In Progress,,Community Hall at Gaya constituency site 60
W00353,MP009,Bihar,Muzaffarpur,IA032,Street Lighting (per 50 units),2.78,batch,27.38329,82.05126,2023-08-24,1449314.34,2023-10-20,1521674.25,90,Completed,2024-01-18,Street Lighting (per 50 units) at Muzaffarpur constituency site 61
W00354,MP011,Bihar,Muzaffarpur,IA032,Drinking Water Facility,1.18,unit,27.55065,82.00009,2023-10-24,1113198.88,2023-11-24,1123870.7,150,Completed,2024-04-03,Drinking Water Facility at Muzaffarpur constituency site 62
W00355,MP037,Bihar,Muzaffarpur,IA032,Road Construction (per km),0.75,km,27.2907,82.08891,2025-04-22,1359095.22,2025-05-26,1342231.35,270,Completed,2025-11-29,Road Construction (per km) at Muzaffarpur constituency site 63
W00356,MP010,Bihar,Gaya,IA049,Drinking Water Facility,1.44,unit,23.29573,72.8953,2023-06-09,1047401.51,2023-08-07,1103675.2,150,Completed,2024-01-28,Drinking Water Facility at Gaya constituency site 64
W00357,MP038,Tamil Nadu,Coimbatore,IA015,Street Lighting (per 50 units),2.36,batch,29.51763,86.39546,2023-07-14,1144998.8,2023-07-30,1109254.19,90,Completed,2023-12-21,Street Lighting (per 50 units) at Coimbatore constituency site 65
W00358,MP021,West Bengal,Howrah,IA058,Community Hall,1.0,unit,22.12973,72.5638,2023-12-22,3367126.52,2024-01-31,3389488.48,240,Completed,2024-07-22,Community Hall at Howrah constituency site 66
W00359,MP015,West Bengal,Malda,IA014,Public Toilet Complex,1.18,unit,17.25876,83.04951,2024-08-08,440405.32,2024-10-01,430423.0,120,In Progress,,Public Toilet Complex at Malda constituency site 67
W00360,MP027,Uttar Pradesh,Sitapur,IA010,Street Lighting (per 50 units),2.44,batch,26.49651,78.98992,2024-05-31,1546521.7,2024-07-05,1615208.28,90,Completed,2024-10-18,Street Lighting (per 50 units) at Sitapur constituency site 68
W00361,MP015,West Bengal,Malda,IA007,Road Construction (per km),2.49,km,17.30847,82.85674,2025-09-16,4452174.96,2025-10-30,4355073.77,270,Completed,2026-06-29,Road Construction (per km) at Malda constituency site 69
W00362,MP025,Bihar,Patna,IA023,Drinking Water Facility,2.9,unit,21.74966,75.7407,2023-10-14,2917950.76,2023-11-20,2845392.25,150,In Progress,,Drinking Water Facility at Patna constituency site 70
W00363,MP020,Tamil Nadu,Coimbatore,IA015,School Building Renovation,1.97,unit,29.64724,86.22429,2025-07-03,2067719.93,2025-07-21,2003534.53,200,In Progress,,School Building Renovation at Coimbatore constituency site 71
W00364,MP030,Bihar,Muzaffarpur,IA032,Public Toilet Complex,2.29,unit,27.38648,82.15136,2024-06-04,1122544.29,2024-08-02,1133570.3,120,Completed,2024-10-19,Public Toilet Complex at Muzaffarpur constituency site 72
W00365,MP014,Maharashtra,Pune,IA003,Community Hall,1.0,unit,20.68897,86.83998,2024-05-09,4002583.7,2024-05-24,4036618.65,240,Completed,2024-12-08,Community Hall at Pune constituency site 73
W00366,MP031,Uttar Pradesh,Gorakhpur,IA008,School Building Renovation,1.76,unit,16.35966,87.63732,2023-07-20,1947364.44,2023-08-20,1962156.88,200,Completed,2024-06-26,School Building Renovation at Gorakhpur constituency site 74
W00367,MP028,Tamil Nadu,Madurai,IA044,Drainage / Sewage Line (per km),2.08,km,26.4349,77.74076,2024-08-28,2619162.58,2024-09-22,2647575.29,180,Completed,2025-03-28,Drainage / Sewage Line (per km) at Madurai constituency site 75
W00368,MP025,Bihar,Patna,IA023,Health Sub-Centre Upgrade,1.0,unit,21.67805,75.74536,2025-09-23,1600995.8,2025-10-19,1618373.63,210,Completed,2026-03-31,Health Sub-Centre Upgrade at Patna constituency site 76
W00369,MP005,Tamil Nadu,Coimbatore,IA015,Public Toilet Complex,2.77,unit,29.55428,86.37943,2024-07-06,1275876.71,2024-09-03,1258206.75,120,Completed,2025-01-05,Public Toilet Complex at Coimbatore constituency site 77
W00370,MP014,Maharashtra,Pune,IA003,Road Construction (per km),2.8,km,20.66879,86.89098,2024-07-12,5095748.71,2024-08-08,5090955.44,270,Completed,2025-04-24,Road Construction (per km) at Pune constituency site 78
W00371,MP011,Bihar,Muzaffarpur,IA032,Public Toilet Complex,1.77,unit,27.47162,82.08713,2023-05-07,881510.14,2023-06-07,892064.54,120,Completed,2023-10-16,Public Toilet Complex at Muzaffarpur constituency site 79
W00372,MP016,West Bengal,Howrah,IA009,Drinking Water Facility,1.95,unit,21.87213,72.68618,2024-07-23,1878987.72,2024-08-04,1892794.86,150,Completed,2024-12-08,Drinking Water Facility at Howrah constituency site 80
W00373,MP020,Tamil Nadu,Madurai,IA031,Drinking Water Facility,2.28,unit,26.38225,77.66026,2024-06-08,1506509.42,2024-07-23,1499399.4,150,Completed,2024-11-04,Drinking Water Facility at Madurai constituency site 81
W00374,MP038,Tamil Nadu,Coimbatore,IA055,Drainage / Sewage Line (per km),2.43,km,29.68015,86.35763,2024-04-13,3193806.92,2024-05-23,3276266.3,180,Completed,2024-11-18,Drainage / Sewage Line (per km) at Coimbatore constituency site 82
W00375,MP002,West Bengal,Howrah,IA012,School Building Renovation,1.81,unit,21.99877,72.57513,2026-01-01,2765357.04,2026-02-25,2701862.61,200,Completed,2026-06-16,School Building Renovation at Howrah constituency site 83
W00376,MP038,Tamil Nadu,Coimbatore,IA055,Public Toilet Complex,2.04,unit,29.47202,86.38177,2023-07-16,980233.86,2023-09-08,957351.56,120,Completed,2023-10-26,Public Toilet Complex at Coimbatore constituency site 84
W00377,MP023,Tamil Nadu,Coimbatore,IA024,Drainage / Sewage Line (per km),0.81,km,29.62028,86.24691,2025-07-01,1210002.75,2025-08-06,1229863.33,180,Completed,2026-03-24,Drainage / Sewage Line (per km) at Coimbatore constituency site 85
W00378,MP011,Bihar,Muzaffarpur,IA032,Health Sub-Centre Upgrade,1.0,unit,27.31902,81.96083,2023-10-27,1740666.8,2023-12-24,1759294.33,210,Completed,2024-09-12,Health Sub-Centre Upgrade at Muzaffarpur constituency site 86
W00379,MP024,Maharashtra,Nashik,IA027,Street Lighting (per 50 units),1.53,batch,16.78153,79.2759,2025-01-20,956530.86,2025-02-19,926320.28,90,Completed,2025-05-24,Street Lighting (per 50 units) at Nashik constituency site 87
W00380,MP018,Bihar,Gaya,IA049,Community Hall,1.0,unit,23.31169,73.02374,2025-02-14,3411333.6,2025-03-28,3372380.45,240,Completed,2026-03-22,Community Hall at Gaya constituency site 88
W00381,MP025,Bihar,Patna,IA023,Road Construction (per km),1.38,km,21.55723,75.64503,2024-01-26,2596098.83,2024-02-22,2542730.08,270,Completed,2025-02-16,Road Construction (per km) at Patna constituency site 89
W00382,MP039,Bihar,Gaya,IA036,Road Construction (per km),4.8,km,23.41388,73.07686,2024-12-25,9192875.7,2025-02-20,9130667.41,270,Completed,2025-11-10,Road Construction (per km) at Gaya constituency site 90
W00383,MP039,Bihar,Gaya,IA049,Health Sub-Centre Upgrade,1.0,unit,23.18142,72.99252,2025-08-16,1456730.61,2025-09-30,1434404.3,210,Completed,2026-01-07,Health Sub-Centre Upgrade at Gaya constituency site 91
W00384,MP015,West Bengal,Malda,IA051,Street Lighting (per 50 units),2.07,batch,17.43724,82.84372,2025-08-03,1593111.59,2025-08-19,1611480.2,90,Completed,2026-01-03,Street Lighting (per 50 units) at Malda constituency site 92
W00385,MP039,Bihar,Gaya,IA049,Drinking Water Facility,1.15,unit,23.30225,73.04789,2023-06-11,1193669.25,2023-07-16,1203813.77,150,Completed,2023-12-24,Drinking Water Facility at Gaya constituency site 93
W00386,MP018,Bihar,Gaya,IA025,School Building Renovation,2.0,unit,23.27208,73.15309,2025-06-04,2800193.35,2025-06-14,2800936.41,200,Completed,2026-01-01,School Building Renovation at Gaya constituency site 94
W00387,MP016,West Bengal,Howrah,IA037,Community Hall,1.0,unit,22.08716,72.80699,2024-01-09,3521428.42,2024-02-10,3649205.63,240,Completed,2024-09-13,Community Hall at Howrah constituency site 95
W00388,MP018,Bihar,Gaya,IA011,Health Sub-Centre Upgrade,1.0,unit,23.42082,73.14721,2025-12-01,1467645.71,2026-01-07,1485135.68,210,In Progress,,Health Sub-Centre Upgrade at Gaya constituency site 96
W00389,MP003,Bihar,Patna,IA023,Road Construction (per km),2.63,km,21.50868,75.63918,2025-04-13,5432354.91,2025-04-26,5465657.58,270,Completed,2026-03-05,Road Construction (per km) at Patna constituency site 0
W00390,MP032,Tamil Nadu,Coimbatore,IA024,Road Construction (per km),1.55,km,29.56638,86.3896,2024-04-11,2438931.52,2024-06-07,2455184.48,270,Completed,2025-01-20,Road Construction (per km) at Coimbatore constituency site 1
W00391,MP031,Uttar Pradesh,Gorakhpur,IA060,Health Sub-Centre Upgrade,1.0,unit,16.40855,87.68251,2023-05-27,1247390.04,2023-07-18,1284103.45,210,Completed,2024-05-02,Health Sub-Centre Upgrade at Gorakhpur constituency site 2
W00392,MP021,West Bengal,Malda,IA030,Drainage / Sewage Line (per km),0.62,km,17.29389,82.864,2025-06-24,958387.5,2025-08-12,944655.66,180,Completed,2026-04-01,Drainage / Sewage Line (per km) at Malda constituency site 3
W00393,MP033,Uttar Pradesh,Meerut,IA005,Community Hall,1.0,unit,27.8856,83.10393,2025-06-08,4274528.89,2025-06-27,4224914.88,240,Completed,2025-12-26,Community Hall at Meerut constituency site 4
W00394,MP035,West Bengal,Malda,IA041,Health Sub-Centre Upgrade,1.0,unit,17.2246,83.00689,2025-12-28,1521214.58,2026-02-17,1488624.18,210,In Progress,,Health Sub-Centre Upgrade at Malda constituency site 5
W00395,MP035,West Bengal,Malda,IA050,Street Lighting (per 50 units),2.32,batch,17.4037,83.00278,2024-07-27,1606034.01,2024-09-12,1627767.85,90,Completed,2024-12-06,Street Lighting (per 50 units) at Malda constituency site 6
W00396,MP031,Uttar Pradesh,Gorakhpur,IA054,Drainage / Sewage Line (per km),2.78,km,16.37408,87.47568,2025-01-12,3896785.61,2025-02-09,3927135.1,180,Completed,2025-04-22,Drainage / Sewage Line (per km) at Gorakhpur constituency site 7
W00397,MP005,Tamil Nadu,Salem,IA006,Drinking Water Facility,2.07,unit,26.57989,75.14828,2024-02-12,1917983.98,2024-02-22,1914956.71,150,Completed,2024-11-11,Drinking Water Facility at Salem constituency site 8
W00398,MP025,Bihar,Patna,IA023,Health Sub-Centre Upgrade,1.0,unit,21.77179,75.73521,2023-10-22,1420820.69,2023-11-15,1465366.18,210,Completed,2024-03-11,Health Sub-Centre Upgrade at Patna constituency site 9
W00399,MP015,West Bengal,Malda,IA019,Public Toilet Complex,1.47,unit,17.25871,83.04217,2025-09-24,707328.67,2025-10-21,710545.39,120,Completed,2026-02-10,Public Toilet Complex at Malda constituency site 10
W00400,MP004,Bihar,Muzaffarpur,IA032,School Building Renovation,1.49,unit,27.5566,82.15262,2025-06-12,1667776.19,2025-06-23,1623058.62,200,Completed,2026-02-03,School Building Renovation at Muzaffarpur constituency site 11
W00401,MP012,Uttar Pradesh,Varanasi,IA057,Drinking Water Facility,2.17,unit,26.39153,84.52515,2025-05-11,1712258.24,2025-07-01,1755609.49,150,Completed,2026-02-09,Drinking Water Facility at Varanasi constituency site 12
W00402,MP026,Maharashtra,Nagpur,IA035,Community Hall,1.0,unit,24.70237,85.02635,2025-12-06,2581709.3,2025-12-27,2616431.46,240,Completed,2026-05-22,Community Hall at Nagpur constituency site 13
W00403,MP024,Maharashtra,Nagpur,IA016,Drainage / Sewage Line (per km),2.54,km,24.74512,85.08665,2023-12-17,2616067.0,2024-01-18,2605680.24,180,Completed,2024-10-11,Drainage / Sewage Line (per km) at Nagpur constituency site 14
W00404,MP018,Bihar,Gaya,IA025,Public Toilet Complex,1.58,unit,23.20096,72.95252,2026-03-28,678541.48,2026-05-03,690979.18,120,In Progress,,Public Toilet Complex at Gaya constituency site 15
W00405,MP013,Uttar Pradesh,Gorakhpur,IA004,Road Construction (per km),4.35,km,16.44812,87.59812,2024-09-22,8065179.69,2024-10-24,7952812.75,270,Completed,2025-07-17,Road Construction (per km) at Gorakhpur constituency site 16
W00406,MP012,Uttar Pradesh,Varanasi,IA057,School Building Renovation,1.76,unit,26.53033,84.4636,2025-07-02,2433879.68,2025-08-10,2451752.36,200,Completed,2026-05-08,School Building Renovation at Varanasi constituency site 17
W00407,MP031,Uttar Pradesh,Gorakhpur,IA060,School Building Renovation,1.76,unit,16.51787,87.68,2025-06-12,1892304.94,2025-06-26,1909983.38,200,Completed,2026-02-19,School Building Renovation at Gorakhpur constituency site 18
W00408,MP036,Maharashtra,Nashik,IA027,Public Toilet Complex,2.1,unit,16.91614,79.20715,2023-12-13,964351.93,2024-01-23,958891.45,120,Completed,2024-04-02,Public Toilet Complex at Nashik constituency site 19
W00409,MP002,West Bengal,Howrah,IA045,Public Toilet Complex,1.73,unit,21.95746,72.63336,2023-10-23,857708.32,2023-11-03,878758.29,120,Completed,2023-12-28,Public Toilet Complex at Howrah constituency site 20
W00410,MP035,West Bengal,Malda,IA002,School Building Renovation,1.07,unit,17.23941,83.00263,2024-02-05,1349368.15,2024-02-26,1406056.43,200,Completed,2024-08-31,School Building Renovation at Malda constituency site 21
W00411,MP020,Tamil Nadu,Coimbatore,IA015,Road Construction (per km),4.96,km,29.60868,86.36641,2023-04-11,8261789.79,2023-05-04,8119085.92,270,Completed,2024-04-11,Road Construction (per km) at Coimbatore constituency site 22
W00412,MP038,Tamil Nadu,Coimbatore,IA024,Health Sub-Centre Upgrade,1.0,unit,29.46769,86.38631,2024-02-27,1539532.16,2024-04-12,1501797.83,210,Completed,2025-02-09,Health Sub-Centre Upgrade at Coimbatore constituency site 23
W00413,MP027,Uttar Pradesh,Sitapur,IA010,Road Construction (per km),4.06,km,26.73312,79.06523,2025-06-24,6854940.75,2025-08-22,6935000.71,270,Completed,2026-05-22,Road Construction (per km) at Sitapur constituency site 24
W00414,MP009,Bihar,Muzaffarpur,IA032,Drainage / Sewage Line (per km),0.85,km,27.31904,82.05604,2025-06-08,1144269.62,2025-06-24,1113254.79,180,Completed,2026-01-04,Drainage / Sewage Line (per km) at Muzaffarpur constituency site 25
W00415,MP015,West Bengal,Malda,IA050,Drainage / Sewage Line (per km),2.06,km,17.19621,83.07078,2025-06-25,2710885.64,2025-07-21,2799174.53,180,Completed,2026-03-30,Drainage / Sewage Line (per km) at Malda constituency site 26
W00416,MP001,West Bengal,Malda,IA007,Street Lighting (per 50 units),1.97,batch,17.29828,82.93246,2024-08-24,1144784.29,2024-10-02,1188477.46,90,In Progress,,Street Lighting (per 50 units) at Malda constituency site 27
W00417,MP008,West Bengal,Malda,IA019,Health Sub-Centre Upgrade,1.0,unit,17.24381,82.86068,2023-07-29,1750785.89,2023-09-20,5041709.8,210,Completed,2024-06-10,Health Sub-Centre Upgrade at Malda constituency site 28
W00418,MP010,Bihar,Gaya,IA049,Drinking Water Facility,1.11,unit,23.229,72.87138,2023-06-12,1170605.48,2023-07-26,1180794.43,150,Completed,2024-01-05,Drinking Water Facility at Gaya constituency site 29
W00419,MP022,Uttar Pradesh,Meerut,IA018,Health Sub-Centre Upgrade,1.0,unit,27.98232,83.24869,2026-03-25,1803104.28,2026-05-11,1702880.65,210,In Progress,,Health Sub-Centre Upgrade at Meerut constituency site 30
W00420,MP031,Uttar Pradesh,Gorakhpur,IA046,Road Construction (per km),4.42,km,16.46854,87.73493,2023-07-31,8086468.7,2023-08-15,8327839.02,270,Completed,2024-09-08,Road Construction (per km) at Gorakhpur constituency site 31
W00421,MP004,Bihar,Muzaffarpur,IA032,Road Construction (per km),4.15,km,27.31176,82.04854,2024-06-21,6343239.83,2024-07-20,6284873.21,270,Completed,2025-05-07,Road Construction (per km) at Muzaffarpur constituency site 32
W00422,MP029,Bihar,Patna,IA023,Street Lighting (per 50 units),1.33,batch,21.72922,75.70695,2023-09-03,815130.67,2023-10-18,826035.37,90,Completed,2024-01-23,Street Lighting (per 50 units) at Patna constituency site 33
W00423,MP021,West Bengal,Malda,IA021,Street Lighting (per 50 units),2.41,batch,17.36488,82.89886,2024-07-09,1022899.69,2024-08-24,1046250.82,90,Completed,2024-12-20,Street Lighting (per 50 units) at Malda constituency site 34
W00424,MP004,Bihar,Muzaffarpur,IA032,School Building Renovation,1.44,unit,27.35358,81.98253,2026-03-06,1374111.69,2026-04-28,1366694.78,200,In Progress,,School Building Renovation at Muzaffarpur constituency site 35
W00425,MP018,Bihar,Gaya,IA042,Road Construction (per km),4.07,km,23.33888,72.92924,2024-04-14,7991597.9,2024-05-07,7905369.75,270,Completed,2025-06-08,Road Construction (per km) at Gaya constituency site 36
W00426,MP013,Uttar Pradesh,Gorakhpur,IA053,Health Sub-Centre Upgrade,1.0,unit,16.36368,87.70128,2025-06-26,1577790.81,2025-07-19,1527717.59,210,Completed,2026-02-19,Health Sub-Centre Upgrade at Gorakhpur constituency site 37
W00427,MP013,Uttar Pradesh,Gorakhpur,IA026,Community Hall,1.0,unit,16.48648,87.66454,2024-03-12,4196736.81,2024-04-22,4070489.98,240,Completed,2024-10-12,Community Hall at Gorakhpur constituency site 38
W00428,MP025,Bihar,Patna,IA023,Street Lighting (per 50 units),1.68,batch,21.51213,75.61875,2024-05-04,1054999.21,2024-05-28,1079910.42,90,In Progress,,Street Lighting (per 50 units) at Patna constituency site 39
W00429,MP027,Uttar Pradesh,Sitapur,IA017,Road Construction (per km),2.88,km,26.75613,78.89166,2023-10-31,4437876.11,2023-12-04,4298893.58,270,Completed,2024-10-28,Road Construction (per km) at Sitapur constituency site 40
W00430,MP028,Tamil Nadu,Madurai,IA031,School Building Renovation,1.51,unit,26.39219,77.5867,2026-01-04,1645637.5,2026-02-16,1633974.06,200,In Progress,,School Building Renovation at Madurai constituency site 41
W00431,MP012,Uttar Pradesh,Varanasi,IA057,Street Lighting (per 50 units),1.01,batch,26.39628,84.45158,2026-02-03,542908.79,2026-02-13,532794.2,90,Completed,2026-05-05,Street Lighting (per 50 units) at Varanasi constituency site 42
W00432,MP005,Tamil Nadu,Madurai,IA044,Drainage / Sewage Line (per km),1.88,km,26.44618,77.56345,2025-12-29,2883169.55,2026-02-24,2815097.75,180,Completed,2026-08-02,Drainage / Sewage Line (per km) at Madurai constituency site 43
W00433,MP040,Bihar,Gaya,IA036,Road Construction (per km),4.8,km,23.42159,73.0985,2023-12-12,9036117.29,2023-12-31,8781417.32,270,Completed,2024-08-14,Road Construction (per km) at Gaya constituency site 44
W00434,MP017,Uttar Pradesh,Gorakhpur,IA039,Drinking Water Facility,2.63,unit,16.39357,87.6337,2024-08-19,1940820.59,2024-09-01,1906297.71,150,Completed,2025-02-07,Drinking Water Facility at Gorakhpur constituency site 45
W00435,MP012,Uttar Pradesh,Gorakhpur,IA046,Street Lighting (per 50 units),1.05,batch,16.42842,87.67437,2024-07-12,711581.76,2024-08-27,728507.02,90,Completed,2024-12-01,Street Lighting (per 50 units) at Gorakhpur constituency site 46
W00436,MP007,Maharashtra,Nagpur,IA035,Street Lighting (per 50 units),2.21,batch,24.68608,85.10401,2026-03-02,1197630.54,2026-04-01,1212952.33,90,Completed,2026-06-16,Street Lighting (per 50 units) at Nagpur constituency site 47
W00437,MP030,Bihar,Muzaffarpur,IA032,Street Lighting (per 50 units),1.22,batch,27.52818,82.08409,2025-09-22,745596.95,2025-11-11,725321.02,90,Completed,2026-02-14,Street Lighting (per 50 units) at Muzaffarpur constituency site 48
W00438,MP009,Bihar,Muzaffarpur,IA032,Road Construction (per km),1.12,km,27.32501,82.17601,2024-02-25,1936983.28,2024-03-27,1920028.46,270,Completed,2024-11-25,Road Construction (per km) at Muzaffarpur constituency site 49
W00439,MP014,Maharashtra,Pune,IA003,Community Hall,1.0,unit,20.56362,86.94407,2026-02-03,3479943.06,2026-03-15,3468254.96,240,In Progress,,Community Hall at Pune constituency site 50
W00440,MP039,Bihar,Gaya,IA025,Public Toilet Complex,1.23,unit,23.3594,73.00113,2025-03-26,483714.9,2025-04-24,496287.58,120,Completed,2025-07-10,Public Toilet Complex at Gaya constituency site 51
W00441,MP015,West Bengal,Malda,IA050,Health Sub-Centre Upgrade,1.0,unit,17.20922,82.95785,2024-12-20,1410499.89,2025-02-02,1418081.54,210,Completed,2025-11-02,Health Sub-Centre Upgrade at Malda constituency site 52
W00442,MP029,Bihar,Patna,IA023,Public Toilet Complex,1.22,unit,21.58536,75.61843,2025-10-09,654465.65,2025-11-07,602431.24,120,Completed,2026-02-27,Public Toilet Complex at Patna constituency site 53
W00443,MP036,Maharashtra,Nashik,IA038,School Building Renovation,1.51,unit,16.82567,79.31971,2025-05-21,1818863.64,2025-07-09,1885831.9,200,Completed,2025-11-08,School Building Renovation at Nashik constituency site 54
W00444,MP020,Tamil Nadu,Coimbatore,IA015,Road Construction (per km),3.57,km,29.69285,86.23709,2025-08-22,5095328.47,2025-09-07,5207382.94,270,Completed,2026-06-27,Road Construction (per km) at Coimbatore constituency site 55
W00445,MP007,Maharashtra,Nagpur,IA016,Health Sub-Centre Upgrade,1.0,unit,24.65031,85.11661,2026-01-02,1604850.46,2026-02-17,1604160.35,210,Completed,2026-07-07,Health Sub-Centre Upgrade at Nagpur constituency site 56
W00446,MP036,Maharashtra,Nashik,IA038,Street Lighting (per 50 units),3.27,batch,16.81782,79.16534,2025-03-25,1977817.12,2025-05-13,1976782.69,90,Completed,2025-09-22,Street Lighting (per 50 units) at Nashik constituency site 57
W00447,MP015,West Bengal,Malda,IA051,School Building Renovation,1.05,unit,17.4045,82.95735,2025-10-26,1158345.84,2025-12-06,1137988.6,200,Completed,2026-06-01,School Building Renovation at Malda constituency site 58
W00448,MP018,Bihar,Gaya,IA049,Street Lighting (per 50 units),3.23,batch,23.4264,72.944,2025-11-17,1485134.71,2026-01-15,1448974.65,90,Completed,2026-03-23,Street Lighting (per 50 units) at Gaya constituency site 59
W00449,MP009,Bihar,Muzaffarpur,IA032,Street Lighting (per 50 units),2.46,batch,27.37563,82.05208,2023-09-22,1203928.63,2023-10-12,1202367.99,90,Completed,2024-01-24,Street Lighting (per 50 units) at Muzaffarpur constituency site 60
W00450,MP035,West Bengal,Malda,IA030,Public Toilet Complex,1.63,unit,17.30383,82.84128,2023-06-17,912808.0,2023-08-11,906381.55,120,In Progress,,Public Toilet Complex at Malda constituency site 61
W00451,MP009,Bihar,Muzaffarpur,IA032,Drainage / Sewage Line (per km),1.14,km,27.45443,82.01349,2023-12-25,1723607.34,2024-01-19,1678601.87,180,Completed,2024-07-02,Drainage / Sewage Line (per km) at Muzaffarpur constituency site 62
W00452,MP029,Bihar,Patna,IA023,Drinking Water Facility,1.71,unit,21.64254,75.59176,2025-05-10,1317566.76,2025-06-04,1300004.54,150,Completed,2025-11-20,Drinking Water Facility at Patna constituency site 63
W00453,MP006,Bihar,Muzaffarpur,IA032,Drinking Water Facility,1.33,unit,27.45973,82.16716,2025-07-18,1157015.44,2025-08-29,1144909.38,150,Completed,2026-01-19,Drinking Water Facility at Muzaffarpur constituency site 64
W00454,MP039,Bihar,Gaya,IA025,Road Construction (per km),3.77,km,23.31481,73.05135,2023-11-10,6107186.2,2023-11-23,6090643.71,270,In Progress,,Road Construction (per km) at Gaya constituency site 65
W00455,MP009,Bihar,Muzaffarpur,IA032,School Building Renovation,1.64,unit,27.4421,81.96426,2025-02-18,2465409.71,2025-04-08,2523474.61,200,In Progress,,School Building Renovation at Muzaffarpur constituency site 66
W00456,MP008,West Bengal,Howrah,IA058,Public Toilet Complex,2.23,unit,22.11615,72.7798,2024-10-26,1147620.67,2024-11-23,1088091.13,120,Completed,2025-04-21,Public Toilet Complex at Howrah constituency site 67
W00457,MP010,Bihar,Gaya,IA049,Drinking Water Facility,1.49,unit,23.46287,72.93876,2025-01-15,1113271.36,2025-02-05,1153215.01,150,Completed,2025-07-30,Drinking Water Facility at Gaya constituency site 68
W00458,MP007,Maharashtra,Nagpur,IA034,Health Sub-Centre Upgrade,1.0,unit,24.52465,85.06479,2025-09-11,1471692.16,2025-10-26,1397913.62,210,Completed,2026-06-12,Health Sub-Centre Upgrade at Nagpur constituency site 69
W00459,MP007,Maharashtra,Nashik,IA027,Drinking Water Facility,2.25,unit,16.86,79.15929,2024-10-13,2361569.49,2024-11-11,2359777.46,150,Completed,2025-03-09,Drinking Water Facility at Nashik constituency site 70
W00460,MP035,West Bengal,Malda,IA050,Drainage / Sewage Line (per km),1.62,km,17.33871,82.90381,2023-07-25,2289795.29,2023-08-21,2331622.33,180,In Progress,,Drainage / Sewage Line (per km) at Malda constituency site 71
W00461,MP040,Bihar,Gaya,IA025,Health Sub-Centre Upgrade,1.0,unit,23.39646,72.9742,2025-08-06,1387026.47,2025-09-26,1401157.19,210,In Progress,,Health Sub-Centre Upgrade at Gaya constituency site 72
W00462,MP021,West Bengal,Howrah,IA056,Health Sub-Centre Upgrade,1.0,unit,21.85764,72.73522,2026-03-02,1707839.07,2024-03-21,1671338.88,210,In Progress,,Health Sub-Centre Upgrade at Howrah constituency site 73
W00463,MP017,Uttar Pradesh,Gorakhpur,IA054,Public Toilet Complex,1.58,unit,16.44634,87.68601,2023-09-28,734517.33,2023-11-11,752746.27,120,Completed,2024-02-22,Public Toilet Complex at Gorakhpur constituency site 74
W00464,MP023,Tamil Nadu,Coimbatore,IA024,Drainage / Sewage Line (per km),2.37,km,29.54,86.30619,2024-06-19,3628835.98,2024-07-24,3531648.62,180,Completed,2025-02-08,Drainage / Sewage Line (per km) at Coimbatore constituency site 75
W00465,MP021,West Bengal,Howrah,IA013,Road Construction (per km),4.63,km,21.91665,72.69423,2023-11-21,7518648.35,2023-12-10,7694794.85,270,Completed,2024-12-27,Road Construction (per km) at Howrah constituency site 76
W00466,MP015,West Bengal,Malda,IA043,Road Construction (per km),4.29,km,17.26365,83.02928,2023-05-13,6618768.05,2023-06-20,6464533.98,270,Completed,2024-02-16,Road Construction (per km) at Malda constituency site 77
W00467,MP024,Maharashtra,Nagpur,IA001,Drinking Water Facility,2.32,unit,24.50912,85.11163,2026-03-11,1615367.44,2026-04-13,1655134.52,150,Completed,2026-07-16,Drinking Water Facility at Nagpur constituency site 78
W00468,MP028,Tamil Nadu,Madurai,IA031,Drainage / Sewage Line (per km),2.84,km,26.44135,77.63231,2026-03-21,3978639.02,2026-05-13,4023526.84,180,In Progress,,Drainage / Sewage Line (per km) at Madurai constituency site 79
W00469,MP008,West Bengal,Howrah,IA045,Road Construction (per km),3.72,km,21.86535,72.60853,2025-05-15,6693589.73,2025-07-05,6777768.43,270,Completed,2026-04-03,Road Construction (per km) at Howrah constituency site 80
W00470,MP028,Tamil Nadu,Madurai,IA044,School Building Renovation,1.38,unit,26.48115,77.5292,2025-03-21,1662837.46,2025-04-12,1702835.15,200,In Progress,,School Building Renovation at Madurai constituency site 81
W00471,MP032,Tamil Nadu,Coimbatore,IA015,Health Sub-Centre Upgrade,1.0,unit,29.54342,86.24325,2023-09-29,1834232.95,2023-11-11,1831545.24,210,Completed,2024-06-10,Health Sub-Centre Upgrade at Coimbatore constituency site 82
W00472,MP031,Uttar Pradesh,Gorakhpur,IA008,Street Lighting (per 50 units),1.51,batch,16.27833,87.73897,2023-10-06,799014.24,2023-11-03,801404.34,90,Completed,2024-03-01,Street Lighting (per 50 units) at Gorakhpur constituency site 83
W00473,MP001,West Bengal,Malda,IA014,School Building Renovation,1.96,unit,17.17566,82.86665,2024-03-16,2437989.92,2024-04-15,2339967.48,200,Completed,2024-12-24,School Building Renovation at Malda constituency site 84
W00474,MP040,Bihar,Gaya,IA036,Public Toilet Complex,1.21,unit,23.17013,72.92899,2023-07-18,649449.05,2023-09-05,646808.5,120,Completed,2024-01-29,Public Toilet Complex at Gaya constituency site 85
W00475,MP010,Bihar,Gaya,IA025,Drainage / Sewage Line (per km),1.39,km,23.30008,73.04055,2025-01-10,1891130.74,2025-02-20,1936254.37,180,Completed,2025-08-10,Drainage / Sewage Line (per km) at Gaya constituency site 86
W00476,MP015,West Bengal,Malda,IA028,Drainage / Sewage Line (per km),1.54,km,17.19518,83.02536,2024-01-12,2071121.83,2024-01-24,2039405.21,180,Completed,2024-09-21,Drainage / Sewage Line (per km) at Malda constituency site 87
W00477,MP026,Maharashtra,Nagpur,IA035,Drinking Water Facility,2.5,unit,24.5662,85.20944,2026-03-27,2253524.56,2026-05-06,2217049.41,150,In Progress,,Drinking Water Facility at Nagpur constituency site 88
W00478,MP030,Bihar,Muzaffarpur,IA032,Public Toilet Complex,1.74,unit,27.53959,82.10372,2025-11-25,737457.4,2026-01-10,700249.59,120,In Progress,,Public Toilet Complex at Muzaffarpur constituency site 89
W00479,MP025,Bihar,Patna,IA023,Public Toilet Complex,1.76,unit,21.55454,75.70522,2025-10-28,796431.42,2025-12-22,812236.08,120,Completed,2026-05-05,Public Toilet Complex at Patna constituency site 90
W00480,MP037,Bihar,Patna,IA023,School Building Renovation,1.2,unit,21.59334,75.66834,2023-10-13,1719293.49,2023-12-01,1672605.64,200,Completed,2024-04-24,School Building Renovation at Patna constituency site 91
W00481,MP006,Bihar,Muzaffarpur,IA032,Public Toilet Complex,2.52,unit,27.34319,81.98437,2024-02-03,1075218.97,2024-04-02,1141659.95,120,Completed,2024-09-10,Public Toilet Complex at Muzaffarpur constituency site 92
W00482,MP032,Tamil Nadu,Coimbatore,IA055,Street Lighting (per 50 units),1.04,batch,29.49503,86.26752,2023-05-12,619483.67,2023-07-10,626644.35,90,Completed,2023-10-07,Street Lighting (per 50 units) at Coimbatore constituency site 93
W00483,MP025,Bihar,Patna,IA023,Community Hall,1.0,unit,21.52715,75.67605,2024-06-07,3637592.25,2024-06-18,3791746.99,240,Completed,2024-12-04,Community Hall at Patna constituency site 94
W00484,MP036,Maharashtra,Nashik,IA038,Health Sub-Centre Upgrade,1.0,unit,17.00145,79.27897,2023-09-08,1420339.23,2023-10-26,1349982.25,210,Completed,2024-03-31,Health Sub-Centre Upgrade at Nashik constituency site 95
W00485,MP020,Tamil Nadu,Coimbatore,IA055,Drinking Water Facility,2.39,unit,29.4232,86.40052,2024-01-20,2009181.9,2024-03-11,2041575.72,150,Completed,2024-09-10,Drinking Water Facility at Coimbatore constituency site 96
W00486,MP026,Maharashtra,Nagpur,IA001,Street Lighting (per 50 units),3.25,batch,24.73395,85.21153,2025-06-01,2041742.54,2025-07-19,2065457.08,90,In Progress,,Street Lighting (per 50 units) at Nagpur constituency site 0
W00487,MP037,Bihar,Muzaffarpur,IA032,Drainage / Sewage Line (per km),1.43,km,27.28768,81.99926,2024-02-09,2493248.34,2024-03-30,2475395.4,180,In Progress,,Drainage / Sewage Line (per km) at Muzaffarpur constituency site 1
W00488,MP008,West Bengal,Howrah,IA022,Drainage / Sewage Line (per km),2.42,km,21.85987,72.7301,2023-04-26,3722285.55,2023-05-21,3737979.56,180,Completed,2023-12-01,Drainage / Sewage Line (per km) at Howrah constituency site 2
W00489,MP032,Tamil Nadu,Coimbatore,IA015,Street Lighting (per 50 units),1.65,batch,29.64552,86.19658,2025-05-30,1165625.5,2025-06-19,1121716.61,90,Completed,2025-08-14,Street Lighting (per 50 units) at Coimbatore constituency site 3
W00490,MP035,West Bengal,Malda,IA050,Road Construction (per km),2.55,km,17.30341,82.90892,2023-11-19,4882797.56,2023-12-27,4867420.16,270,Completed,2024-08-02,Road Construction (per km) at Malda constituency site 4
W00491,MP033,Uttar Pradesh,Meerut,IA005,Drinking Water Facility,1.08,unit,27.77296,83.17373,2025-04-23,894882.68,2025-05-15,898193.1,150,Completed,2025-12-25,Drinking Water Facility at Meerut constituency site 5
W00492,MP034,Uttar Pradesh,Gorakhpur,IA052,Community Hall,1.0,unit,16.48089,87.60056,2023-07-30,3625341.12,2023-09-16,3522574.7,240,In Progress,,Community Hall at Gorakhpur constituency site 6
W00493,MP039,Bihar,Gaya,IA042,Road Construction (per km),2.23,km,23.44854,73.0649,2024-04-21,4718139.51,2024-06-08,4712182.47,270,Completed,2025-01-12,Road Construction (per km) at Gaya constituency site 7
W00494,MP025,Bihar,Patna,IA023,Drainage / Sewage Line (per km),1.26,km,21.7207,75.51335,2025-09-05,2145856.0,2025-10-17,2125822.34,180,Completed,2026-03-01,Drainage / Sewage Line (per km) at Patna constituency site 8
W00495,MP037,Bihar,Muzaffarpur,IA032,Drainage / Sewage Line (per km),0.65,km,27.55266,82.03776,2023-09-23,1027120.64,2023-11-12,1068098.85,180,Completed,2024-06-10,Drainage / Sewage Line (per km) at Muzaffarpur constituency site 9
W00496,MP008,West Bengal,Howrah,IA058,Health Sub-Centre Upgrade,1.0,unit,22.00992,72.60437,2024-10-14,1912547.96,2024-11-30,1865827.04,210,Completed,2025-07-18,Health Sub-Centre Upgrade at Howrah constituency site 10
W00497,MP037,Bihar,Muzaffarpur,IA032,Street Lighting (per 50 units),1.33,batch,27.50743,82.19544,2025-04-20,874198.25,2025-06-06,882458.57,90,Completed,2025-09-08,Street Lighting (per 50 units) at Muzaffarpur constituency site 11
W00498,MP026,Maharashtra,Nagpur,IA001,Drinking Water Facility,1.13,unit,24.54649,85.07708,2025-02-21,872205.89,2025-04-11,885399.07,150,Completed,2025-09-19,Drinking Water Facility at Nagpur constituency site 12
W00499,MP038,Tamil Nadu,Coimbatore,IA015,Drainage / Sewage Line (per km),0.3,km,29.67466,86.18285,2026-01-17,463750.55,2026-02-14,462949.61,180,Completed,2026-08-19,Drainage / Sewage Line (per km) at Coimbatore constituency site 13
W00500,MP012,Uttar Pradesh,Varanasi,IA057,Drainage / Sewage Line (per km),0.94,km,26.5564,84.51888,2025-03-27,1229141.54,2025-04-29,1229337.82,180,Completed,2025-11-08,Drainage / Sewage Line (per km) at Varanasi constituency site 14
W00501,MP023,Tamil Nadu,Coimbatore,IA055,Street Lighting (per 50 units),1.34,batch,29.46105,86.25991,2024-10-06,802735.01,2024-11-02,836164.47,90,Completed,2025-02-22,Street Lighting (per 50 units) at Coimbatore constituency site 15
W00502,MP005,Tamil Nadu,Salem,IA059,Road Construction (per km),2.61,km,26.58362,75.00787,2024-04-25,5559161.48,2024-05-10,5350384.02,270,Completed,2025-05-23,Road Construction (per km) at Salem constituency site 16
W00503,MP023,Tamil Nadu,Coimbatore,IA055,Community Hall,1.0,unit,29.46995,86.42627,2024-07-14,3620670.45,2024-09-04,3668186.15,240,Completed,2025-07-11,Community Hall at Coimbatore constituency site 17
W00504,MP001,West Bengal,Malda,IA014,Public Toilet Complex,1.69,unit,17.27512,82.77912,2024-05-17,639724.2,2024-07-03,644258.64,120,Completed,2024-09-28,Public Toilet Complex at Malda constituency site 18
W00505,MP034,Uttar Pradesh,Gorakhpur,IA060,School Building Renovation,1.55,unit,16.46398,87.59644,2025-01-16,2066956.95,2025-01-28,1965061.33,200,Completed,2025-08-03,School Building Renovation at Gorakhpur constituency site 19
W00506,MP039,Bihar,Gaya,IA025,Drinking Water Facility,2.32,unit,23.21358,73.14993,2025-11-08,2077946.52,2025-12-03,2038883.31,150,Completed,2026-07-26,Drinking Water Facility at Gaya constituency site 20
W00507,MP003,Bihar,Patna,IA023,Drainage / Sewage Line (per km),0.97,km,21.76497,75.53021,2026-01-16,1205054.78,2026-03-10,1183751.67,180,In Progress,,Drainage / Sewage Line (per km) at Patna constituency site 21
W00508,MP005,Tamil Nadu,Salem,IA059,Drinking Water Facility,1.65,unit,26.78101,75.18984,2025-10-31,1475562.77,2025-11-15,1444233.38,150,Completed,2026-06-01,Drinking Water Facility at Salem constituency site 22
W00509,MP017,Uttar Pradesh,Gorakhpur,IA052,Drinking Water Facility,2.43,unit,16.44681,87.58802,2023-11-14,1916791.09,2023-12-22,1949570.19,150,Completed,2024-06-22,Drinking Water Facility at Gorakhpur constituency site 23
W00510,MP020,Tamil Nadu,Coimbatore,IA024,Drainage / Sewage Line (per km),2.01,km,29.553,86.2994,2024-12-14,2484682.2,2024-12-25,2544819.95,180,In Progress,,Drainage / Sewage Line (per km) at Coimbatore constituency site 24
W00511,MP040,Bihar,Gaya,IA025,Drainage / Sewage Line (per km),1.8,km,23.18294,73.08437,2024-09-02,2601401.78,2024-10-11,2532597.75,180,Completed,2025-05-09,Drainage / Sewage Line (per km) at Gaya constituency site 25
W00512,MP033,Uttar Pradesh,Meerut,IA040,Public Toilet Complex,1.88,unit,27.86187,83.10143,2023-12-05,926796.92,2024-02-01,907226.33,120,Completed,2024-05-23,Public Toilet Complex at Meerut constituency site 26
W00513,MP040,Bihar,Gaya,IA025,Road Construction (per km),3.81,km,23.22273,72.99732,2023-06-29,7148027.05,2023-07-11,7274538.73,270,Completed,2023-11-07,Road Construction (per km) at Gaya constituency site 27
W00514,MP014,Maharashtra,Pune,IA003,Health Sub-Centre Upgrade,1.0,unit,20.65109,86.91339,2024-01-13,1501417.22,2024-02-01,1509124.62,210,Completed,2024-08-29,Health Sub-Centre Upgrade at Pune constituency site 28
W00515,MP013,Uttar Pradesh,Gorakhpur,IA008,Public Toilet Complex,1.16,unit,16.39617,87.63723,2024-12-26,496486.31,2025-01-19,497603.12,120,Completed,2025-04-19,Public Toilet Complex at Gorakhpur constituency site 29
W00516,MP031,Uttar Pradesh,Sitapur,IA017,Public Toilet Complex,1.27,unit,26.49831,78.93508,2025-08-23,474805.39,2025-10-09,477895.83,120,Completed,2026-02-24,Public Toilet Complex at Sitapur constituency site 30
W00517,MP003,Bihar,Patna,IA023,Drainage / Sewage Line (per km),2.55,km,21.66594,75.64057,2024-12-28,3186889.15,2025-02-19,3240882.28,180,Completed,2025-09-03,Drainage / Sewage Line (per km) at Patna constituency site 31
W00518,MP021,West Bengal,Howrah,IA045,Health Sub-Centre Upgrade,1.0,unit,21.97697,72.55546,2024-10-25,1929148.42,2024-11-22,1948680.65,210,Completed,2025-07-19,Health Sub-Centre Upgrade at Howrah constituency site 32
W00519,MP038,Tamil Nadu,Coimbatore,IA024,Road Construction (per km),2.96,km,29.63534,86.22723,2025-12-02,5643666.55,2024-10-03,5416235.07,270,In Progress,,Road Construction (per km) at Coimbatore constituency site 33
W00520,MP003,Bihar,Muzaffarpur,IA032,Health Sub-Centre Upgrade,1.0,unit,27.42539,82.08096,2023-05-29,1857494.2,2023-07-19,1850565.77,210,Completed,2024-01-26,Health Sub-Centre Upgrade at Muzaffarpur constituency site 34
W00521,MP028,Tamil Nadu,Madurai,IA044,Health Sub-Centre Upgrade,1.0,unit,26.25254,77.58189,2025-02-03,1677806.1,2025-03-01,1635234.81,210,In Progress,,Health Sub-Centre Upgrade at Madurai constituency site 35
W00522,MP034,Uttar Pradesh,Gorakhpur,IA060,Road Construction (per km),3.94,km,16.52717,87.65515,2024-03-03,6611746.86,2024-03-16,6574575.78,270,In Progress,,Road Construction (per km) at Gorakhpur constituency site 36
W00523,MP021,West Bengal,Howrah,IA058,Community Hall,1.0,unit,22.13649,72.73472,2024-01-27,3199187.97,2024-03-15,3167216.11,240,In Progress,,Community Hall at Howrah constituency site 37
W00524,MP006,Bihar,Muzaffarpur,IA032,School Building Renovation,1.64,unit,27.28479,82.01154,2024-03-02,1991946.63,2024-06-05,2020005.37,200,In Progress,,School Building Renovation at Muzaffarpur constituency site 38
W00525,MP025,Bihar,Patna,IA023,Drainage / Sewage Line (per km),1.33,km,21.68405,75.52866,2024-03-30,1839049.6,2024-05-16,1865128.23,180,Completed,2024-12-11,Drainage / Sewage Line (per km) at Patna constituency site 39
W00526,MP024,Maharashtra,Nagpur,IA035,Road Construction (per km),4.6,km,24.61347,85.23808,2025-04-19,3918975.75,2025-05-19,4144492.94,270,In Progress,,Road Construction (per km) at Nagpur constituency site 40
W00527,MP029,Bihar,Patna,IA023,Drainage / Sewage Line (per km),0.9,km,21.71838,75.51209,2024-10-29,1315019.71,2024-12-12,1298778.85,180,In Progress,,Drainage / Sewage Line (per km) at Patna constituency site 41
W00528,MP015,West Bengal,Malda,IA050,Community Hall,1.0,unit,17.40783,82.91771,2025-11-04,2830950.31,2025-12-24,2864362.53,240,In Progress,,Community Hall at Malda constituency site 42
W00529,MP011,Bihar,Muzaffarpur,IA032,Street Lighting (per 50 units),1.34,batch,27.53668,82.15448,2023-07-21,771943.35,2023-08-31,775851.25,90,Completed,2023-11-23,Street Lighting (per 50 units) at Muzaffarpur constituency site 43
W00530,MP009,Bihar,Muzaffarpur,IA032,Health Sub-Centre Upgrade,1.0,unit,27.5136,81.97537,2024-04-06,1564255.16,2024-05-22,1588792.67,210,Completed,2024-12-19,Health Sub-Centre Upgrade at Muzaffarpur constituency site 44
W00531,MP001,West Bengal,Malda,IA021,Road Construction (per km),3.72,km,17.26952,82.90182,2025-01-21,7003663.87,2025-03-11,7182188.01,270,Completed,2025-10-07,Road Construction (per km) at Malda constituency site 45
W00532,MP010,Bihar,Gaya,IA042,Road Construction (per km),2.15,km,23.32642,73.10865,2023-10-08,4148986.05,2023-11-10,4374433.78,270,Completed,2024-11-11,Road Construction (per km) at Gaya constituency site 46
W00533,MP040,Bihar,Gaya,IA049,Drinking Water Facility,2.1,unit,23.22833,72.9842,2025-12-21,1751242.65,2026-02-12,1736605.99,150,Completed,2026-06-04,Drinking Water Facility at Gaya constituency site 47
W00534,MP014,Maharashtra,Pune,IA003,Community Hall,1.0,unit,20.6476,86.97666,2024-08-19,3165277.79,2024-10-11,2867877.32,240,Completed,2025-03-09,Community Hall at Pune constituency site 48
W00535,MP016,West Bengal,Howrah,IA022,School Building Renovation,1.82,unit,21.92654,72.73139,2023-05-18,2307819.96,2023-06-30,2363018.81,200,Completed,2024-01-23,School Building Renovation at Howrah constituency site 49
W00536,MP026,Maharashtra,Nagpur,IA001,Street Lighting (per 50 units),2.0,batch,24.69913,85.10102,2024-08-26,1007694.21,2024-10-10,1008671.14,90,Completed,2024-11-27,Street Lighting (per 50 units) at Nagpur constituency site 50
W00537,MP008,West Bengal,Howrah,IA045,Road Construction (per km),3.23,km,21.94427,72.61795,2024-09-05,6348210.45,2024-09-16,6459340.66,270,In Progress,,Road Construction (per km) at Howrah constituency site 51
W00538,MP035,West Bengal,Malda,IA007,School Building Renovation,1.26,unit,17.34085,82.93412,2025-06-21,1582423.56,2025-08-12,1635455.6,200,Completed,2026-01-16,School Building Renovation at Malda constituency site 52
W00539,MP001,West Bengal,Malda,IA002,Drinking Water Facility,2.68,unit,17.17249,82.82031,2023-08-06,2575941.33,2023-10-03,2724885.07,150,Completed,2024-02-11,Drinking Water Facility at Malda constituency site 53
W00540,MP023,Tamil Nadu,Coimbatore,IA024,Drainage / Sewage Line (per km),1.98,km,29.5692,86.22167,2025-07-18,2966640.79,2025-08-03,3065464.72,180,Completed,2026-02-06,Drainage / Sewage Line (per km) at Coimbatore constituency site 54
W00541,MP019,Maharashtra,Nashik,IA038,Drainage / Sewage Line (per km),2.65,km,16.99576,79.1469,2025-07-30,3182942.03,2025-09-04,3177600.7,180,Completed,2026-01-20,Drainage / Sewage Line (per km) at Nashik constituency site 55
W00542,MP020,Tamil Nadu,Coimbatore,IA055,Public Toilet Complex,2.75,unit,29.4853,86.22016,2023-08-03,1171784.82,2023-10-01,1136865.85,120,Completed,2024-02-04,Public Toilet Complex at Coimbatore constituency site 56
W00543,MP010,Bihar,Gaya,IA036,Street Lighting (per 50 units),3.51,batch,23.41363,72.88228,2025-03-18,2283165.82,2025-04-28,2261870.28,90,Completed,2025-07-23,Street Lighting (per 50 units) at Gaya constituency site 57
W00544,MP033,Uttar Pradesh,Meerut,IA047,Street Lighting (per 50 units),2.96,batch,27.85807,83.20022,2023-12-18,1897988.85,2024-01-19,1941891.39,90,Completed,2024-04-27,Street Lighting (per 50 units) at Meerut constituency site 58
W00545,MP016,West Bengal,Howrah,IA022,Drinking Water Facility,1.03,unit,22.05911,72.6231,2024-03-04,904277.06,2024-05-02,918049.07,150,Completed,2024-09-14,Drinking Water Facility at Howrah constituency site 59
W00546,MP007,Maharashtra,Nagpur,IA001,Health Sub-Centre Upgrade,1.0,unit,24.57431,85.24091,2025-06-16,1444231.1,2025-07-22,1358501.59,210,Completed,2025-12-04,Health Sub-Centre Upgrade at Nagpur constituency site 60
W00547,MP009,Bihar,Muzaffarpur,IA032,Drainage / Sewage Line (per km),1.76,km,27.37436,81.96942,2024-09-30,2889505.72,2024-11-09,2972911.12,180,In Progress,,Drainage / Sewage Line (per km) at Muzaffarpur constituency site 61
W00548,MP022,Uttar Pradesh,Meerut,IA047,Street Lighting (per 50 units),3.06,batch,27.84188,83.1821,2023-07-28,1650609.5,2023-08-30,1689214.99,90,In Progress,,Street Lighting (per 50 units) at Meerut constituency site 62
W00549,MP017,Uttar Pradesh,Gorakhpur,IA008,Public Toilet Complex,1.24,unit,16.45931,87.71624,2024-11-28,526709.24,2024-12-15,517109.51,120,In Progress,,Public Toilet Complex at Gorakhpur constituency site 63
W00550,MP003,Bihar,Patna,IA023,Drainage / Sewage Line (per km),0.33,km,21.54812,75.73279,2025-05-10,463246.31,2025-06-16,478680.23,180,In Progress,,Drainage / Sewage Line (per km) at Patna constituency site 64
W00551,MP005,Tamil Nadu,Coimbatore,IA055,Drainage / Sewage Line (per km),0.66,km,29.44554,86.41704,2023-08-19,917363.34,2023-10-09,960118.84,180,Completed,2024-03-26,Drainage / Sewage Line (per km) at Coimbatore constituency site 65
W00552,MP035,West Bengal,Malda,IA050,Drinking Water Facility,1.04,unit,17.24967,82.84483,2023-08-15,1069311.64,2023-09-12,1062360.26,150,Completed,2024-02-25,Drinking Water Facility at Malda constituency site 66
W00553,MP030,Bihar,Muzaffarpur,IA032,Road Construction (per km),4.99,km,27.29332,82.03645,2024-08-23,8385530.1,2024-09-21,8419598.66,270,Completed,2025-06-21,Road Construction (per km) at Muzaffarpur constituency site 67
W00554,MP037,Bihar,Muzaffarpur,IA032,Health Sub-Centre Upgrade,1.0,unit,27.43564,82.19906,2024-05-04,1639045.99,2024-05-15,1631495.71,210,Completed,2024-12-14,Health Sub-Centre Upgrade at Muzaffarpur constituency site 68
W00555,MP026,Maharashtra,Nagpur,IA035,School Building Renovation,1.4,unit,24.59464,85.05514,2026-02-09,2024204.18,2026-04-03,1951067.64,200,In Progress,,School Building Renovation at Nagpur constituency site 69
W00556,MP040,Bihar,Gaya,IA036,School Building Renovation,1.18,unit,23.27612,72.8917,2023-04-15,1298400.72,2023-05-01,1297618.0,200,Completed,2023-09-21,School Building Renovation at Gaya constituency site 70
W00557,MP019,Maharashtra,Nashik,IA027,Road Construction (per km),0.87,km,16.87629,79.27497,2025-04-22,1287208.15,2025-06-11,1179906.36,270,Completed,2026-01-07,Road Construction (per km) at Nashik constituency site 71
W00558,MP006,Bihar,Muzaffarpur,IA032,Community Hall,1.0,unit,27.30638,82.12246,2025-01-24,2740571.66,2025-02-05,2723571.44,240,Completed,2025-11-18,Community Hall at Muzaffarpur constituency site 72
W00559,MP003,Bihar,Patna,IA023,Street Lighting (per 50 units),3.9,batch,21.6813,75.51125,2024-07-14,2787858.26,2024-07-24,2947404.82,90,Completed,2024-10-20,Street Lighting (per 50 units) at Patna constituency site 73
W00560,MP020,Tamil Nadu,Coimbatore,IA024,School Building Renovation,1.76,unit,29.42728,86.24922,2025-03-31,2061342.52,2025-04-16,2142018.85,200,Completed,2025-10-05,School Building Renovation at Coimbatore constituency site 74
W00561,MP026,Maharashtra,Nagpur,IA034,Community Hall,1.0,unit,24.59425,85.20656,2024-03-14,3468194.43,2024-05-10,3210290.15,240,Completed,2024-12-07,Community Hall at Nagpur constituency site 75
W00562,MP017,Uttar Pradesh,Gorakhpur,IA053,Drinking Water Facility,2.91,unit,16.30971,87.48876,2025-11-06,2695375.56,2025-11-25,2617248.59,150,Completed,2026-05-01,Drinking Water Facility at Gorakhpur constituency site 76
W00563,MP006,Bihar,Muzaffarpur,IA032,School Building Renovation,1.33,unit,27.48079,82.06414,2025-07-25,1712201.54,2025-09-13,1740208.47,200,Completed,2026-03-22,School Building Renovation at Muzaffarpur constituency site 77
W00564,MP005,Tamil Nadu,Salem,IA059,Health Sub-Centre Upgrade,1.0,unit,26.69435,75.06653,2024-08-07,1609019.43,2025-03-24,1561744.28,210,In Progress,,Health Sub-Centre Upgrade at Salem constituency site 78
W00565,MP029,Bihar,Patna,IA023,Street Lighting (per 50 units),2.38,batch,21.62863,75.60346,2023-04-10,1204631.21,2023-05-24,1156334.78,90,Completed,2023-08-07,Street Lighting (per 50 units) at Patna constituency site 79
W00566,MP038,Tamil Nadu,Coimbatore,IA055,Drainage / Sewage Line (per km),1.27,km,29.65391,86.33807,2026-03-23,2085226.27,2024-12-12,2066354.09,180,In Progress,,Drainage / Sewage Line (per km) at Coimbatore constituency site 80
W00567,MP031,Uttar Pradesh,Gorakhpur,IA052,Road Construction (per km),1.68,km,16.30352,87.51845,2025-05-27,2536146.01,2025-07-15,9650953.85,270,Completed,2026-03-05,Road Construction (per km) at Gorakhpur constituency site 81
W00568,MP006,Bihar,Muzaffarpur,IA032,School Building Renovation,1.15,unit,27.414,82.12424,2026-02-20,1181767.8,2026-04-20,1178350.77,200,In Progress,,School Building Renovation at Muzaffarpur constituency site 82
W00569,MP003,Bihar,Patna,IA023,Community Hall,1.0,unit,21.5109,75.71079,2026-01-07,3962500.86,2026-01-18,3859016.35,240,In Progress,,Community Hall at Patna constituency site 83
W00570,MP010,Bihar,Gaya,IA036,Health Sub-Centre Upgrade,1.0,unit,23.3022,72.93589,2024-04-14,1723646.59,2024-05-28,1664024.86,210,Completed,2025-02-03,Health Sub-Centre Upgrade at Gaya constituency site 84
W00571,MP024,Maharashtra,Nagpur,IA016,Street Lighting (per 50 units),2.46,batch,24.78038,85.16118,2023-08-03,1317606.54,2023-08-24,1260320.64,90,Completed,2023-11-30,Street Lighting (per 50 units) at Nagpur constituency site 85
W00572,MP039,Bihar,Gaya,IA049,Drinking Water Facility,1.84,unit,23.22198,72.88226,2023-07-03,1797382.06,2023-08-23,1760407.75,150,Completed,2023-12-31,Drinking Water Facility at Gaya constituency site 86
W00573,MP022,Uttar Pradesh,Meerut,IA018,Drinking Water Facility,2.93,unit,27.79042,83.13672,2026-01-21,2952955.18,2026-02-11,2924199.58,150,In Progress,,Drinking Water Facility at Meerut constituency site 87
W00574,MP027,Uttar Pradesh,Varanasi,IA057,Drainage / Sewage Line (per km),0.6,km,26.30862,84.44329,2025-03-13,971545.06,2025-04-27,963570.18,180,Completed,2025-09-22,Drainage / Sewage Line (per km) at Varanasi constituency site 88
W00575,MP003,Bihar,Patna,IA023,Community Hall,1.0,unit,21.56759,75.66392,2023-06-21,3297073.41,2023-07-09,3494746.07,240,Completed,2024-02-18,Community Hall at Patna constituency site 89
W00576,MP031,Uttar Pradesh,Gorakhpur,IA053,Street Lighting (per 50 units),2.97,batch,16.37956,87.48599,2023-11-17,2056997.68,2023-12-16,2048248.5,90,Completed,2024-02-10,Street Lighting (per 50 units) at Gorakhpur constituency site 90
W00577,MP005,Tamil Nadu,Coimbatore,IA055,Drinking Water Facility,2.78,unit,29.70781,86.1794,2024-04-01,2936661.35,2024-05-26,2967969.93,150,Completed,2024-11-27,Drinking Water Facility at Coimbatore constituency site 91
W00578,MP029,Bihar,Patna,IA023,Street Lighting (per 50 units),3.9,batch,21.54975,75.70256,2026-01-20,2701415.51,2026-02-23,9610594.25,90,Completed,2026-04-27,Street Lighting (per 50 units) at Patna constituency site 92
W00579,MP034,Uttar Pradesh,Gorakhpur,IA054,Public Toilet Complex,2.42,unit,16.47026,87.61175,2024-03-20,1042680.74,2024-05-11,1073596.36,120,Completed,2024-08-24,Public Toilet Complex at Gorakhpur constituency site 93
W00580,MP034,Uttar Pradesh,Gorakhpur,IA054,Street Lighting (per 50 units),1.69,batch,16.44197,87.51529,2025-01-17,1005873.15,2025-03-04,1045890.68,90,Completed,2025-05-05,Street Lighting (per 50 units) at Gorakhpur constituency site 94
W00581,MP023,Tamil Nadu,Coimbatore,IA055,School Building Renovation,1.44,unit,29.52421,86.26813,2024-01-19,1568789.91,2024-02-23,1446077.65,200,Completed,2024-06-04,School Building Renovation at Coimbatore constituency site 95
W00582,MP010,Bihar,Gaya,IA036,Health Sub-Centre Upgrade,1.0,unit,23.36018,73.15751,2025-11-11,1612667.1,2025-12-07,1601533.11,210,Completed,2026-04-26,Health Sub-Centre Upgrade at Gaya constituency site 96
W00583,MP034,Uttar Pradesh,Gorakhpur,IA054,Street Lighting (per 50 units),3.76,batch,16.36115,87.74283,2024-06-03,2218393.79,2024-07-04,2255274.25,90,Completed,2024-10-05,Street Lighting (per 50 units) at Gorakhpur constituency site 0
W00584,MP031,Uttar Pradesh,Gorakhpur,IA054,Community Hall,1.0,unit,16.39247,87.5217,2025-03-01,3473537.89,2025-04-27,3620548.04,240,Completed,2025-11-15,Community Hall at Gorakhpur constituency site 1
W00585,MP040,Bihar,Gaya,IA025,Drainage / Sewage Line (per km),2.93,km,23.43152,72.95852,2025-10-10,4591229.76,2025-11-03,4696068.27,180,Completed,2026-06-11,Drainage / Sewage Line (per km) at Gaya constituency site 2
W00586,MP040,Bihar,Gaya,IA011,Street Lighting (per 50 units),3.26,batch,23.46167,72.93159,2023-10-23,2134088.64,2023-12-15,2115015.76,90,Completed,2024-03-11,Street Lighting (per 50 units) at Gaya constituency site 3
W00587,MP015,West Bengal,Malda,IA043,Community Hall,1.0,unit,17.33136,83.0229,2023-08-25,3434253.8,2023-09-27,3416632.77,240,Completed,2024-04-22,Community Hall at Malda constituency site 4
W00588,MP020,Tamil Nadu,Coimbatore,IA024,Road Construction (per km),1.38,km,29.47405,86.1453,2025-02-25,2946374.88,2025-04-24,2870969.19,270,Completed,2025-12-31,Road Construction (per km) at Coimbatore constituency site 5
W00589,MP001,West Bengal,Malda,IA030,Health Sub-Centre Upgrade,1.0,unit,17.26667,82.93715,2024-03-14,1777899.53,2024-04-03,1778558.0,210,Completed,2024-11-24,Health Sub-Centre Upgrade at Malda constituency site 6
W00590,MP031,Uttar Pradesh,Gorakhpur,IA046,Drainage / Sewage Line (per km),0.61,km,16.38605,87.59249,2023-04-25,897943.75,2023-05-11,895810.13,180,In Progress,,Drainage / Sewage Line (per km) at Gorakhpur constituency site 7
W00591,MP016,West Bengal,Howrah,IA045,Health Sub-Centre Upgrade,1.0,unit,22.12407,72.80229,2025-11-10,1742772.54,2026-01-01,1793746.96,210,Completed,2026-08-31,Health Sub-Centre Upgrade at Howrah constituency site 8
W00592,MP024,Maharashtra,Nagpur,IA035,Community Hall,1.0,unit,24.5934,85.16145,2025-04-25,3098529.31,2025-05-23,3018793.62,240,Completed,2026-01-24,Community Hall at Nagpur constituency site 9
W00593,MP030,Bihar,Muzaffarpur,IA032,Street Lighting (per 50 units),3.17,batch,27.48615,82.17114,2023-07-10,1927553.58,2023-08-24,6812054.81,90,Completed,2023-11-16,Street Lighting (per 50 units) at Muzaffarpur constituency site 10
W00594,MP022,Uttar Pradesh,Meerut,IA005,Public Toilet Complex,2.47,unit,28.02653,83.17843,2025-08-05,1391265.97,2025-09-27,1376817.86,120,Completed,2026-03-02,Public Toilet Complex at Meerut constituency site 11
W00595,MP026,Maharashtra,Nagpur,IA035,Drinking Water Facility,1.49,unit,24.76855,85.23468,2024-07-07,1654540.8,2024-08-20,1628115.57,150,In Progress,,Drinking Water Facility at Nagpur constituency site 12
W00596,MP031,Uttar Pradesh,Gorakhpur,IA026,Drinking Water Facility,1.04,unit,16.31084,87.71436,2024-05-02,1224046.14,2024-05-25,1208057.44,150,Completed,2024-10-28,Drinking Water Facility at Gorakhpur constituency site 13
W00597,MP037,Bihar,Muzaffarpur,IA032,Community Hall,1.0,unit,27.52774,82.1885,2024-05-14,3659322.45,2024-05-27,3797159.32,240,In Progress,,Community Hall at Muzaffarpur constituency site 14
W00598,MP032,Tamil Nadu,Coimbatore,IA015,Street Lighting (per 50 units),2.73,batch,29.63613,86.18475,2025-01-04,1707704.34,2025-01-14,1740565.67,90,Completed,2025-03-26,Street Lighting (per 50 units) at Coimbatore constituency site 15
W00599,MP031,Uttar Pradesh,Gorakhpur,IA060,Street Lighting (per 50 units),1.91,batch,16.36543,87.75985,2023-12-21,1256992.0,2024-01-22,1300239.5,90,Completed,2024-04-28,Street Lighting (per 50 units) at Gorakhpur constituency site 16
W00600,MP036,Maharashtra,Nashik,IA048,Community Hall,1.0,unit,16.90631,79.10769,2023-07-01,4218797.58,2023-07-26,4099559.32,240,Completed,2024-07-27,Community Hall at Nashik constituency site 17
W00601,MP026,Maharashtra,Nagpur,IA034,Health Sub-Centre Upgrade,1.0,unit,24.76174,85.02486,2023-09-17,1259373.43,2023-11-12,1271594.67,210,Completed,2024-07-17,Health Sub-Centre Upgrade at Nagpur constituency site 18
W00602,MP017,Uttar Pradesh,Gorakhpur,IA004,Drinking Water Facility,1.48,unit,16.377,87.71622,2025-11-01,1091420.35,2025-12-27,1105219.75,150,In Progress,,Drinking Water Facility at Gorakhpur constituency site 19
W00603,MP030,Bihar,Muzaffarpur,IA032,Community Hall,1.0,unit,27.4716,82.12918,2024-10-31,2967822.87,2024-12-27,3032075.82,240,Completed,2025-08-25,Community Hall at Muzaffarpur constituency site 20
W00604,MP034,Uttar Pradesh,Gorakhpur,IA026,Drainage / Sewage Line (per km),1.74,km,16.39577,87.68728,2024-01-19,2363202.17,2024-02-28,2317236.11,180,In Progress,,Drainage / Sewage Line (per km) at Gorakhpur constituency site 21
W00605,MP017,Uttar Pradesh,Gorakhpur,IA046,Drainage / Sewage Line (per km),2.32,km,16.26375,87.75002,2025-01-18,3192466.05,2025-02-14,3183334.21,180,Completed,2025-04-27,Drainage / Sewage Line (per km) at Gorakhpur constituency site 22
W00606,MP030,Bihar,Muzaffarpur,IA032,Drinking Water Facility,1.87,unit,27.33782,82.03681,2026-03-16,1454039.63,2026-05-14,1382343.57,150,In Progress,,Drinking Water Facility at Muzaffarpur constituency site 23
W00607,MP008,West Bengal,Howrah,IA009,School Building Renovation,1.11,unit,22.1106,72.61723,2024-05-20,1386445.03,2024-06-06,1423905.96,200,Completed,2025-01-22,School Building Renovation at Howrah constituency site 24
W00608,MP027,Uttar Pradesh,Sitapur,IA029,School Building Renovation,1.51,unit,26.71479,78.94557,2024-01-06,2186339.68,2024-01-25,2185803.43,200,Completed,2024-08-27,School Building Renovation at Sitapur constituency site 25
W00609,MP028,Tamil Nadu,Madurai,IA044,Drinking Water Facility,1.86,unit,26.28178,77.73238,2023-11-06,1699922.02,2023-12-31,1680777.75,150,Completed,2024-05-18,Drinking Water Facility at Madurai constituency site 26
W00610,MP005,Tamil Nadu,Coimbatore,IA015,Health Sub-Centre Upgrade,1.0,unit,29.52631,86.14701,2024-09-18,1628057.28,2024-10-04,1699232.89,210,Completed,2025-03-10,Health Sub-Centre Upgrade at Coimbatore constituency site 27
W00611,MP035,West Bengal,Malda,IA002,Street Lighting (per 50 units),1.3,batch,17.25771,82.977,2025-02-16,729051.48,2025-03-12,724339.77,90,Completed,2025-07-18,Street Lighting (per 50 units) at Malda constituency site 28
W00612,MP027,Uttar Pradesh,Sitapur,IA017,Health Sub-Centre Upgrade,1.0,unit,26.72436,78.91284,2025-08-07,1452552.56,2025-10-03,1496587.73,210,Completed,2026-01-17,Health Sub-Centre Upgrade at Sitapur constituency site 29
W00613,MP007,Maharashtra,Nagpur,IA035,Public Toilet Complex,1.95,unit,24.6042,85.1672,2025-08-30,1009241.83,2025-10-23,1094020.74,120,Completed,2026-03-21,Public Toilet Complex at Nagpur constituency site 30
W00614,MP006,Bihar,Muzaffarpur,IA032,Community Hall,1.0,unit,27.53081,82.13474,2023-07-20,3226198.18,2023-08-21,3266216.59,240,Completed,2024-01-20,Community Hall at Muzaffarpur constituency site 31
W00615,MP012,Uttar Pradesh,Meerut,IA018,Public Toilet Complex,2.12,unit,27.99671,83.25334,2025-11-26,1040180.75,2026-01-04,1059166.01,120,Completed,2026-05-31,Public Toilet Complex at Meerut constituency site 32
W00616,MP032,Tamil Nadu,Coimbatore,IA024,Drinking Water Facility,2.44,unit,29.44722,86.27745,2025-12-27,2115418.1,2026-01-17,5581639.59,150,Completed,2026-05-04,Drinking Water Facility at Coimbatore constituency site 33
W00617,MP019,Maharashtra,Nashik,IA048,Health Sub-Centre Upgrade,1.0,unit,16.9608,79.24423,2025-01-23,1730445.27,2025-03-04,1707943.14,210,Completed,2025-12-27,Health Sub-Centre Upgrade at Nashik constituency site 34
W00618,MP006,Bihar,Muzaffarpur,IA032,Public Toilet Complex,1.9,unit,27.30329,82.08379,2023-04-24,828496.33,2023-05-22,812149.62,120,Completed,2023-09-11,Public Toilet Complex at Muzaffarpur constituency site 35
W00619,MP031,Uttar Pradesh,Gorakhpur,IA008,Drinking Water Facility,2.16,unit,16.29219,87.7531,2024-11-18,2051671.3,2024-12-25,2129318.96,150,Completed,2025-05-10,Drinking Water Facility at Gorakhpur constituency site 36
W00620,MP004,Bihar,Muzaffarpur,IA032,School Building Renovation,1.6,unit,27.29296,81.98612,2024-03-29,1655470.09,2024-04-23,1651685.9,200,Completed,2024-08-20,School Building Renovation at Muzaffarpur constituency site 37
W00621,MP021,West Bengal,Howrah,IA045,Road Construction (per km),0.58,km,21.9823,72.57535,2025-04-27,1096074.63,2024-06-06,1084047.73,270,In Progress,,Road Construction (per km) at Howrah constituency site 38
W00622,MP020,Tamil Nadu,Coimbatore,IA024,School Building Renovation,1.04,unit,29.60337,86.38952,2025-01-10,1429892.03,2025-03-06,1407406.29,200,Completed,2025-11-24,School Building Renovation at Coimbatore constituency site 39
W00623,MP038,Tamil Nadu,Coimbatore,IA055,Road Construction (per km),3.12,km,29.52605,86.25838,2024-04-16,6101106.47,2024-06-10,6074445.66,270,Completed,2025-01-23,Road Construction (per km) at Coimbatore constituency site 40
W00624,MP003,Bihar,Patna,IA023,Street Lighting (per 50 units),2.15,batch,21.65269,75.62171,2024-02-16,1550644.21,2024-02-29,1554436.94,90,Completed,2024-05-15,Street Lighting (per 50 units) at Patna constituency site 41
W00625,MP004,Bihar,Muzaffarpur,IA032,Public Toilet Complex,1.65,unit,27.43116,82.18841,2025-03-26,777471.66,2025-05-04,774802.09,120,Completed,2025-08-15,Public Toilet Complex at Muzaffarpur constituency site 42
W00626,MP030,Bihar,Muzaffarpur,IA032,Community Hall,1.0,unit,27.49635,82.11449,2025-10-12,2938854.06,2025-11-09,2922876.39,240,Completed,2026-08-20,Community Hall at Muzaffarpur constituency site 43
W00627,MP005,Tamil Nadu,Salem,IA006,Public Toilet Complex,1.57,unit,26.71606,75.02123,2023-07-23,617996.83,2023-08-07,618361.14,120,In Progress,,Public Toilet Complex at Salem constituency site 44
W00628,MP015,West Bengal,Malda,IA030,Drainage / Sewage Line (per km),1.62,km,17.16879,83.03717,2026-01-20,2383133.47,2026-03-09,2354316.11,180,Completed,2026-06-15,Drainage / Sewage Line (per km) at Malda constituency site 45
W00629,MP010,Bihar,Gaya,IA025,School Building Renovation,1.26,unit,23.35965,73.16611,2024-01-21,1381554.25,2024-02-20,1364213.6,200,Completed,2024-08-29,School Building Renovation at Gaya constituency site 46
W00630,MP006,Bihar,Patna,IA023,Street Lighting (per 50 units),2.02,batch,21.62646,75.54635,2025-08-09,1118565.46,2025-08-22,1200268.83,90,In Progress,,Street Lighting (per 50 units) at Patna constituency site 47
W00631,MP037,Bihar,Muzaffarpur,IA032,Drinking Water Facility,1.82,unit,27.36292,82.02111,2023-04-28,1585276.08,2023-05-24,1624242.53,150,Completed,2023-12-28,Drinking Water Facility at Muzaffarpur constituency site 48
W00632,MP036,Maharashtra,Nashik,IA048,Drainage / Sewage Line (per km),1.18,km,16.96627,79.22524,2024-02-28,1553238.33,2024-03-26,1539756.15,180,Completed,2024-08-17,Drainage / Sewage Line (per km) at Nashik constituency site 49
W00633,MP025,Bihar,Patna,IA023,Road Construction (per km),1.52,km,21.70456,75.51842,2024-04-18,2735667.34,2024-06-14,2707457.52,270,Completed,2025-05-30,Road Construction (per km) at Patna constituency site 50
W00634,MP004,Bihar,Muzaffarpur,IA032,Road Construction (per km),4.72,km,27.44708,82.14506,2025-08-25,7327323.3,2025-10-18,7382191.54,270,In Progress,,Road Construction (per km) at Muzaffarpur constituency site 51
W00635,MP011,Bihar,Muzaffarpur,IA032,Drainage / Sewage Line (per km),0.87,km,27.26865,82.13716,2023-06-09,1285208.8,2023-06-24,1328012.19,180,Completed,2023-10-04,Drainage / Sewage Line (per km) at Muzaffarpur constituency site 52
W00636,MP031,Uttar Pradesh,Gorakhpur,IA054,Street Lighting (per 50 units),1.95,batch,16.50523,87.7562,2025-05-01,1253643.01,2025-06-12,4804526.36,90,Completed,2025-08-18,Street Lighting (per 50 units) at Gorakhpur constituency site 53
W00637,MP022,Uttar Pradesh,Meerut,IA040,Health Sub-Centre Upgrade,1.0,unit,27.95435,83.2452,2023-05-21,1700813.83,2023-07-02,1685156.06,210,Completed,2024-03-04,Health Sub-Centre Upgrade at Meerut constituency site 54
W00638,MP040,Bihar,Gaya,IA025,Community Hall,1.0,unit,23.24124,73.08802,2023-10-03,3705342.2,2023-10-18,3570935.96,240,Completed,2024-08-06,Community Hall at Gaya constituency site 55
W00639,MP030,Bihar,Muzaffarpur,IA032,Street Lighting (per 50 units),3.72,batch,27.47697,82.10482,2025-03-08,2062576.19,2025-03-21,2059626.03,90,Completed,2025-06-30,Street Lighting (per 50 units) at Muzaffarpur constituency site 56
W00640,MP009,Bihar,Muzaffarpur,IA032,School Building Renovation,1.72,unit,27.44312,82.24672,2026-03-04,2332074.73,2026-04-18,2325441.71,200,In Progress,,School Building Renovation at Muzaffarpur constituency site 57
W00641,MP038,Tamil Nadu,Coimbatore,IA015,Street Lighting (per 50 units),2.43,batch,29.51754,86.19261,2026-02-25,1393976.59,2026-04-03,1320286.05,90,Completed,2026-07-18,Street Lighting (per 50 units) at Coimbatore constituency site 58
W00642,MP027,Uttar Pradesh,Sitapur,IA029,Drainage / Sewage Line (per km),1.75,km,26.56777,78.94673,2024-12-09,2302591.41,2025-01-14,2278518.78,180,Completed,2025-06-21,Drainage / Sewage Line (per km) at Sitapur constituency site 59
W00643,MP038,Tamil Nadu,Coimbatore,IA015,Road Construction (per km),1.39,km,29.49282,86.36983,2023-04-04,2366159.31,2023-05-19,2312282.94,270,Completed,2024-01-12,Road Construction (per km) at Coimbatore constituency site 60
W00644,MP027,Uttar Pradesh,Sitapur,IA010,Public Toilet Complex,1.01,unit,26.61489,79.11117,2023-05-30,425040.03,2023-07-25,426748.74,120,Completed,2024-01-31,Public Toilet Complex at Sitapur constituency site 61
W00645,MP026,Maharashtra,Pune,IA003,Health Sub-Centre Upgrade,1.0,unit,20.67905,86.81454,2025-06-21,1523336.12,2025-07-26,1512523.22,210,Completed,2025-12-23,Health Sub-Centre Upgrade at Pune constituency site 62
W00646,MP035,West Bengal,Malda,IA002,Health Sub-Centre Upgrade,1.0,unit,17.23732,83.06907,2024-10-30,1865561.95,2024-12-08,1964857.35,210,Completed,2025-07-02,Health Sub-Centre Upgrade at Malda constituency site 63
W00647,MP009,Bihar,Muzaffarpur,IA032,Road Construction (per km),4.94,km,27.29464,82.11325,2025-08-31,5623797.2,2025-09-26,5831358.92,270,In Progress,,Road Construction (per km) at Muzaffarpur constituency site 64
W00648,MP036,Maharashtra,Nashik,IA038,Drinking Water Facility,2.8,unit,16.82153,79.24397,2025-01-19,2523454.77,2025-02-09,2648257.89,150,Completed,2025-05-21,Drinking Water Facility at Nashik constituency site 65
W00649,MP006,Bihar,Patna,IA023,Drainage / Sewage Line (per km),2.08,km,21.78979,75.7745,2024-06-17,2707328.96,2024-07-01,2760212.6,180,Completed,2024-12-23,Drainage / Sewage Line (per km) at Patna constituency site 66
W00650,MP027,Uttar Pradesh,Sitapur,IA010,Health Sub-Centre Upgrade,1.0,unit,26.71632,78.91421,2024-11-04,1745873.34,2024-12-02,1720396.38,210,Completed,2025-08-10,Health Sub-Centre Upgrade at Sitapur constituency site 67
W00651,MP010,Bihar,Gaya,IA025,Public Toilet Complex,1.55,unit,23.38471,73.15532,2023-04-14,611245.85,2023-05-13,1878933.61,120,Completed,2023-07-30,Public Toilet Complex at Gaya constituency site 68
W00652,MP009,Bihar,Muzaffarpur,IA032,Street Lighting (per 50 units),1.91,batch,27.33282,82.25464,2023-12-30,1094046.94,2025-03-08,1060126.16,90,In Progress,,Street Lighting (per 50 units) at Muzaffarpur constituency site 69
W00653,MP039,Bihar,Gaya,IA011,Public Toilet Complex,2.59,unit,23.25027,72.92544,2026-01-22,1021992.17,2026-03-04,1023612.58,120,Completed,2026-07-22,Public Toilet Complex at Gaya constituency site 70
W00654,MP011,Bihar,Muzaffarpur,IA032,Health Sub-Centre Upgrade,1.0,unit,27.36513,82.02708,2025-10-03,1519919.06,2025-10-14,1460449.24,210,Completed,2026-05-01,Health Sub-Centre Upgrade at Muzaffarpur constituency site 71
W00655,MP031,Uttar Pradesh,Gorakhpur,IA004,Public Toilet Complex,1.12,unit,16.43316,87.56124,2024-12-17,490089.65,2025-01-13,493107.1,120,In Progress,,Public Toilet Complex at Gorakhpur constituency site 72
W00656,MP012,Uttar Pradesh,Varanasi,IA057,Health Sub-Centre Upgrade,1.0,unit,26.47411,84.49597,2025-01-12,1494829.38,2025-03-07,1490750.07,210,Completed,2025-09-03,Health Sub-Centre Upgrade at Varanasi constituency site 73
W00657,MP004,Bihar,Patna,IA023,Health Sub-Centre Upgrade,1.0,unit,21.75658,75.57718,2025-11-06,1865443.96,2025-12-29,1961135.6,210,Completed,2026-09-02,Health Sub-Centre Upgrade at Patna constituency site 74
W00658,MP001,West Bengal,Malda,IA007,Drainage / Sewage Line (per km),1.14,km,17.37771,82.82567,2024-07-06,1458038.94,2024-08-13,1355021.06,180,Completed,2025-03-01,Drainage / Sewage Line (per km) at Malda constituency site 75
W00659,MP012,Uttar Pradesh,Varanasi,IA057,Public Toilet Complex,2.7,unit,26.48559,84.60727,2023-09-09,1564537.51,2023-10-05,1574356.66,120,Completed,2024-01-24,Public Toilet Complex at Varanasi constituency site 76
W00660,MP003,Bihar,Patna,IA023,Drainage / Sewage Line (per km),2.48,km,21.55912,75.53544,2024-05-18,4292458.24,2024-07-09,4499736.47,180,Completed,2024-11-11,Drainage / Sewage Line (per km) at Patna constituency site 77
W00661,MP037,Bihar,Muzaffarpur,IA032,Health Sub-Centre Upgrade,1.0,unit,27.42487,81.96314,2024-04-07,1472710.52,2024-05-22,1449391.22,210,Completed,2024-12-19,Health Sub-Centre Upgrade at Muzaffarpur constituency site 78
W00662,MP012,Uttar Pradesh,Varanasi,IA057,Street Lighting (per 50 units),2.08,batch,26.5438,84.52453,2024-04-29,1259395.91,2024-05-14,1204206.96,90,Completed,2024-08-07,Street Lighting (per 50 units) at Varanasi constituency site 79
W00663,MP002,West Bengal,Howrah,IA013,Street Lighting (per 50 units),1.2,batch,22.04845,72.70889,2026-03-25,691152.01,2026-04-17,660990.61,90,Completed,2026-07-19,Street Lighting (per 50 units) at Howrah constituency site 80
W00664,MP025,Bihar,Patna,IA023,School Building Renovation,1.96,unit,21.70897,75.59809,2025-08-19,2378674.92,2025-09-18,2465357.75,200,Completed,2026-01-20,School Building Renovation at Patna constituency site 81
W00665,MP018,Bihar,Muzaffarpur,IA032,Health Sub-Centre Upgrade,1.0,unit,27.45151,82.11088,2023-05-22,1549641.74,2023-06-03,1541252.75,210,Completed,2023-12-08,Health Sub-Centre Upgrade at Muzaffarpur constituency site 82
W00666,MP027,Uttar Pradesh,Sitapur,IA010,Health Sub-Centre Upgrade,1.0,unit,26.51874,79.02923,2025-12-08,1810844.46,2026-01-22,1817756.9,210,Completed,2026-08-27,Health Sub-Centre Upgrade at Sitapur constituency site 83
W00667,MP015,West Bengal,Malda,IA051,Street Lighting (per 50 units),1.96,batch,17.23092,82.83783,2023-04-30,1249251.26,2023-06-18,1268826.81,90,Completed,2023-08-06,Street Lighting (per 50 units) at Malda constituency site 84
W00668,MP019,Maharashtra,Nashik,IA027,Public Toilet Complex,2.25,unit,16.98278,79.30222,2024-05-15,1141422.47,2024-07-06,1162849.63,120,In Progress,,Public Toilet Complex at Nashik constituency site 85
W00669,MP018,Bihar,Patna,IA023,Community Hall,1.0,unit,21.75722,75.66906,2025-02-03,3903686.03,2025-03-11,3909399.52,240,Completed,2025-12-11,Community Hall at Patna constituency site 86
W00670,MP020,Tamil Nadu,Coimbatore,IA055,Drainage / Sewage Line (per km),0.44,km,29.41722,86.30863,2025-05-19,606012.44,2025-06-22,621794.24,180,Completed,2025-11-20,Drainage / Sewage Line (per km) at Coimbatore constituency site 87
W00671,MP039,Bihar,Gaya,IA011,Street Lighting (per 50 units),3.58,batch,23.38176,73.09815,2024-04-26,2007062.39,2024-05-23,2081707.47,90,Completed,2024-08-17,Street Lighting (per 50 units) at Gaya constituency site 88
W00672,MP018,Bihar,Gaya,IA011,Health Sub-Centre Upgrade,1.0,unit,23.44286,73.11032,2025-06-01,1798052.56,2025-06-18,1790638.46,210,Completed,2026-02-12,Health Sub-Centre Upgrade at Gaya constituency site 89
W00673,MP031,Uttar Pradesh,Gorakhpur,IA008,Community Hall,1.0,unit,16.55787,87.66612,2024-05-08,2872454.77,2024-06-26,2889207.43,240,In Progress,,Community Hall at Gorakhpur constituency site 90
W00674,MP033,Uttar Pradesh,Meerut,IA047,Street Lighting (per 50 units),2.98,batch,27.75078,83.24402,2026-01-10,1775875.44,2026-02-12,1755016.06,90,Completed,2026-05-13,Street Lighting (per 50 units) at Meerut constituency site 91
W00675,MP016,West Bengal,Howrah,IA013,Health Sub-Centre Upgrade,1.0,unit,22.11161,72.84215,2024-02-01,2081483.16,2024-02-27,2046640.88,210,Completed,2024-07-13,Health Sub-Centre Upgrade at Howrah constituency site 92
W00676,MP038,Tamil Nadu,Coimbatore,IA015,Road Construction (per km),2.27,km,29.53913,86.22294,2025-09-12,3870359.3,2025-10-28,3936124.6,270,In Progress,,Road Construction (per km) at Coimbatore constituency site 93
W00677,MP027,Uttar Pradesh,Sitapur,IA017,Road Construction (per km),2.13,km,26.60578,78.91174,2025-11-25,4225292.15,2026-01-02,4257170.27,270,In Progress,,Road Construction (per km) at Sitapur constituency site 94
W00678,MP002,West Bengal,Howrah,IA009,Health Sub-Centre Upgrade,1.0,unit,21.99382,72.63019,2024-04-28,1748548.84,2024-05-23,1757317.11,210,Completed,2024-12-14,Health Sub-Centre Upgrade at Howrah constituency site 95
W00679,MP017,Uttar Pradesh,Gorakhpur,IA039,Health Sub-Centre Upgrade,1.0,unit,16.30508,87.54284,2026-02-07,1685323.53,2026-04-02,1716625.96,210,In Progress,,Health Sub-Centre Upgrade at Gorakhpur constituency site 96
W00680,MP040,Bihar,Gaya,IA049,School Building Renovation,1.9,unit,23.40386,73.14525,2024-07-04,2444963.3,2024-07-23,2497051.01,200,Completed,2024-12-16,School Building Renovation at Gaya constituency site 0
W00681,MP009,Bihar,Muzaffarpur,IA032,Public Toilet Complex,2.65,unit,27.55167,82.08434,2024-11-08,1110849.62,2024-12-20,1077123.25,120,Completed,2025-05-11,Public Toilet Complex at Muzaffarpur constituency site 1
W00682,MP022,Uttar Pradesh,Meerut,IA047,Street Lighting (per 50 units),1.19,batch,27.76756,83.01824,2026-01-29,824519.11,2026-02-19,807369.83,90,Completed,2026-04-24,Street Lighting (per 50 units) at Meerut constituency site 2
W00683,MP004,Bihar,Muzaffarpur,IA032,Road Construction (per km),3.82,km,27.36032,82.25656,2026-02-11,5585674.46,2026-04-06,5571415.07,270,In Progress,,Road Construction (per km) at Muzaffarpur constituency site 3
W00684,MP030,Bihar,Muzaffarpur,IA032,Health Sub-Centre Upgrade,1.0,unit,27.55232,82.12928,2023-11-29,1564881.13,2024-01-05,1570238.54,210,Completed,2024-06-13,Health Sub-Centre Upgrade at Muzaffarpur constituency site 4
W00685,MP008,West Bengal,Howrah,IA022,Public Toilet Complex,1.19,unit,22.11409,72.68934,2025-02-11,491946.52,2025-03-25,509221.18,120,Completed,2025-07-14,Public Toilet Complex at Howrah constituency site 5
W00686,MP010,Bihar,Gaya,IA011,Community Hall,1.0,unit,23.21726,73.05091,2024-02-04,3028931.78,2024-03-09,2909673.14,240,Completed,2024-10-04,Community Hall at Gaya constituency site 6
W00687,MP023,Tamil Nadu,Coimbatore,IA024,Street Lighting (per 50 units),1.4,batch,29.47762,86.4148,2024-07-10,850290.73,2024-08-10,893001.5,90,Completed,2024-11-09,Street Lighting (per 50 units) at Coimbatore constituency site 7
W00688,MP020,Tamil Nadu,Coimbatore,IA024,Street Lighting (per 50 units),1.15,batch,29.48248,86.23415,2023-09-16,724873.63,2023-11-02,738268.2,90,Completed,2024-02-12,Street Lighting (per 50 units) at Coimbatore constituency site 8
W00689,MP007,Maharashtra,Nagpur,IA034,Drainage / Sewage Line (per km),2.27,km,24.67973,85.02573,2025-10-18,2953040.72,2025-11-02,2930603.96,180,In Progress,,Drainage / Sewage Line (per km) at Nagpur constituency site 9
W00690,MP021,West Bengal,Howrah,IA037,Street Lighting (per 50 units),1.54,batch,22.09499,72.65694,2023-11-20,880039.86,2023-12-13,864035.8,90,Completed,2024-02-21,Street Lighting (per 50 units) at Howrah constituency site 10
W00691,MP025,Bihar,Patna,IA023,Health Sub-Centre Upgrade,1.0,unit,21.77612,75.65084,2024-05-05,1556815.3,2024-06-29,1559100.95,210,Completed,2025-02-02,Health Sub-Centre Upgrade at Patna constituency site 11
W00692,MP001,West Bengal,Malda,IA021,Public Toilet Complex,1.04,unit,17.39297,82.81124,2023-08-18,443354.22,2023-08-29,419216.75,120,Completed,2023-12-18,Public Toilet Complex at Malda constituency site 12
W00693,MP019,Maharashtra,Nashik,IA038,Street Lighting (per 50 units),2.99,batch,16.82817,79.18934,2024-10-01,1689970.09,2024-10-14,1628357.83,90,Completed,2025-01-05,Street Lighting (per 50 units) at Nashik constituency site 13
W00694,MP022,Uttar Pradesh,Meerut,IA018,Drainage / Sewage Line (per km),1.98,km,27.93849,83.2228,2023-08-20,3210765.24,2023-09-29,3275589.38,180,In Progress,,Drainage / Sewage Line (per km) at Meerut constituency site 14
W00695,MP007,Maharashtra,Nagpur,IA016,Drainage / Sewage Line (per km),0.35,km,24.55806,85.071,2024-05-02,568559.66,2024-06-08,551111.42,180,Completed,2024-10-10,Drainage / Sewage Line (per km) at Nagpur constituency site 15
W00696,MP020,Tamil Nadu,Coimbatore,IA055,Public Toilet Complex,1.34,unit,29.51059,86.42836,2025-07-17,468599.49,2025-07-31,463691.93,120,Completed,2025-11-24,Public Toilet Complex at Coimbatore constituency site 16
W00697,MP010,Bihar,Gaya,IA042,Community Hall,1.0,unit,23.33404,72.9627,2024-01-19,3561946.07,2024-02-08,3418461.56,240,Completed,2024-09-10,Community Hall at Gaya constituency site 17
W00698,MP031,Uttar Pradesh,Gorakhpur,IA052,Road Construction (per km),4.48,km,16.53856,87.54974,2025-04-02,7637605.21,2025-04-26,7946771.96,270,In Progress,,Road Construction (per km) at Gorakhpur constituency site 18
W00699,MP029,Bihar,Muzaffarpur,IA032,Drainage / Sewage Line (per km),1.09,km,27.52966,81.96759,2023-05-29,1183167.18,2023-06-29,1174061.8,180,In Progress,,Drainage / Sewage Line (per km) at Muzaffarpur constituency site 19
W00700,MP038,Tamil Nadu,Coimbatore,IA055,Drainage / Sewage Line (per km),2.86,km,29.68132,86.14832,2023-11-22,4101640.15,2023-12-19,4090484.73,180,Completed,2024-07-03,Drainage / Sewage Line (per km) at Coimbatore constituency site 20
W00701,MP023,Tamil Nadu,Coimbatore,IA024,Street Lighting (per 50 units),1.48,batch,29.45422,86.43921,2025-10-14,984713.38,2025-11-13,985237.77,90,Completed,2026-01-08,Street Lighting (per 50 units) at Coimbatore constituency site 21
W00702,MP035,West Bengal,Howrah,IA056,Drainage / Sewage Line (per km),2.49,km,22.06191,72.67223,2025-09-16,2327724.95,2025-11-12,2384273.64,180,In Progress,,Drainage / Sewage Line (per km) at Howrah constituency site 22
W00703,MP004,Bihar,Muzaffarpur,IA032,Drainage / Sewage Line (per km),1.85,km,27.28406,82.05339,2023-04-19,2498666.17,2023-06-17,2514731.1,180,Completed,2023-12-23,Drainage / Sewage Line (per km) at Muzaffarpur constituency site 23
W00704,MP032,Tamil Nadu,Coimbatore,IA024,Street Lighting (per 50 units),2.25,batch,29.62836,86.39327,2025-11-13,1323011.07,2026-01-02,1294456.44,90,Completed,2026-03-10,Street Lighting (per 50 units) at Coimbatore constituency site 24
W00705,MP032,Tamil Nadu,Coimbatore,IA055,Street Lighting (per 50 units),2.25,batch,29.42518,86.39139,2023-08-30,1540117.1,2023-09-17,1520519.64,90,Completed,2023-12-13,Street Lighting (per 50 units) at Coimbatore constituency site 25
W00706,MP023,Tamil Nadu,Coimbatore,IA024,Drainage / Sewage Line (per km),0.61,km,29.52238,86.14918,2025-05-04,854793.02,2025-06-07,826436.83,180,Completed,2025-12-19,Drainage / Sewage Line (per km) at Coimbatore constituency site 26
W00707,MP001,West Bengal,Malda,IA021,Street Lighting (per 50 units),1.76,batch,17.37438,83.02473,2025-04-30,1100467.69,2025-05-27,1135108.27,90,Completed,2025-07-20,Street Lighting (per 50 units) at Malda constituency site 27
W00708,MP025,Bihar,Patna,IA023,Road Construction (per km),3.93,km,21.66651,75.61261,2026-03-24,7743635.35,2026-05-11,7831077.54,270,In Progress,,Road Construction (per km) at Patna constituency site 28
W00709,MP027,Uttar Pradesh,Gorakhpur,IA039,School Building Renovation,1.45,unit,16.41621,87.75758,2023-09-07,1620161.29,2023-10-10,1614078.61,200,In Progress,,School Building Renovation at Gorakhpur constituency site 29
W00710,MP007,Maharashtra,Nagpur,IA034,School Building Renovation,1.53,unit,24.80708,85.21514,2024-12-04,1799502.71,2025-01-31,1788461.6,200,In Progress,,School Building Renovation at Nagpur constituency site 30
W00711,MP002,West Bengal,Howrah,IA020,Street Lighting (per 50 units),2.49,batch,21.86032,72.67804,2025-09-30,1661826.36,2025-11-12,1634167.29,90,Completed,2026-02-15,Street Lighting (per 50 units) at Howrah constituency site 31
W00712,MP022,Uttar Pradesh,Meerut,IA047,Community Hall,1.0,unit,27.88747,83.17366,2023-11-19,3175300.73,2023-12-04,3059694.12,240,Completed,2024-07-23,Community Hall at Meerut constituency site 32
W00713,MP006,Bihar,Muzaffarpur,IA032,Community Hall,1.0,unit,27.4983,82.0844,2023-10-16,2391923.21,2023-11-11,2422863.92,240,Completed,2024-10-05,Community Hall at Muzaffarpur constituency site 33
W00714,MP002,West Bengal,Howrah,IA020,Road Construction (per km),4.24,km,22.10985,72.56793,2024-11-12,7341651.59,2024-12-14,7011685.75,270,In Progress,,Road Construction (per km) at Howrah constituency site 34
W00715,MP021,West Bengal,Howrah,IA056,School Building Renovation,1.27,unit,21.95112,72.62318,2024-05-05,1345731.79,2024-05-22,1329478.46,200,Completed,2024-12-22,School Building Renovation at Howrah constituency site 35
W00716,MP020,Tamil Nadu,Coimbatore,IA024,Road Construction (per km),0.91,km,29.65537,86.41316,2024-07-26,1772643.22,2024-09-01,1808285.13,270,Completed,2025-05-14,Road Construction (per km) at Coimbatore constituency site 36
W00717,MP038,Tamil Nadu,Coimbatore,IA015,Health Sub-Centre Upgrade,1.0,unit,29.66512,86.26725,2024-07-31,1482964.89,2024-09-21,1467222.39,210,Completed,2025-05-02,Health Sub-Centre Upgrade at Coimbatore constituency site 37
W00718,MP027,Uttar Pradesh,Sitapur,IA029,Drinking Water Facility,2.13,unit,26.64975,78.87326,2024-04-15,1788602.76,2024-05-31,1787844.29,150,Completed,2024-12-17,Drinking Water Facility at Sitapur constituency site 38
W00719,MP011,Bihar,Muzaffarpur,IA032,Drainage / Sewage Line (per km),0.44,km,27.46972,82.08488,2025-08-12,483933.14,2025-08-26,477285.33,180,In Progress,,Drainage / Sewage Line (per km) at Muzaffarpur constituency site 39
W00720,MP017,Uttar Pradesh,Gorakhpur,IA026,Community Hall,1.0,unit,16.55224,87.66794,2024-06-29,3323549.58,2024-08-03,3193822.01,240,Completed,2025-05-25,Community Hall at Gorakhpur constituency site 40
W00721,MP039,Bihar,Gaya,IA036,Drinking Water Facility,2.0,unit,23.3894,72.94407,2025-05-20,1682887.98,2025-07-09,1674446.27,150,Completed,2025-12-05,Drinking Water Facility at Gaya constituency site 41
W00722,MP011,Bihar,Muzaffarpur,IA032,Drinking Water Facility,2.61,unit,27.47033,82.19091,2025-05-03,1913501.08,2025-06-06,1989664.62,150,In Progress,,Drinking Water Facility at Muzaffarpur constituency site 42
W00723,MP028,Tamil Nadu,Madurai,IA044,Road Construction (per km),3.15,km,26.38753,77.7202,2025-01-22,5103984.12,2025-02-13,5151223.54,270,Completed,2026-01-18,Road Construction (per km) at Madurai constituency site 43
W00724,MP015,West Bengal,Malda,IA051,Health Sub-Centre Upgrade,1.0,unit,17.40138,82.82278,2024-12-23,1591639.06,2025-01-30,1623259.2,210,Completed,2025-08-09,Health Sub-Centre Upgrade at Malda constituency site 44
W00725,MP034,Uttar Pradesh,Gorakhpur,IA026,Drainage / Sewage Line (per km),0.54,km,16.47833,87.68241,2024-03-31,867200.63,2024-05-10,902958.89,180,In Progress,,Drainage / Sewage Line (per km) at Gorakhpur constituency site 45
W00726,MP036,Maharashtra,Nashik,IA027,Street Lighting (per 50 units),2.8,batch,16.85761,79.1207,2023-06-16,1456619.03,2023-06-26,1458087.75,90,Completed,2023-10-14,Street Lighting (per 50 units) at Nashik constituency site 46
W00727,MP039,Bihar,Gaya,IA025,Public Toilet Complex,1.97,unit,23.42128,73.09346,2025-08-18,872373.11,2025-10-06,896610.46,120,Completed,2026-03-06,Public Toilet Complex at Gaya constituency site 47
W00728,MP007,Maharashtra,Nagpur,IA001,Drainage / Sewage Line (per km),2.32,km,24.68463,85.22247,2024-09-29,2748115.41,2024-10-24,2696490.1,180,Completed,2025-04-09,Drainage / Sewage Line (per km) at Nagpur constituency site 48
W00729,MP024,Maharashtra,Nagpur,IA001,Drinking Water Facility,2.08,unit,24.79252,85.09621,2023-05-10,1530682.13,2023-06-21,1553794.7,150,Completed,2023-10-31,Drinking Water Facility at Nagpur constituency site 49
W00730,MP040,Bihar,Gaya,IA025,Road Construction (per km),2.12,km,23.36653,73.03175,2023-06-05,3537425.01,2023-07-03,3485044.7,270,Completed,2024-03-13,Road Construction (per km) at Gaya constituency site 50
W00731,MP012,Uttar Pradesh,Varanasi,IA057,Community Hall,1.0,unit,26.35862,84.53469,2023-10-18,4237598.99,2023-10-31,4165952.05,240,In Progress,,Community Hall at Varanasi constituency site 51
W00732,MP013,Uttar Pradesh,Gorakhpur,IA046,Drinking Water Facility,2.24,unit,16.55813,87.5023,2023-10-23,2287193.39,2023-11-02,2191398.92,150,In Progress,,Drinking Water Facility at Gorakhpur constituency site 52
W00733,MP034,Uttar Pradesh,Varanasi,IA057,Street Lighting (per 50 units),1.15,batch,26.38538,84.6711,2025-11-24,743741.02,2025-12-19,737210.87,90,Completed,2026-02-25,Street Lighting (per 50 units) at Varanasi constituency site 53
W00734,MP017,Uttar Pradesh,Gorakhpur,IA053,Drinking Water Facility,1.88,unit,16.42989,87.481,2023-10-20,1686794.19,2023-11-09,1656504.83,150,Completed,2024-04-23,Drinking Water Facility at Gorakhpur constituency site 54
W00735,MP017,Uttar Pradesh,Gorakhpur,IA053,Drinking Water Facility,1.46,unit,16.46907,87.6141,2023-07-04,1109266.64,2023-08-14,1086349.01,150,Completed,2023-10-26,Drinking Water Facility at Gorakhpur constituency site 55
W00736,MP040,Bihar,Patna,IA023,School Building Renovation,1.29,unit,21.76722,75.50336,2026-02-25,1589559.0,2026-04-08,1497228.38,200,In Progress,,School Building Renovation at Patna constituency site 56
W00737,MP029,Bihar,Patna,IA023,Street Lighting (per 50 units),1.77,batch,21.57903,75.69313,2024-03-16,1132610.02,2024-05-12,1140952.5,90,Completed,2024-07-28,Street Lighting (per 50 units) at Patna constituency site 57
W00738,MP007,Maharashtra,Nagpur,IA001,Public Toilet Complex,2.7,unit,24.66548,85.01843,2024-06-06,1587028.13,2024-06-18,1583947.71,120,In Progress,,Public Toilet Complex at Nagpur constituency site 58
W00739,MP019,Maharashtra,Nashik,IA038,Health Sub-Centre Upgrade,1.0,unit,17.04978,79.34805,2026-02-13,1714610.75,2026-03-29,1696362.3,210,In Progress,,Health Sub-Centre Upgrade at Nashik constituency site 59
W00740,MP020,Tamil Nadu,Madurai,IA031,Street Lighting (per 50 units),3.0,batch,26.23795,77.62413,2026-02-01,1605936.86,2026-02-24,4223139.6,90,Completed,2026-05-21,Street Lighting (per 50 units) at Madurai constituency site 60
W00741,MP031,Uttar Pradesh,Sitapur,IA010,Drainage / Sewage Line (per km),2.72,km,26.62295,79.1167,2024-12-03,3860252.97,2025-01-02,3914866.07,180,Completed,2025-06-02,Drainage / Sewage Line (per km) at Sitapur constituency site 61
W00742,MP013,Uttar Pradesh,Gorakhpur,IA046,Drainage / Sewage Line (per km),2.13,km,16.47566,87.55931,2023-11-30,3480407.37,2023-12-10,3584377.49,180,Completed,2024-06-06,Drainage / Sewage Line (per km) at Gorakhpur constituency site 62
W00743,MP010,Bihar,Gaya,IA036,Drinking Water Facility,1.83,unit,23.38766,73.15973,2026-02-01,2055990.51,2026-03-22,2073388.63,150,Completed,2026-07-05,Drinking Water Facility at Gaya constituency site 63
W00744,MP036,Maharashtra,Nashik,IA027,Drinking Water Facility,1.64,unit,16.79675,79.30733,2025-05-10,1477970.16,2025-07-02,1469520.8,150,Completed,2025-12-20,Drinking Water Facility at Nashik constituency site 64
W00745,MP034,Uttar Pradesh,Gorakhpur,IA053,Drainage / Sewage Line (per km),2.81,km,16.42758,87.66766,2024-08-14,4521830.55,2024-09-27,4292226.37,180,Completed,2025-04-02,Drainage / Sewage Line (per km) at Gorakhpur constituency site 65
W00746,MP021,West Bengal,Howrah,IA058,Drainage / Sewage Line (per km),2.83,km,22.11539,72.74479,2023-05-08,3467009.21,2023-06-15,3429531.44,180,Completed,2023-11-06,Drainage / Sewage Line (per km) at Howrah constituency site 66
W00747,MP013,Uttar Pradesh,Gorakhpur,IA039,School Building Renovation,1.16,unit,16.55683,87.58729,2026-01-23,1387958.49,2026-02-24,1387665.08,200,In Progress,,School Building Renovation at Gorakhpur constituency site 67
W00748,MP008,West Bengal,Howrah,IA022,Community Hall,1.0,unit,22.14752,72.61405,2025-07-03,3857705.55,2025-07-13,4033727.3,240,Completed,2025-12-16,Community Hall at Howrah constituency site 68
W00749,MP039,Bihar,Gaya,IA011,Public Toilet Complex,2.64,unit,23.19941,72.97284,2023-08-16,1132834.61,2023-09-05,1188922.47,120,Completed,2024-01-26,Public Toilet Complex at Gaya constituency site 69
W00750,MP017,Uttar Pradesh,Gorakhpur,IA026,Drainage / Sewage Line (per km),2.62,km,16.32241,87.5139,2025-09-29,4144339.98,2025-11-04,4051972.49,180,Completed,2026-03-13,Drainage / Sewage Line (per km) at Gorakhpur constituency site 70
W00751,MP002,West Bengal,Howrah,IA037,School Building Renovation,1.26,unit,21.93957,72.62895,2023-04-29,1205104.38,2023-05-18,1187824.67,200,Completed,2024-01-02,School Building Renovation at Howrah constituency site 71
W00752,MP005,Tamil Nadu,Madurai,IA044,Community Hall,1.0,unit,26.39492,77.73555,2024-12-28,3352033.31,2025-01-23,3353508.86,240,In Progress,,Community Hall at Madurai constituency site 72
W00753,MP002,West Bengal,Howrah,IA058,Drinking Water Facility,2.4,unit,22.09089,72.79818,2026-03-03,2442571.04,2026-04-04,2402935.6,150,Completed,2026-08-28,Drinking Water Facility at Howrah constituency site 73
W00754,MP028,Tamil Nadu,Madurai,IA031,Road Construction (per km),3.96,km,26.30631,77.6238,2023-05-19,5891752.51,2023-06-06,5899206.82,270,Completed,2023-11-26,Road Construction (per km) at Madurai constituency site 74
W00755,MP016,West Bengal,Howrah,IA045,Drinking Water Facility,2.65,unit,22.1165,72.73807,2025-01-16,1907883.73,2025-02-20,1927043.36,150,In Progress,,Drinking Water Facility at Howrah constituency site 75
W00756,MP023,Tamil Nadu,Coimbatore,IA024,Public Toilet Complex,1.69,unit,29.4772,86.25432,2023-12-21,743849.07,2024-01-28,725546.05,120,Completed,2024-06-09,Public Toilet Complex at Coimbatore constituency site 76
W00757,MP024,Maharashtra,Nagpur,IA001,Drainage / Sewage Line (per km),1.36,km,24.53065,85.28221,2025-05-09,2299204.78,2025-06-22,2351909.18,180,Completed,2025-12-19,Drainage / Sewage Line (per km) at Nagpur constituency site 77
W00758,MP006,Bihar,Muzaffarpur,IA032,Drinking Water Facility,1.51,unit,27.38423,82.23518,2024-06-03,1347816.39,2024-07-27,1332948.64,150,Completed,2025-04-02,Drinking Water Facility at Muzaffarpur constituency site 78
W00759,MP022,Uttar Pradesh,Meerut,IA047,Community Hall,1.0,unit,27.88474,83.19532,2025-04-01,2945543.45,2025-05-12,2967493.11,240,Completed,2025-12-23,Community Hall at Meerut constituency site 79
W00760,MP035,West Bengal,Malda,IA051,Community Hall,1.0,unit,17.28363,82.87931,2025-05-08,3541619.06,2024-03-28,3521816.2,240,In Progress,,Community Hall at Malda constituency site 80
W00761,MP021,West Bengal,Howrah,IA013,Community Hall,1.0,unit,22.10638,72.72309,2026-03-01,3982665.32,2026-03-22,3890326.58,240,In Progress,,Community Hall at Howrah constituency site 81
W00762,MP034,Uttar Pradesh,Gorakhpur,IA039,Public Toilet Complex,2.57,unit,16.47213,87.50885,2023-07-27,1287640.37,2023-09-21,1295940.24,120,Completed,2024-02-04,Public Toilet Complex at Gorakhpur constituency site 82
W00763,MP027,Uttar Pradesh,Sitapur,IA033,Health Sub-Centre Upgrade,1.0,unit,26.61531,79.07263,2023-11-15,1334301.47,2024-01-09,1400026.37,210,Completed,2024-04-19,Health Sub-Centre Upgrade at Sitapur constituency site 83
W00764,MP029,Bihar,Muzaffarpur,IA032,Drinking Water Facility,2.89,unit,27.38188,81.97229,2024-05-04,2914055.39,2024-06-07,2991178.58,150,Completed,2024-10-23,Drinking Water Facility at Muzaffarpur constituency site 84
W00765,MP037,Bihar,Muzaffarpur,IA032,Health Sub-Centre Upgrade,1.0,unit,27.37451,81.98165,2025-09-29,1864943.26,2025-11-04,1811581.22,210,In Progress,,Health Sub-Centre Upgrade at Muzaffarpur constituency site 85
W00766,MP008,West Bengal,Howrah,IA045,Health Sub-Centre Upgrade,1.0,unit,21.99706,72.59799,2026-02-20,1864746.25,2026-04-04,1904382.77,210,In Progress,,Health Sub-Centre Upgrade at Howrah constituency site 86
W00767,MP004,Bihar,Muzaffarpur,IA032,Street Lighting (per 50 units),2.11,batch,27.36093,82.09835,2025-10-23,1359754.99,2025-12-09,1329859.3,90,Completed,2026-02-10,Street Lighting (per 50 units) at Muzaffarpur constituency site 87
W00768,MP007,Maharashtra,Nagpur,IA034,Health Sub-Centre Upgrade,1.0,unit,24.73086,85.29894,2024-05-31,1687756.46,2024-07-25,1749275.39,210,Completed,2025-03-28,Health Sub-Centre Upgrade at Nagpur constituency site 88
W00769,MP027,Uttar Pradesh,Sitapur,IA010,Public Toilet Complex,2.35,unit,26.57723,78.93785,2024-06-28,989659.23,2024-08-23,1042448.13,120,Completed,2025-01-30,Public Toilet Complex at Sitapur constituency site 89
W00770,MP007,Maharashtra,Nagpur,IA016,Road Construction (per km),3.5,km,24.51733,85.10669,2023-07-19,4466013.25,2023-09-15,4451214.57,270,Completed,2024-07-30,Road Construction (per km) at Nagpur constituency site 90
W00771,MP001,West Bengal,Howrah,IA058,Public Toilet Complex,1.61,unit,22.13238,72.81098,2026-02-26,790163.1,2026-03-09,812029.82,120,Completed,2026-05-22,Public Toilet Complex at Howrah constituency site 91
W00772,MP007,Maharashtra,Nagpur,IA034,Street Lighting (per 50 units),2.43,batch,24.68338,85.07801,2025-08-25,1315140.99,2025-09-08,1264046.2,90,Completed,2025-12-21,Street Lighting (per 50 units) at Nagpur constituency site 92
W00773,MP008,West Bengal,Howrah,IA058,Road Construction (per km),3.8,km,22.10039,72.7041,2023-11-20,7307147.19,2023-12-28,7411729.48,270,Completed,2024-09-20,Road Construction (per km) at Howrah constituency site 93
W00774,MP004,Bihar,Muzaffarpur,IA032,Road Construction (per km),4.57,km,27.42214,82.19544,2023-05-26,8051335.16,2023-07-11,8316349.54,270,Completed,2024-03-23,Road Construction (per km) at Muzaffarpur constituency site 94
W00775,MP032,Tamil Nadu,Madurai,IA031,Community Hall,1.0,unit,26.51572,77.55829,2024-09-27,3258723.88,2024-10-31,3145696.27,240,Completed,2025-06-26,Community Hall at Madurai constituency site 95
W00776,MP014,Maharashtra,Pune,IA003,Drinking Water Facility,2.1,unit,20.58493,86.89515,2024-07-06,1726806.76,2024-08-29,1721509.93,150,Completed,2024-12-31,Drinking Water Facility at Pune constituency site 96
W00777,MP035,West Bengal,Malda,IA019,Street Lighting (per 50 units),2.7,batch,17.28006,83.07081,2024-09-25,1306318.14,2024-11-15,1327702.45,90,Completed,2025-03-24,Street Lighting (per 50 units) at Malda constituency site 0
W00778,MP035,West Bengal,Malda,IA002,Health Sub-Centre Upgrade,1.0,unit,17.3285,83.00583,2023-06-18,1927716.72,2023-08-02,1895408.33,210,Completed,2023-12-22,Health Sub-Centre Upgrade at Malda constituency site 1
W00779,MP033,Uttar Pradesh,Meerut,IA047,Health Sub-Centre Upgrade,1.0,unit,27.78569,83.22167,2023-10-03,1695479.17,2023-11-16,1760569.71,210,Completed,2024-06-16,Health Sub-Centre Upgrade at Meerut constituency site 2
W00780,MP025,Bihar,Patna,IA023,Street Lighting (per 50 units),2.91,batch,21.78414,75.74285,2024-02-23,1869994.15,2024-03-08,1797672.86,90,Completed,2024-05-12,Street Lighting (per 50 units) at Patna constituency site 3
W00781,MP032,Tamil Nadu,Coimbatore,IA024,Drinking Water Facility,2.31,unit,29.4807,86.42913,2023-09-09,1853537.05,2023-10-06,1903916.77,150,Completed,2024-02-07,Drinking Water Facility at Coimbatore constituency site 4
W00782,MP006,Bihar,Muzaffarpur,IA032,School Building Renovation,1.65,unit,27.50408,82.23786,2025-11-22,1998612.74,2026-01-03,1980856.33,200,Completed,2026-08-11,School Building Renovation at Muzaffarpur constituency site 5
W00783,MP019,Maharashtra,Nashik,IA027,Road Construction (per km),2.36,km,16.97571,79.08932,2024-03-18,4998200.18,2024-05-05,4936472.15,270,In Progress,,Road Construction (per km) at Nashik constituency site 6
W00784,MP033,Uttar Pradesh,Meerut,IA018,Road Construction (per km),4.88,km,27.92572,83.17333,2024-10-01,8608184.24,2024-10-14,8946917.14,270,Completed,2025-05-21,Road Construction (per km) at Meerut constituency site 7
W00785,MP011,Bihar,Muzaffarpur,IA032,Drinking Water Facility,2.31,unit,27.42124,82.06485,2025-10-10,2067583.28,2025-10-21,2069793.3,150,Completed,2026-02-03,Drinking Water Facility at Muzaffarpur constituency site 8
W00786,MP001,West Bengal,Malda,IA043,Public Toilet Complex,1.57,unit,17.24839,83.02201,2023-04-28,939948.28,2023-06-02,971838.97,120,Completed,2023-09-20,Public Toilet Complex at Malda constituency site 9
W00787,MP038,Tamil Nadu,Coimbatore,IA015,Public Toilet Complex,2.55,unit,29.62313,86.20201,2024-10-14,1096027.38,2024-12-10,1119848.73,120,Completed,2025-03-20,Public Toilet Complex at Coimbatore constituency site 10
W00788,MP019,Maharashtra,Nagpur,IA016,Health Sub-Centre Upgrade,1.0,unit,24.51349,85.24749,2023-09-05,1634293.47,2023-10-30,1591444.32,210,Completed,2024-05-03,Health Sub-Centre Upgrade at Nagpur constituency site 11
W00789,MP023,Tamil Nadu,Coimbatore,IA055,Drinking Water Facility,2.14,unit,29.49691,86.29854,2024-01-31,1603129.96,2024-02-22,1535148.59,150,In Progress,,Drinking Water Facility at Coimbatore constituency site 12
W00790,MP008,West Bengal,Howrah,IA022,School Building Renovation,1.93,unit,21.9605,72.84119,2026-03-30,2147256.12,2026-05-06,2178152.02,200,In Progress,,School Building Renovation at Howrah constituency site 13
W00791,MP013,Uttar Pradesh,Gorakhpur,IA053,Road Construction (per km),4.19,km,16.45532,87.47141,2025-09-30,7030482.23,2025-11-26,6980644.01,270,In Progress,,Road Construction (per km) at Gorakhpur constituency site 14
W00792,MP005,Tamil Nadu,Salem,IA006,Street Lighting (per 50 units),1.33,batch,26.52804,75.05844,2025-06-22,954347.31,2025-07-07,951926.66,90,Completed,2025-11-07,Street Lighting (per 50 units) at Salem constituency site 15
W00793,MP036,Maharashtra,Nashik,IA038,Public Toilet Complex,2.1,unit,16.96659,79.29595,2025-06-25,738482.09,2025-08-10,702961.64,120,Completed,2025-10-26,Public Toilet Complex at Nashik constituency site 16
W00794,MP039,Bihar,Gaya,IA036,Community Hall,1.0,unit,23.42893,72.94521,2025-12-22,3181927.85,2026-02-13,3345324.05,240,In Progress,,Community Hall at Gaya constituency site 17
W00795,MP025,Bihar,Patna,IA023,Street Lighting (per 50 units),2.37,batch,21.78431,75.72655,2025-12-09,1334224.66,2025-12-28,1333714.07,90,In Progress,,Street Lighting (per 50 units) at Patna constituency site 18
W00796,MP024,Maharashtra,Nagpur,IA001,Street Lighting (per 50 units),1.78,batch,24.61648,85.17452,2023-04-25,1245368.64,2023-05-05,1279733.51,90,Completed,2023-08-03,Street Lighting (per 50 units) at Nagpur constituency site 19
W00797,MP023,Tamil Nadu,Coimbatore,IA024,Drinking Water Facility,1.88,unit,29.67195,86.27685,2026-02-18,1532609.46,2026-03-31,1547862.25,150,In Progress,,Drinking Water Facility at Coimbatore constituency site 20
W00798,MP014,Maharashtra,Pune,IA003,Drainage / Sewage Line (per km),2.05,km,20.42718,86.76789,2025-03-23,2470804.89,2025-04-05,2442202.01,180,Completed,2025-08-11,Drainage / Sewage Line (per km) at Pune constituency site 21
W00799,MP037,Bihar,Muzaffarpur,IA032,Drainage / Sewage Line (per km),2.31,km,27.48328,82.14944,2023-11-30,3290995.78,2024-01-22,3308723.96,180,Completed,2024-05-06,Drainage / Sewage Line (per km) at Muzaffarpur constituency site 22
W00800,MP003,Bihar,Patna,IA023,Public Toilet Complex,2.37,unit,21.68152,75.54464,2024-12-16,967533.52,2025-02-07,986555.86,120,Completed,2025-06-01,Public Toilet Complex at Patna constituency site 23
W00801,MP018,Bihar,Gaya,IA049,Public Toilet Complex,2.81,unit,23.32389,72.87266,2024-02-26,1299768.57,2024-04-17,1297654.54,120,Completed,2024-08-18,Public Toilet Complex at Gaya constituency site 24
W00802,MP029,Bihar,Patna,IA023,School Building Renovation,1.39,unit,21.79808,75.50302,2023-10-16,1527513.6,2023-10-26,1541691.88,200,Completed,2024-03-18,School Building Renovation at Patna constituency site 25
W00803,MP033,Uttar Pradesh,Meerut,IA040,School Building Renovation,1.25,unit,28.0229,83.0438,2023-04-15,1763390.22,2023-05-27,1800886.61,200,Completed,2023-10-07,School Building Renovation at Meerut constituency site 26
W00804,MP027,Uttar Pradesh,Sitapur,IA017,Street Lighting (per 50 units),2.69,batch,26.7364,78.89487,2024-09-19,1711772.27,2024-10-14,1728718.57,90,Completed,2025-01-20,Street Lighting (per 50 units) at Sitapur constituency site 27
W00805,MP018,Bihar,Gaya,IA036,Street Lighting (per 50 units),3.67,batch,23.207,73.08979,2023-05-12,2390918.89,2023-06-08,2334371.89,90,Completed,2023-09-15,Street Lighting (per 50 units) at Gaya constituency site 28
W00806,MP035,West Bengal,Malda,IA043,Street Lighting (per 50 units),1.41,batch,17.23817,82.81703,2025-04-29,680202.82,2025-06-08,721911.98,90,Completed,2025-08-31,Street Lighting (per 50 units) at Malda constituency site 29
W00807,MP002,West Bengal,Howrah,IA009,Road Construction (per km),2.78,km,21.99771,72.59582,2023-10-28,5770968.82,2023-11-07,5710349.97,270,Completed,2024-12-19,Road Construction (per km) at Howrah constituency site 30
W00808,MP022,Uttar Pradesh,Meerut,IA018,School Building Renovation,1.55,unit,27.85501,83.04649,2024-01-28,2079771.98,2024-03-12,2172609.75,200,Completed,2024-10-08,School Building Renovation at Meerut constituency site 31
W00809,MP007,Maharashtra,Nagpur,IA034,Drinking Water Facility,1.26,unit,24.56651,85.03104,2023-07-08,1094265.69,2023-08-22,1093040.44,150,Completed,2024-01-06,Drinking Water Facility at Nagpur constituency site 32
W00810,MP006,Bihar,Muzaffarpur,IA032,Drinking Water Facility,2.46,unit,27.56157,82.06436,2024-09-21,2214872.97,2024-11-03,2241731.52,150,Completed,2025-04-01,Drinking Water Facility at Muzaffarpur constituency site 33
W00811,MP040,Bihar,Gaya,IA042,Road Construction (per km),2.2,km,23.33004,72.97165,2024-11-02,5136318.7,2024-12-29,5222016.67,270,Completed,2025-10-14,Road Construction (per km) at Gaya constituency site 34
W00812,MP036,Maharashtra,Nashik,IA048,Road Construction (per km),1.27,km,17.02868,79.28982,2025-10-25,2842498.13,2025-12-02,2868414.72,270,In Progress,,Road Construction (per km) at Nashik constituency site 35
W00813,MP019,Maharashtra,Nashik,IA027,School Building Renovation,1.79,unit,16.8527,79.10602,2024-06-27,2710271.42,2024-07-23,2858525.6,200,Completed,2025-01-23,School Building Renovation at Nashik constituency site 36
W00814,MP023,Tamil Nadu,Coimbatore,IA015,Health Sub-Centre Upgrade,1.0,unit,29.70585,86.30942,2025-10-04,1775695.08,2025-11-02,1749412.01,210,Completed,2026-06-11,Health Sub-Centre Upgrade at Coimbatore constituency site 37
W00815,MP040,Bihar,Gaya,IA011,Street Lighting (per 50 units),3.26,batch,23.42871,72.9423,2023-06-12,1729054.84,2023-06-30,1673809.24,90,Completed,2023-08-17,Street Lighting (per 50 units) at Gaya constituency site 38
W00816,MP008,West Bengal,Howrah,IA020,Drinking Water Facility,2.45,unit,22.09645,72.81651,2023-12-14,2647790.63,2024-01-23,2671494.42,150,Completed,2024-08-06,Drinking Water Facility at Howrah constituency site 39
W00817,MP017,Uttar Pradesh,Gorakhpur,IA052,Health Sub-Centre Upgrade,1.0,unit,16.38535,87.5133,2024-12-03,1455434.41,2025-01-11,1458854.13,210,Completed,2025-07-30,Health Sub-Centre Upgrade at Gorakhpur constituency site 40
W00818,MP022,Uttar Pradesh,Meerut,IA047,Community Hall,1.0,unit,27.97591,83.30556,2023-04-28,3668734.28,2023-06-16,3607536.94,240,In Progress,,Community Hall at Meerut constituency site 41
W00819,MP019,Maharashtra,Pune,IA003,Drinking Water Facility,2.73,unit,20.52726,86.79822,2023-11-21,2308592.28,2024-01-08,2282915.05,150,Completed,2024-06-01,Drinking Water Facility at Pune constituency site 42
W00820,MP029,Bihar,Muzaffarpur,IA032,Road Construction (per km),4.81,km,27.43119,81.98366,2025-05-29,8462978.83,2025-07-14,8183302.23,270,Completed,2026-01-20,Road Construction (per km) at Muzaffarpur constituency site 43
W00821,MP021,West Bengal,Howrah,IA045,Health Sub-Centre Upgrade,1.0,unit,21.89202,72.59511,2025-03-10,1456243.32,2025-04-17,1427752.21,210,Completed,2025-12-17,Health Sub-Centre Upgrade at Howrah constituency site 44
W00822,MP038,Tamil Nadu,Coimbatore,IA015,Health Sub-Centre Upgrade,1.0,unit,29.45112,86.31914,2023-10-10,1487909.74,2023-12-07,1510198.02,210,Completed,2024-06-10,Health Sub-Centre Upgrade at Coimbatore constituency site 45
W00823,MP014,Maharashtra,Nashik,IA048,Drainage / Sewage Line (per km),0.98,km,16.95049,79.07647,2024-12-04,1168558.7,2024-12-24,1173439.65,180,Completed,2025-07-22,Drainage / Sewage Line (per km) at Nashik constituency site 46
W00824,MP025,Bihar,Patna,IA023,School Building Renovation,1.65,unit,21.7334,75.4926,2024-06-15,2123688.58,2024-07-03,2117670.84,200,In Progress,,School Building Renovation at Patna constituency site 47
W00825,MP036,Maharashtra,Nashik,IA048,Health Sub-Centre Upgrade,1.0,unit,16.7791,79.20611,2023-10-06,1889520.53,2023-10-29,1882799.65,210,Completed,2024-06-28,Health Sub-Centre Upgrade at Nashik constituency site 48
W00826,MP039,Bihar,Gaya,IA025,Health Sub-Centre Upgrade,1.0,unit,23.28688,72.90703,2023-06-28,1733604.31,2023-08-12,1732238.08,210,Completed,2024-02-08,Health Sub-Centre Upgrade at Gaya constituency site 49
W00827,MP008,West Bengal,Howrah,IA056,Public Toilet Complex,1.38,unit,22.13509,72.62258,2023-10-09,608999.28,2023-10-27,623823.82,120,Completed,2024-02-14,Public Toilet Complex at Howrah constituency site 50
W00828,MP003,Bihar,Patna,IA023,School Building Renovation,1.37,unit,21.63059,75.56498,2024-01-18,1645817.28,2024-02-28,1616086.81,200,Completed,2024-10-13,School Building Renovation at Patna constituency site 51
W00829,MP021,West Bengal,Howrah,IA045,Public Toilet Complex,1.82,unit,21.99174,72.77552,2024-01-28,934720.94,2024-02-07,913974.22,120,Completed,2024-07-18,Public Toilet Complex at Howrah constituency site 52
W00830,MP034,Uttar Pradesh,Gorakhpur,IA060,Public Toilet Complex,1.56,unit,16.55025,87.52535,2025-01-28,674715.76,2025-03-05,688931.4,120,Completed,2025-07-12,Public Toilet Complex at Gorakhpur constituency site 53
W00831,MP039,Bihar,Gaya,IA036,Drainage / Sewage Line (per km),0.62,km,23.18479,73.08809,2024-01-15,897269.92,2024-03-03,890513.78,180,Completed,2024-08-04,Drainage / Sewage Line (per km) at Gaya constituency site 54
W00832,MP034,Uttar Pradesh,Gorakhpur,IA046,Road Construction (per km),1.98,km,16.46465,87.65516,2024-09-30,3007332.84,2024-11-12,2814351.87,270,Completed,2025-08-06,Road Construction (per km) at Gorakhpur constituency site 55
W00833,MP018,Bihar,Gaya,IA049,Community Hall,1.0,unit,23.26461,73.14498,2025-03-10,3206569.44,2025-04-07,3160404.23,240,In Progress,,Community Hall at Gaya constituency site 56
W00834,MP018,Bihar,Gaya,IA011,Drainage / Sewage Line (per km),0.45,km,23.44446,73.08616,2025-09-23,736344.57,2025-11-10,745949.18,180,Completed,2026-05-08,Drainage / Sewage Line (per km) at Gaya constituency site 57
W00835,MP038,Tamil Nadu,Coimbatore,IA055,Health Sub-Centre Upgrade,1.0,unit,29.42007,86.25587,2026-03-04,1277550.64,2026-04-20,1301235.31,210,In Progress,,Health Sub-Centre Upgrade at Coimbatore constituency site 58
W00836,MP025,Bihar,Patna,IA023,Public Toilet Complex,1.73,unit,21.64043,75.77769,2023-09-02,748266.93,2023-10-23,785088.01,120,In Progress,,Public Toilet Complex at Patna constituency site 59
W00837,MP012,Uttar Pradesh,Varanasi,IA057,Road Construction (per km),0.63,km,26.43144,84.6358,2024-09-17,1156602.19,2024-11-05,1198632.83,270,Completed,2025-07-09,Road Construction (per km) at Varanasi constituency site 60
W00838,MP039,Bihar,Gaya,IA049,Road Construction (per km),1.85,km,23.28638,73.08443,2025-11-30,3782871.98,2024-08-01,3697825.93,270,In Progress,,Road Construction (per km) at Gaya constituency site 61
W00839,MP037,Bihar,Patna,IA023,Health Sub-Centre Upgrade,1.0,unit,21.74929,75.49277,2025-12-20,1937705.74,2026-01-09,1932565.1,210,Completed,2026-05-20,Health Sub-Centre Upgrade at Patna constituency site 62
W00840,MP036,Maharashtra,Pune,IA003,School Building Renovation,1.89,unit,20.5802,86.78635,2023-07-11,2475240.7,2023-08-04,2490401.64,200,Completed,2024-03-25,School Building Renovation at Pune constituency site 63
W00841,MP004,Bihar,Muzaffarpur,IA032,Community Hall,1.0,unit,27.3871,82.25428,2023-04-05,3014009.16,2023-04-18,3026066.89,240,Completed,2024-01-14,Community Hall at Muzaffarpur constituency site 64
W00842,MP028,Tamil Nadu,Coimbatore,IA024,Health Sub-Centre Upgrade,1.0,unit,29.42048,86.39035,2025-08-09,1811734.19,2024-05-14,1679805.07,210,In Progress,,Health Sub-Centre Upgrade at Coimbatore constituency site 65
W00843,MP003,Bihar,Patna,IA023,School Building Renovation,1.2,unit,21.70387,75.58992,2024-01-21,1195189.14,2024-02-17,1228984.96,200,Completed,2024-11-19,School Building Renovation at Patna constituency site 66
W00844,MP011,Bihar,Muzaffarpur,IA032,Street Lighting (per 50 units),3.22,batch,27.27365,82.05728,2024-04-18,1926331.09,2024-06-07,1977974.11,90,Completed,2024-10-07,Street Lighting (per 50 units) at Muzaffarpur constituency site 67
W00845,MP005,Tamil Nadu,Salem,IA006,Road Construction (per km),0.61,km,26.65315,75.16285,2024-11-20,961849.34,2024-12-13,922906.08,270,Completed,2025-09-04,Road Construction (per km) at Salem constituency site 68
W00846,MP022,Uttar Pradesh,Meerut,IA040,Public Toilet Complex,1.92,unit,27.82326,83.16396,2025-01-16,847402.91,2025-02-04,892105.5,120,Completed,2025-06-25,Public Toilet Complex at Meerut constituency site 69
W00847,MP004,Bihar,Muzaffarpur,IA032,Street Lighting (per 50 units),1.6,batch,27.55978,82.06604,2024-03-08,1062533.13,2024-04-27,1059013.32,90,Completed,2024-06-21,Street Lighting (per 50 units) at Muzaffarpur constituency site 70
W00848,MP006,Bihar,Muzaffarpur,IA032,School Building Renovation,1.16,unit,27.44726,82.24461,2026-03-26,1558923.69,2026-05-05,1535561.12,200,In Progress,,School Building Renovation at Muzaffarpur constituency site 71
W00849,MP005,Tamil Nadu,Coimbatore,IA015,School Building Renovation,1.26,unit,29.43859,86.36016,2026-02-13,1615452.1,2026-03-14,1605011.75,200,In Progress,,School Building Renovation at Coimbatore constituency site 72
W00850,MP021,West Bengal,Howrah,IA058,Health Sub-Centre Upgrade,1.0,unit,21.98143,72.83409,2025-09-04,1732545.31,2025-10-15,1707454.38,210,Completed,2026-02-27,Health Sub-Centre Upgrade at Howrah constituency site 73
W00851,MP016,West Bengal,Howrah,IA020,Drainage / Sewage Line (per km),0.94,km,21.95447,72.65594,2025-05-26,1056878.42,2025-06-07,1099663.61,180,In Progress,,Drainage / Sewage Line (per km) at Howrah constituency site 74
W00852,MP025,Bihar,Gaya,IA036,Street Lighting (per 50 units),1.32,batch,23.42855,73.07469,2024-08-18,757020.47,2024-09-07,783190.75,90,Completed,2024-11-05,Street Lighting (per 50 units) at Gaya constituency site 75
W00853,MP033,Uttar Pradesh,Meerut,IA018,School Building Renovation,1.12,unit,27.73643,83.05595,2025-05-30,1246350.52,2025-06-24,1239616.52,200,In Progress,,School Building Renovation at Meerut constituency site 76
W00854,MP011,Bihar,Muzaffarpur,IA032,Road Construction (per km),3.98,km,27.38478,82.25175,2024-09-24,6910313.03,2024-10-26,6676131.9,270,In Progress,,Road Construction (per km) at Muzaffarpur constituency site 77
W00855,MP015,West Bengal,Malda,IA028,Public Toilet Complex,2.51,unit,17.32035,82.85635,2025-01-25,1157611.88,2025-03-06,3325466.17,120,Completed,2025-04-30,Public Toilet Complex at Malda constituency site 78
W00856,MP031,Uttar Pradesh,Gorakhpur,IA053,Health Sub-Centre Upgrade,1.0,unit,16.36838,87.46876,2024-08-26,1169522.81,2024-09-13,1131031.53,210,Completed,2025-06-24,Health Sub-Centre Upgrade at Gorakhpur constituency site 79
W00857,MP025,Bihar,Patna,IA023,Drinking Water Facility,2.49,unit,21.53396,75.48771,2023-12-25,2627503.24,2024-02-11,2635643.85,150,In Progress,,Drinking Water Facility at Patna constituency site 80
W00858,MP038,Tamil Nadu,Madurai,IA031,Public Toilet Complex,1.32,unit,26.23601,77.77013,2025-11-22,413400.83,2025-12-18,432684.27,120,Completed,2026-05-31,Public Toilet Complex at Madurai constituency site 81
W00859,MP015,West Bengal,Malda,IA030,Drinking Water Facility,1.13,unit,17.19909,82.87034,2024-06-01,946971.1,2024-07-20,952235.08,150,Completed,2025-01-29,Drinking Water Facility at Malda constituency site 82
W00860,MP028,Tamil Nadu,Salem,IA006,Road Construction (per km),2.72,km,26.66705,75.07354,2024-02-18,4925298.94,2024-04-16,5136295.76,270,Completed,2025-05-10,Road Construction (per km) at Salem constituency site 83
W00861,MP024,Maharashtra,Nagpur,IA016,Community Hall,1.0,unit,24.778,85.13179,2024-03-17,3735784.83,2024-07-22,3606499.4,240,In Progress,,Community Hall at Nagpur constituency site 84
W00862,MP034,Uttar Pradesh,Gorakhpur,IA053,Street Lighting (per 50 units),3.55,batch,16.51857,87.73224,2025-05-12,2046865.1,2025-05-30,2075575.44,90,Completed,2025-10-11,Street Lighting (per 50 units) at Gorakhpur constituency site 85
W00863,MP025,Bihar,Muzaffarpur,IA032,Road Construction (per km),3.2,km,27.35855,82.23436,2025-02-09,6056176.77,2024-09-17,5935336.39,270,In Progress,,Road Construction (per km) at Muzaffarpur constituency site 86
W00864,MP029,Bihar,Patna,IA023,Road Construction (per km),2.7,km,21.62255,75.50966,2023-10-12,5146938.0,2023-11-21,5057940.97,270,In Progress,,Road Construction (per km) at Patna constituency site 87
W00865,MP018,Bihar,Gaya,IA011,Road Construction (per km),1.22,km,23.36449,72.89955,2023-06-30,2121396.35,2023-08-17,2096309.66,270,Completed,2024-04-03,Road Construction (per km) at Gaya constituency site 88
W00866,MP025,Bihar,Patna,IA023,Community Hall,1.0,unit,21.60397,75.67853,2024-11-18,3951992.94,2025-01-09,3886894.51,240,Completed,2025-11-09,Community Hall at Patna constituency site 89
W00867,MP015,West Bengal,Malda,IA051,Drinking Water Facility,1.34,unit,17.19295,83.00091,2024-07-04,1095999.51,2024-08-27,1068789.71,150,Completed,2025-01-30,Drinking Water Facility at Malda constituency site 90
W00868,MP014,Maharashtra,Pune,IA003,Drainage / Sewage Line (per km),1.73,km,20.59235,86.86536,2024-08-27,2333879.88,2024-10-23,2272751.17,180,Completed,2025-05-09,Drainage / Sewage Line (per km) at Pune constituency site 91
W00869,MP020,Tamil Nadu,Coimbatore,IA024,School Building Renovation,1.83,unit,29.50411,86.15605,2025-03-20,2025455.51,2025-05-09,1962878.89,200,Completed,2025-11-23,School Building Renovation at Coimbatore constituency site 92
W00870,MP029,Bihar,Patna,IA023,Community Hall,1.0,unit,21.50802,75.71881,2024-02-27,3307623.68,2024-04-18,3206286.0,240,Completed,2024-12-07,Community Hall at Patna constituency site 93
W00871,MP032,Tamil Nadu,Coimbatore,IA055,Street Lighting (per 50 units),1.93,batch,29.4943,86.27399,2023-06-10,908959.37,2023-07-22,938496.45,90,Completed,2023-10-21,Street Lighting (per 50 units) at Coimbatore constituency site 94
W00872,MP012,Uttar Pradesh,Varanasi,IA057,Road Construction (per km),3.66,km,26.53365,84.45225,2024-01-13,6922160.46,2024-03-09,6963864.14,270,In Progress,,Road Construction (per km) at Varanasi constituency site 95
W00873,MP038,Tamil Nadu,Coimbatore,IA024,Public Toilet Complex,3.0,unit,29.54985,86.26556,2023-11-24,1302525.71,2023-12-11,1320853.64,120,In Progress,,Public Toilet Complex at Coimbatore constituency site 96
W00874,MP029,Bihar,Patna,IA023,School Building Renovation,1.89,unit,21.69005,75.73925,2023-12-24,2129850.34,2024-01-14,2144780.4,200,Completed,2024-07-13,School Building Renovation at Patna constituency site 0
W00875,MP029,Bihar,Patna,IA023,Street Lighting (per 50 units),2.7,batch,21.70063,75.68446,2023-04-13,1925246.44,2023-06-01,1873852.66,90,Completed,2023-08-23,Street Lighting (per 50 units) at Patna constituency site 1
W00876,MP016,West Bengal,Howrah,IA037,Street Lighting (per 50 units),2.47,batch,21.9577,72.62492,2024-05-27,1483770.5,2024-07-11,1470542.97,90,Completed,2024-09-15,Street Lighting (per 50 units) at Howrah constituency site 2
W00877,MP026,Maharashtra,Nagpur,IA001,Street Lighting (per 50 units),3.93,batch,24.56898,85.19549,2024-10-29,2225945.81,2024-12-01,2163005.24,90,Completed,2025-02-19,Street Lighting (per 50 units) at Nagpur constituency site 3
W00878,MP001,West Bengal,Malda,IA041,School Building Renovation,1.83,unit,17.39588,82.94547,2025-05-22,1823899.35,2025-06-11,1746022.92,200,Completed,2025-12-07,School Building Renovation at Malda constituency site 4
W00879,MP004,Bihar,Muzaffarpur,IA032,Health Sub-Centre Upgrade,1.0,unit,27.47776,82.04138,2023-10-12,1452030.82,2023-11-17,1416427.96,210,Completed,2024-07-06,Health Sub-Centre Upgrade at Muzaffarpur constituency site 5
W00880,MP034,Uttar Pradesh,Gorakhpur,IA054,School Building Renovation,1.94,unit,16.42249,87.50125,2024-04-15,2329793.56,2024-05-25,2379870.04,200,Completed,2024-11-03,School Building Renovation at Gorakhpur constituency site 6
W00881,MP011,Bihar,Gaya,IA011,School Building Renovation,1.03,unit,23.23948,72.93149,2025-11-16,1201510.68,2025-12-05,1248272.41,200,Completed,2026-05-25,School Building Renovation at Gaya constituency site 7
W00882,MP003,Bihar,Patna,IA023,Community Hall,1.0,unit,21.7937,75.64997,2025-08-13,3473422.01,2025-08-27,3305467.3,240,Completed,2026-04-26,Community Hall at Patna constituency site 8
W00883,MP009,Bihar,Muzaffarpur,IA032,Health Sub-Centre Upgrade,1.0,unit,27.45743,82.1099,2024-04-26,1588688.75,2024-06-05,1586841.63,210,In Progress,,Health Sub-Centre Upgrade at Muzaffarpur constituency site 9
W00884,MP013,Uttar Pradesh,Gorakhpur,IA004,School Building Renovation,1.88,unit,16.28576,87.4924,2026-01-31,1994850.65,2026-03-15,1984550.67,200,In Progress,,School Building Renovation at Gorakhpur constituency site 10
W00885,MP008,West Bengal,Howrah,IA056,Community Hall,1.0,unit,22.02192,72.60675,2023-11-24,3481586.09,2023-12-14,3561422.93,240,Completed,2024-05-01,Community Hall at Howrah constituency site 11
W00886,MP018,Bihar,Gaya,IA011,Community Hall,1.0,unit,23.43417,72.97928,2024-07-21,3940571.29,2024-08-23,4008506.88,240,Completed,2025-05-13,Community Hall at Gaya constituency site 12
W00887,MP008,West Bengal,Howrah,IA009,Drainage / Sewage Line (per km),0.39,km,21.87565,72.79566,2026-02-13,535930.36,2026-02-27,514949.51,180,Completed,2026-08-15,Drainage / Sewage Line (per km) at Howrah constituency site 13
W00888,MP032,Tamil Nadu,Coimbatore,IA024,School Building Renovation,1.49,unit,29.48125,86.35214,2026-02-17,1924420.09,2026-04-09,1970454.05,200,In Progress,,School Building Renovation at Coimbatore constituency site 14
W00889,MP008,West Bengal,Malda,IA019,Drinking Water Facility,2.05,unit,17.37387,82.93632,2024-07-28,1432691.88,2024-08-08,1409085.92,150,In Progress,,Drinking Water Facility at Malda constituency site 15
W00890,MP017,Uttar Pradesh,Gorakhpur,IA026,Road Construction (per km),0.96,km,16.41916,87.66236,2023-06-15,1643057.91,2023-06-26,1587983.87,270,Completed,2024-02-19,Road Construction (per km) at Gorakhpur constituency site 16
W00891,MP023,Tamil Nadu,Coimbatore,IA015,School Building Renovation,1.65,unit,29.43321,86.32959,2025-02-13,1834759.27,2025-03-17,1857615.23,200,Completed,2025-08-12,School Building Renovation at Coimbatore constituency site 17
W00892,MP014,Maharashtra,Pune,IA003,School Building Renovation,1.05,unit,20.44799,86.70027,2025-01-20,1183551.36,2025-02-06,1163358.08,200,Completed,2025-05-13,School Building Renovation at Pune constituency site 18
W00893,MP020,Tamil Nadu,Coimbatore,IA055,Community Hall,1.0,unit,29.4516,86.35722,2023-04-14,4037158.86,2023-05-10,4014210.02,240,In Progress,,Community Hall at Coimbatore constituency site 19
W00894,MP019,Maharashtra,Nashik,IA038,Drainage / Sewage Line (per km),1.61,km,16.93398,79.21499,2024-09-22,1930043.83,2024-11-11,1961303.88,180,Completed,2025-06-19,Drainage / Sewage Line (per km) at Nashik constituency site 20
W00895,MP015,West Bengal,Malda,IA014,School Building Renovation,1.94,unit,17.44721,82.98728,2023-09-17,2309280.66,2023-10-23,2494862.03,200,Completed,2024-05-16,School Building Renovation at Malda constituency site 21
W00896,MP025,Bihar,Patna,IA023,Community Hall,1.0,unit,21.55158,75.70555,2024-07-23,4181623.12,2024-08-09,4292526.83,240,Completed,2025-01-16,Community Hall at Patna constituency site 22
W00897,MP025,Bihar,Patna,IA023,Community Hall,1.0,unit,21.73791,75.77641,2025-05-07,2857482.53,2025-05-30,2892939.88,240,Completed,2026-05-27,Community Hall at Patna constituency site 23
W00898,MP037,Bihar,Muzaffarpur,IA032,Drinking Water Facility,2.14,unit,27.48173,82.00041,2023-04-27,2171198.79,2023-06-07,2201314.57,150,Completed,2023-10-26,Drinking Water Facility at Muzaffarpur constituency site 24
W00899,MP007,Maharashtra,Nagpur,IA001,School Building Renovation,1.43,unit,24.74829,85.06311,2023-12-16,1714198.32,2024-01-05,1647439.26,200,Completed,2024-06-04,School Building Renovation at Nagpur constituency site 25
W00900,MP038,Tamil Nadu,Coimbatore,IA055,Street Lighting (per 50 units),2.19,batch,29.66092,86.16272,2026-01-14,1470550.83,2024-05-10,1466152.88,90,In Progress,,Street Lighting (per 50 units) at Coimbatore constituency site 26
W00901,MP037,Bihar,Muzaffarpur,IA032,Public Toilet Complex,1.56,unit,27.38512,81.98938,2025-11-09,632477.56,2025-12-14,641211.46,120,Completed,2026-05-20,Public Toilet Complex at Muzaffarpur constituency site 27
W00902,MP014,Maharashtra,Pune,IA003,Road Construction (per km),3.08,km,20.45427,86.67985,2024-06-18,5311928.58,2024-08-13,5376353.68,270,In Progress,,Road Construction (per km) at Pune constituency site 28
W00903,MP021,West Bengal,Howrah,IA045,Road Construction (per km),2.52,km,22.01571,72.66574,2023-09-14,4126557.2,2023-10-14,4207477.76,270,Completed,2024-09-24,Road Construction (per km) at Howrah constituency site 29
W00904,MP010,Bihar,Gaya,IA036,Community Hall,1.0,unit,23.20693,73.09765,2023-11-24,4581089.92,2024-01-21,15021008.63,240,Completed,2024-08-22,Community Hall at Gaya constituency site 30
W00905,MP020,Tamil Nadu,Coimbatore,IA055,Health Sub-Centre Upgrade,1.0,unit,29.55684,86.21928,2025-09-07,1375620.78,2025-10-08,1375031.44,210,Completed,2026-02-06,Health Sub-Centre Upgrade at Coimbatore constituency site 31
W00906,MP001,West Bengal,Malda,IA050,Road Construction (per km),4.95,km,17.23638,82.85401,2023-05-23,7775907.57,2023-06-20,7599759.64,270,In Progress,,Road Construction (per km) at Malda constituency site 32
W00907,MP008,West Bengal,Howrah,IA009,Community Hall,1.0,unit,21.85808,72.60503,2024-05-17,3630882.4,2024-05-27,3807617.14,240,Completed,2024-08-31,Community Hall at Howrah constituency site 33
W00908,MP033,Uttar Pradesh,Meerut,IA005,Health Sub-Centre Upgrade,1.0,unit,27.99727,83.25931,2025-06-25,1489558.17,2025-08-14,1510255.33,210,In Progress,,Health Sub-Centre Upgrade at Meerut constituency site 34
W00909,MP018,Bihar,Gaya,IA049,Drinking Water Facility,1.04,unit,23.24221,73.13586,2025-02-21,762782.11,2025-03-24,716587.46,150,Completed,2025-09-14,Drinking Water Facility at Gaya constituency site 35
W00910,MP035,West Bengal,Malda,IA041,Drainage / Sewage Line (per km),1.73,km,17.18982,82.89098,2024-08-08,2422191.3,2024-10-05,2381637.5,180,Completed,2025-01-18,Drainage / Sewage Line (per km) at Malda constituency site 36
W00911,MP015,West Bengal,Malda,IA019,Health Sub-Centre Upgrade,1.0,unit,17.21861,82.93383,2023-12-22,2118777.84,2024-02-02,2092352.74,210,Completed,2024-08-08,Health Sub-Centre Upgrade at Malda constituency site 37
W00912,MP029,Bihar,Patna,IA023,Road Construction (per km),1.47,km,21.57224,75.52205,2025-02-28,2647743.31,2025-03-29,2627241.93,270,Completed,2026-02-04,Road Construction (per km) at Patna constituency site 38
W00913,MP037,Bihar,Muzaffarpur,IA032,Community Hall,1.0,unit,27.27907,82.13886,2025-01-25,3300284.75,2025-03-23,3366894.01,240,Completed,2025-10-26,Community Hall at Muzaffarpur constituency site 39
W00914,MP005,Tamil Nadu,Salem,IA006,Community Hall,1.0,unit,26.61907,75.07867,2025-11-07,2868008.89,2025-11-18,2876725.9,240,Completed,2026-07-19,Community Hall at Salem constituency site 40
W00915,MP015,West Bengal,Malda,IA043,Drainage / Sewage Line (per km),0.37,km,17.43791,82.93893,2025-01-12,516179.47,2025-02-10,1663194.95,180,Completed,2025-05-24,Drainage / Sewage Line (per km) at Malda constituency site 41
W00916,MP010,Bihar,Gaya,IA036,Public Toilet Complex,1.99,unit,23.23614,73.08407,2025-12-21,1061456.11,2026-02-03,1091893.37,120,Completed,2026-07-02,Public Toilet Complex at Gaya constituency site 42
W00917,MP003,Bihar,Patna,IA023,Road Construction (per km),2.62,km,21.56484,75.54118,2024-10-10,5157730.66,2024-12-07,5355987.18,270,Completed,2025-09-18,Road Construction (per km) at Patna constituency site 43
W00918,MP022,Uttar Pradesh,Meerut,IA018,Health Sub-Centre Upgrade,1.0,unit,27.83712,83.05539,2023-04-15,1610466.53,2023-04-26,1605764.1,210,Completed,2024-01-24,Health Sub-Centre Upgrade at Meerut constituency site 44
W00919,MP005,Tamil Nadu,Salem,IA006,Community Hall,1.0,unit,26.54378,75.24196,2025-01-30,3501202.28,2025-02-14,3500866.77,240,Completed,2025-08-06,Community Hall at Salem constituency site 45
W00920,MP001,West Bengal,Malda,IA019,Road Construction (per km),1.25,km,17.23922,82.83953,2025-09-07,2098935.93,2025-09-19,2130738.35,270,Completed,2026-03-21,Road Construction (per km) at Malda constituency site 46
W00921,MP028,Tamil Nadu,Coimbatore,IA024,Community Hall,1.0,unit,29.47812,86.3997,2025-04-28,4180078.62,2025-05-14,4211090.98,240,Completed,2025-08-21,Community Hall at Coimbatore constituency site 47
W00922,MP028,Tamil Nadu,Madurai,IA031,Road Construction (per km),3.09,km,26.38447,77.76995,2025-12-28,5535733.53,2026-01-07,5490117.75,270,In Progress,,Road Construction (per km) at Madurai constituency site 48
W00923,MP035,West Bengal,Malda,IA050,Public Toilet Complex,2.84,unit,17.34405,82.99136,2024-04-13,1446606.51,2024-05-03,1372852.29,120,Completed,2024-08-14,Public Toilet Complex at Malda constituency site 49
W00924,MP036,Maharashtra,Nashik,IA048,Public Toilet Complex,1.22,unit,16.86975,79.14783,2025-10-27,537970.1,2025-12-22,538353.96,120,Completed,2026-02-28,Public Toilet Complex at Nashik constituency site 50
W00925,MP010,Bihar,Patna,IA023,School Building Renovation,1.53,unit,21.79271,75.68515,2023-11-11,2065651.89,2023-12-26,2215019.25,200,Completed,2024-06-21,School Building Renovation at Patna constituency site 51
W00926,MP022,Uttar Pradesh,Meerut,IA005,Public Toilet Complex,2.36,unit,27.81641,83.09327,2023-06-22,1241324.2,2023-07-05,1240115.36,120,Completed,2023-11-12,Public Toilet Complex at Meerut constituency site 52
W00927,MP001,West Bengal,Malda,IA019,Public Toilet Complex,2.57,unit,17.40998,82.85112,2023-12-08,985083.94,2024-01-07,1004235.31,120,Completed,2024-05-03,Public Toilet Complex at Malda constituency site 53
W00928,MP015,West Bengal,Howrah,IA022,Drinking Water Facility,1.97,unit,21.8911,72.68481,2025-09-08,1945404.96,2025-10-18,1842772.76,150,Completed,2026-01-28,Drinking Water Facility at Howrah constituency site 54
W00929,MP012,Uttar Pradesh,Varanasi,IA057,School Building Renovation,1.98,unit,26.45321,84.4809,2024-12-09,2387863.94,2024-12-19,2281162.68,200,Completed,2025-06-12,School Building Renovation at Varanasi constituency site 55
W00930,MP031,Uttar Pradesh,Sitapur,IA029,Health Sub-Centre Upgrade,1.0,unit,26.49706,78.95641,2024-04-03,1238776.48,2024-05-08,3704758.75,210,In Progress,,Health Sub-Centre Upgrade at Sitapur constituency site 56
W00931,MP002,West Bengal,Howrah,IA037,Health Sub-Centre Upgrade,1.0,unit,21.93832,72.65491,2024-10-08,1926278.64,2024-11-27,2026688.36,210,Completed,2025-02-19,Health Sub-Centre Upgrade at Howrah constituency site 57
W00932,MP040,Bihar,Gaya,IA025,Drainage / Sewage Line (per km),1.14,km,23.38502,73.08447,2024-08-02,1539746.35,2024-08-20,1558823.48,180,Completed,2025-04-10,Drainage / Sewage Line (per km) at Gaya constituency site 58
W00933,MP038,Tamil Nadu,Coimbatore,IA024,Drinking Water Facility,1.79,unit,29.56325,86.15308,2024-02-01,1389211.81,2024-02-20,1320813.19,150,In Progress,,Drinking Water Facility at Coimbatore constituency site 59
W00934,MP021,West Bengal,Howrah,IA045,Drainage / Sewage Line (per km),2.44,km,21.93623,72.64445,2025-02-24,3496850.11,2025-04-01,3557277.51,180,Completed,2025-07-07,Drainage / Sewage Line (per km) at Howrah constituency site 60
W00935,MP001,West Bengal,Howrah,IA037,Community Hall,1.0,unit,22.0686,72.58406,2023-09-25,3744383.27,2023-10-31,3743176.32,240,In Progress,,Community Hall at Howrah constituency site 61
W00936,MP025,Bihar,Patna,IA023,Health Sub-Centre Upgrade,1.0,unit,21.64258,75.67669,2023-11-11,1643656.96,2023-12-15,1569624.42,210,In Progress,,Health Sub-Centre Upgrade at Patna constituency site 62
W00937,MP020,Tamil Nadu,Coimbatore,IA024,Street Lighting (per 50 units),1.07,batch,29.41465,86.25632,2025-09-06,559330.74,2024-09-28,537158.62,90,In Progress,,Street Lighting (per 50 units) at Coimbatore constituency site 63
W00938,MP021,West Bengal,Howrah,IA009,School Building Renovation,1.81,unit,22.13883,72.61711,2024-02-04,2081533.63,2024-03-13,2053453.75,200,Completed,2024-08-27,School Building Renovation at Howrah constituency site 64
W00939,MP007,Maharashtra,Pune,IA003,Drinking Water Facility,2.6,unit,20.46451,86.89363,2025-04-25,2269188.91,2025-06-11,2305931.69,150,Completed,2025-12-27,Drinking Water Facility at Pune constituency site 65
W00940,MP019,Maharashtra,Nashik,IA048,Community Hall,1.0,unit,16.82045,79.20529,2024-10-15,3367481.6,2024-12-04,3424412.13,240,Completed,2025-08-28,Community Hall at Nashik constituency site 66
W00941,MP033,Uttar Pradesh,Meerut,IA005,Health Sub-Centre Upgrade,1.0,unit,27.77085,83.07767,2025-02-23,1615567.68,2025-04-11,1646448.57,210,Completed,2026-01-13,Health Sub-Centre Upgrade at Meerut constituency site 67
W00942,MP012,Uttar Pradesh,Varanasi,IA057,Drainage / Sewage Line (per km),2.06,km,26.52529,84.53485,2025-07-20,3119259.71,2025-08-15,3196510.56,180,Completed,2025-11-10,Drainage / Sewage Line (per km) at Varanasi constituency site 68
W00943,MP009,Bihar,Patna,IA023,School Building Renovation,1.44,unit,21.59491,75.50797,2023-04-12,1682040.75,2023-04-28,1603170.83,200,Completed,2023-09-22,School Building Renovation at Patna constituency site 69
W00944,MP028,Tamil Nadu,Madurai,IA044,School Building Renovation,1.3,unit,26.33624,77.78626,2023-09-27,1574407.73,2023-10-12,1667051.48,200,Completed,2024-07-14,School Building Renovation at Madurai constituency site 70
W00945,MP040,Bihar,Gaya,IA049,Public Toilet Complex,1.42,unit,23.17116,73.11872,2024-07-23,666685.09,2024-09-05,722035.13,120,Completed,2024-11-26,Public Toilet Complex at Gaya constituency site 71
W00946,MP025,Bihar,Patna,IA023,Community Hall,1.0,unit,21.64403,75.75506,2026-01-03,3686188.2,2026-02-02,3578167.06,240,Completed,2026-08-30,Community Hall at Patna constituency site 72
W00947,MP010,Bihar,Gaya,IA025,Road Construction (per km),2.69,km,23.21274,73.03932,2024-04-07,5172826.21,2024-05-07,5290511.25,270,Completed,2025-02-01,Road Construction (per km) at Gaya constituency site 73
W00948,MP034,Uttar Pradesh,Sitapur,IA010,Public Toilet Complex,2.65,unit,26.72552,78.92893,2025-12-18,1226144.77,2026-01-04,1224463.23,120,Completed,2026-05-21,Public Toilet Complex at Sitapur constituency site 74
W00949,MP003,Bihar,Patna,IA023,Road Construction (per km),1.71,km,21.56501,75.50055,2025-01-07,3042349.81,2025-03-01,3007333.35,270,Completed,2025-11-14,Road Construction (per km) at Patna constituency site 75
W00950,MP021,West Bengal,Howrah,IA037,Health Sub-Centre Upgrade,1.0,unit,21.99224,72.55103,2023-08-03,1932836.42,2023-09-29,2075565.36,210,Completed,2024-04-11,Health Sub-Centre Upgrade at Howrah constituency site 76
W00951,MP016,West Bengal,Howrah,IA045,Drainage / Sewage Line (per km),2.48,km,21.99741,72.7614,2025-02-17,3689785.99,2025-04-12,3652152.15,180,Completed,2025-11-26,Drainage / Sewage Line (per km) at Howrah constituency site 77
W00952,MP017,Uttar Pradesh,Gorakhpur,IA004,Community Hall,1.0,unit,16.47391,87.62864,2024-09-21,3445515.49,2024-10-21,3443371.71,240,Completed,2025-04-20,Community Hall at Gorakhpur constituency site 78
W00953,MP003,Bihar,Patna,IA023,Road Construction (per km),4.11,km,21.72308,75.70311,2025-05-04,7666872.78,2025-06-13,7982691.54,270,Completed,2026-02-02,Road Construction (per km) at Patna constituency site 79
W00954,MP015,West Bengal,Malda,IA019,Road Construction (per km),2.87,km,17.39873,82.8536,2024-04-30,5218847.42,2024-05-31,5190219.45,270,Completed,2024-12-18,Road Construction (per km) at Malda constituency site 80
W00955,MP030,Bihar,Muzaffarpur,IA032,Drinking Water Facility,1.6,unit,27.35859,82.19227,2023-12-28,1451335.71,2024-01-18,1382719.89,150,Completed,2024-07-18,Drinking Water Facility at Muzaffarpur constituency site 81
W00956,MP014,Maharashtra,Nashik,IA027,Road Construction (per km),4.92,km,16.86367,79.32266,2025-08-13,9057625.81,2025-10-06,8740801.76,270,Completed,2026-07-31,Road Construction (per km) at Nashik constituency site 82
W00957,MP002,West Bengal,Howrah,IA056,Drainage / Sewage Line (per km),2.91,km,21.99274,72.63834,2023-04-25,3931199.93,2023-05-17,3847037.75,180,Completed,2023-12-07,Drainage / Sewage Line (per km) at Howrah constituency site 83
W00958,MP013,Uttar Pradesh,Gorakhpur,IA008,Community Hall,1.0,unit,16.48595,87.60074,2025-10-19,3204466.23,2025-11-19,3213470.22,240,In Progress,,Community Hall at Gorakhpur constituency site 84
W00959,MP037,Bihar,Muzaffarpur,IA032,Street Lighting (per 50 units),2.31,batch,27.5316,82.22412,2025-01-20,1080204.98,2025-02-08,1097059.82,90,Completed,2025-04-12,Street Lighting (per 50 units) at Muzaffarpur constituency site 85
W00960,MP027,Uttar Pradesh,Sitapur,IA033,Drinking Water Facility,2.69,unit,26.63423,79.16831,2025-09-11,2058565.13,2025-09-24,2082794.46,150,Completed,2026-03-08,Drinking Water Facility at Sitapur constituency site 86
W00961,MP038,Tamil Nadu,Coimbatore,IA015,Drinking Water Facility,2.21,unit,29.45013,86.14787,2025-11-07,2025559.07,2025-12-08,2071075.21,150,Completed,2026-03-02,Drinking Water Facility at Coimbatore constituency site 87
W00962,MP036,Maharashtra,Nashik,IA027,Drainage / Sewage Line (per km),2.59,km,17.01389,79.214,2023-08-27,3796923.2,2023-10-01,3620185.15,180,Completed,2024-03-03,Drainage / Sewage Line (per km) at Nashik constituency site 88
W00963,MP015,West Bengal,Malda,IA021,Health Sub-Centre Upgrade,1.0,unit,17.28066,83.03236,2023-04-04,1422540.99,2023-05-07,1416918.67,210,Completed,2024-01-12,Health Sub-Centre Upgrade at Malda constituency site 89
W00964,MP036,Maharashtra,Nashik,IA048,Health Sub-Centre Upgrade,1.0,unit,17.06441,79.06165,2025-01-21,1426560.64,2025-02-13,1417533.05,210,Completed,2025-06-02,Health Sub-Centre Upgrade at Nashik constituency site 90
W00965,MP029,Bihar,Patna,IA023,Public Toilet Complex,2.13,unit,21.64887,75.65385,2024-03-01,1223510.41,2024-04-21,1217992.97,120,Completed,2024-07-28,Public Toilet Complex at Patna constituency site 91
W00966,MP007,Maharashtra,Nagpur,IA034,Street Lighting (per 50 units),2.98,batch,24.56598,85.21809,2025-12-07,1571292.11,2026-01-21,1619775.66,90,Completed,2026-03-15,Street Lighting (per 50 units) at Nagpur constituency site 92
W00967,MP032,Tamil Nadu,Coimbatore,IA015,Drinking Water Facility,2.0,unit,29.44391,86.21325,2024-07-20,2098197.11,2024-08-31,2092979.56,150,Completed,2024-11-19,Drinking Water Facility at Coimbatore constituency site 93
W00968,MP025,Bihar,Patna,IA023,Health Sub-Centre Upgrade,1.0,unit,21.50774,75.7309,2024-08-14,1647638.96,2024-09-27,1688767.74,210,Completed,2025-04-30,Health Sub-Centre Upgrade at Patna constituency site 94
W00969,MP012,Uttar Pradesh,Varanasi,IA057,Street Lighting (per 50 units),1.43,batch,26.43999,84.59734,2024-10-28,904357.23,2024-12-11,932032.55,90,Completed,2025-03-15,Street Lighting (per 50 units) at Varanasi constituency site 95
W00970,MP028,Tamil Nadu,Madurai,IA044,Road Construction (per km),4.55,km,26.39672,77.58538,2024-12-24,9069184.37,2025-02-18,8873844.94,270,Completed,2025-09-11,Road Construction (per km) at Madurai constituency site 96
W00971,MP023,Tamil Nadu,Coimbatore,IA024,Public Toilet Complex,1.05,unit,29.7002,86.28135,2024-10-06,468680.06,2024-11-19,462394.63,120,Completed,2025-01-14,Public Toilet Complex at Coimbatore constituency site 0
W00972,MP015,West Bengal,Malda,IA021,Street Lighting (per 50 units),1.56,batch,17.19774,83.01422,2024-12-22,879864.11,2025-01-14,908109.69,90,Completed,2025-05-03,Street Lighting (per 50 units) at Malda constituency site 1
W00973,MP016,West Bengal,Howrah,IA013,Public Toilet Complex,1.57,unit,22.12466,72.82629,2025-02-14,935045.84,2025-04-02,947662.37,120,Completed,2025-08-26,Public Toilet Complex at Howrah constituency site 2
W00974,MP026,Maharashtra,Pune,IA003,Drinking Water Facility,2.09,unit,20.42609,86.76066,2025-02-06,1755950.91,2025-03-22,1848947.27,150,In Progress,,Drinking Water Facility at Pune constituency site 3
W00975,MP010,Bihar,Gaya,IA036,Drinking Water Facility,1.74,unit,23.28762,73.05888,2023-11-03,1534732.69,2023-12-25,1548799.69,150,Completed,2024-03-15,Drinking Water Facility at Gaya constituency site 4
W00976,MP012,Uttar Pradesh,Varanasi,IA057,Road Construction (per km),1.63,km,26.40748,84.50356,2023-07-14,2602104.97,2023-08-12,2576515.89,270,Completed,2024-02-12,Road Construction (per km) at Varanasi constituency site 5
W00977,MP024,Maharashtra,Nagpur,IA034,Public Toilet Complex,1.8,unit,24.77684,85.30644,2024-09-19,889052.5,2024-10-23,896168.26,120,Completed,2025-03-07,Public Toilet Complex at Nagpur constituency site 6
W00978,MP016,West Bengal,Howrah,IA009,Public Toilet Complex,2.27,unit,22.04171,72.62687,2024-01-12,1015206.99,2024-02-04,943720.97,120,In Progress,,Public Toilet Complex at Howrah constituency site 7
W00979,MP015,West Bengal,Howrah,IA037,Public Toilet Complex,1.69,unit,21.96058,72.56657,2025-11-07,812927.68,2025-12-27,808911.49,120,Completed,2026-04-03,Public Toilet Complex at Howrah constituency site 8
W00980,MP030,Bihar,Muzaffarpur,IA032,Public Toilet Complex,2.17,unit,27.42931,82.19141,2024-04-24,1026721.73,2024-05-04,1043067.08,120,Completed,2024-09-19,Public Toilet Complex at Muzaffarpur constituency site 9
W00981,MP018,Bihar,Gaya,IA025,Drainage / Sewage Line (per km),0.47,km,23.39363,72.87685,2024-01-04,635846.0,2024-12-26,669866.66,180,In Progress,,Drainage / Sewage Line (per km) at Gaya constituency site 10
W00982,MP001,West Bengal,Malda,IA028,Street Lighting (per 50 units),2.96,batch,17.18391,82.88219,2026-02-17,2052457.79,2026-04-02,2131493.75,90,Completed,2026-06-22,Street Lighting (per 50 units) at Malda constituency site 11
W00983,MP029,Bihar,Patna,IA023,Drinking Water Facility,2.55,unit,21.64323,75.53388,2024-06-15,2343251.69,2024-08-11,2316259.89,150,Completed,2024-12-29,Drinking Water Facility at Patna constituency site 12
W00984,MP011,Bihar,Muzaffarpur,IA032,Public Toilet Complex,1.79,unit,27.32881,82.23505,2024-11-21,770909.01,2024-12-27,758695.26,120,Completed,2025-05-10,Public Toilet Complex at Muzaffarpur constituency site 13
W00985,MP035,West Bengal,Malda,IA051,Drainage / Sewage Line (per km),0.5,km,17.40714,82.83641,2023-09-05,615589.5,2023-10-27,638715.7,180,Completed,2024-04-22,Drainage / Sewage Line (per km) at Malda constituency site 14
W00986,MP017,Uttar Pradesh,Gorakhpur,IA052,Street Lighting (per 50 units),1.97,batch,16.38969,87.5802,2025-09-27,1013852.7,2025-10-30,1002965.89,90,Completed,2026-02-15,Street Lighting (per 50 units) at Gorakhpur constituency site 15
W00987,MP013,Uttar Pradesh,Gorakhpur,IA039,Public Toilet Complex,1.52,unit,16.4035,87.58934,2023-12-02,636970.5,2024-01-19,644809.73,120,Completed,2024-05-03,Public Toilet Complex at Gorakhpur constituency site 16
W00988,MP039,Bihar,Gaya,IA049,Community Hall,1.0,unit,23.40947,73.0076,2023-10-23,3090322.54,2023-12-12,3254471.29,240,Completed,2024-04-26,Community Hall at Gaya constituency site 17
W00989,MP039,Bihar,Gaya,IA049,Drinking Water Facility,2.46,unit,23.29836,72.90669,2025-12-09,2189642.03,2026-01-04,2162275.19,150,In Progress,,Drinking Water Facility at Gaya constituency site 18
W00990,MP022,Uttar Pradesh,Meerut,IA040,Drainage / Sewage Line (per km),0.85,km,27.84248,83.0985,2023-10-20,1430227.19,2023-12-12,1424943.38,180,In Progress,,Drainage / Sewage Line (per km) at Meerut constituency site 19
W00991,MP020,Tamil Nadu,Coimbatore,IA024,Drainage / Sewage Line (per km),1.49,km,29.61535,86.21105,2024-09-14,2154721.56,2024-10-20,2213626.31,180,In Progress,,Drainage / Sewage Line (per km) at Coimbatore constituency site 20
W00992,MP036,Maharashtra,Nashik,IA038,Health Sub-Centre Upgrade,1.0,unit,17.0624,79.32403,2023-12-20,1285050.49,2024-01-30,1291296.33,210,Completed,2024-09-25,Health Sub-Centre Upgrade at Nashik constituency site 21
W00993,MP022,Uttar Pradesh,Meerut,IA040,Health Sub-Centre Upgrade,1.0,unit,27.87838,83.2528,2025-09-29,1672672.25,2025-11-05,1712542.39,210,Completed,2026-05-19,Health Sub-Centre Upgrade at Meerut constituency site 22
W00994,MP017,Uttar Pradesh,Gorakhpur,IA054,Street Lighting (per 50 units),3.45,batch,16.4905,87.5968,2025-01-27,2105405.37,2025-02-22,2124459.8,90,Completed,2025-06-18,Street Lighting (per 50 units) at Gorakhpur constituency site 23
W00995,MP033,Uttar Pradesh,Meerut,IA040,Health Sub-Centre Upgrade,1.0,unit,27.73805,83.06185,2026-03-22,1151122.91,2026-05-18,1171737.22,210,In Progress,,Health Sub-Centre Upgrade at Meerut constituency site 24
W00996,MP008,West Bengal,Howrah,IA012,Community Hall,1.0,unit,22.07584,72.58003,2024-08-04,3547916.71,2024-09-30,3674861.77,240,Completed,2025-04-17,Community Hall at Howrah constituency site 25
W00997,MP014,Maharashtra,Pune,IA003,Health Sub-Centre Upgrade,1.0,unit,20.67398,86.82235,2025-09-08,1415800.05,2025-10-16,1442134.66,210,In Progress,,Health Sub-Centre Upgrade at Pune constituency site 26
W00998,MP036,Maharashtra,Nashik,IA027,Road Construction (per km),1.51,km,16.95316,79.3197,2023-06-15,2651154.34,2023-07-26,2708159.44,270,Completed,2024-02-25,Road Construction (per km) at Nashik constituency site 27
W00999,MP025,Bihar,Patna,IA023,School Building Renovation,1.67,unit,21.66629,75.67947,2023-04-13,2226439.97,2023-05-21,2295617.75,200,Completed,2023-11-11,School Building Renovation at Patna constituency site 28
W01000,MP008,West Bengal,Howrah,IA037,School Building Renovation,1.18,unit,21.85607,72.72007,2025-04-29,1534551.15,2025-05-23,1529989.0,200,Completed,2026-02-04,School Building Renovation at Howrah constituency site 29
W01001,MP023,Tamil Nadu,Coimbatore,IA055,Drainage / Sewage Line (per km),2.96,km,29.6436,86.40887,2023-10-03,4970088.42,2023-10-13,5114336.36,180,Completed,2024-04-04,Drainage / Sewage Line (per km) at Coimbatore constituency site 30
W01002,MP011,Bihar,Muzaffarpur,IA032,Health Sub-Centre Upgrade,1.0,unit,27.37802,82.23893,2024-01-08,1865902.13,2024-03-01,1889608.74,210,Completed,2024-09-17,Health Sub-Centre Upgrade at Muzaffarpur constituency site 31
W01003,MP009,Bihar,Muzaffarpur,IA032,Public Toilet Complex,2.03,unit,27.31234,82.05047,2025-07-25,1144965.85,2025-08-19,1162196.78,120,Completed,2025-12-08,Public Toilet Complex at Muzaffarpur constituency site 32
W01004,MP018,Bihar,Gaya,IA036,Public Toilet Complex,1.93,unit,23.43894,72.92669,2025-03-07,1000737.77,2025-04-22,984339.91,120,Completed,2025-07-26,Public Toilet Complex at Gaya constituency site 33
W01005,MP003,Bihar,Patna,IA023,Public Toilet Complex,1.59,unit,21.74005,75.49581,2024-10-13,614032.23,2024-11-13,616836.24,120,Completed,2025-02-09,Public Toilet Complex at Patna constituency site 34
W01006,MP016,West Bengal,Howrah,IA012,Health Sub-Centre Upgrade,1.0,unit,21.99029,72.73748,2023-07-21,1619256.84,2023-08-23,1673706.99,210,Completed,2024-03-27,Health Sub-Centre Upgrade at Howrah constituency site 35
W01007,MP029,Bihar,Gaya,IA011,Public Toilet Complex,2.48,unit,23.41369,73.02802,2023-06-16,1094679.81,2023-06-27,1072224.61,120,Completed,2023-11-09,Public Toilet Complex at Gaya constituency site 36
W01008,MP026,Maharashtra,Nagpur,IA035,Public Toilet Complex,1.61,unit,24.58286,85.19255,2023-10-18,633979.19,2023-11-16,615874.18,120,Completed,2024-03-31,Public Toilet Complex at Nagpur constituency site 37
W01009,MP001,West Bengal,Malda,IA021,Health Sub-Centre Upgrade,1.0,unit,17.25477,82.9896,2025-02-21,1776418.53,2025-04-18,1786360.15,210,Completed,2025-10-07,Health Sub-Centre Upgrade at Malda constituency site 38
W01010,MP019,Maharashtra,Nashik,IA048,Road Construction (per km),1.69,km,16.82664,79.18521,2025-06-04,3678096.91,2025-08-01,3752136.26,270,Completed,2026-04-02,Road Construction (per km) at Nashik constituency site 39
W01011,MP019,Maharashtra,Nashik,IA027,Street Lighting (per 50 units),2.83,batch,16.97703,79.15509,2023-05-20,1804496.14,2023-07-07,1810617.3,90,Completed,2023-11-08,Street Lighting (per 50 units) at Nashik constituency site 40
W01012,MP040,Bihar,Gaya,IA042,Public Toilet Complex,2.45,unit,23.41039,72.93543,2023-08-12,1059290.32,2023-09-11,1003089.93,120,Completed,2024-01-26,Public Toilet Complex at Gaya constituency site 41
W01013,MP026,Maharashtra,Nagpur,IA001,Road Construction (per km),2.78,km,24.77679,85.09608,2023-12-21,5270037.36,2024-01-21,5442666.48,270,Completed,2024-10-10,Road Construction (per km) at Nagpur constituency site 42
W01014,MP039,Bihar,Gaya,IA025,Community Hall,1.0,unit,23.33255,72.95138,2024-09-21,3453792.95,2024-11-11,3274048.41,240,Completed,2025-08-08,Community Hall at Gaya constituency site 43
W01015,MP016,West Bengal,Malda,IA014,Health Sub-Centre Upgrade,1.0,unit,17.33328,82.84859,2024-08-10,1488527.55,2024-09-14,1537034.36,210,Completed,2025-07-06,Health Sub-Centre Upgrade at Malda constituency site 44
W01016,MP037,Bihar,Muzaffarpur,IA032,Public Toilet Complex,2.71,unit,27.33343,82.1129,2025-05-22,1247937.53,2025-07-14,1265774.08,120,Completed,2026-02-12,Public Toilet Complex at Muzaffarpur constituency site 45
W01017,MP020,Tamil Nadu,Coimbatore,IA055,Road Construction (per km),1.59,km,29.50026,86.36826,2023-06-29,3153154.52,2023-08-01,3176631.52,270,Completed,2024-05-16,Road Construction (per km) at Coimbatore constituency site 46
W01018,MP011,Bihar,Muzaffarpur,IA032,Health Sub-Centre Upgrade,1.0,unit,27.46776,81.9637,2024-03-08,1278128.67,2024-05-05,1310005.5,210,In Progress,,Health Sub-Centre Upgrade at Muzaffarpur constituency site 47
W01019,MP005,Tamil Nadu,Salem,IA059,School Building Renovation,1.66,unit,26.65381,75.14932,2025-01-12,2064241.11,2025-03-09,1984633.92,200,Completed,2025-08-26,School Building Renovation at Salem constituency site 48
W01020,MP034,Uttar Pradesh,Gorakhpur,IA039,Health Sub-Centre Upgrade,1.0,unit,16.53849,87.72879,2025-07-23,1811972.59,2025-08-16,1786447.34,210,Completed,2025-11-30,Health Sub-Centre Upgrade at Gorakhpur constituency site 49
W01021,MP019,Maharashtra,Nashik,IA027,Health Sub-Centre Upgrade,1.0,unit,16.95694,79.16926,2025-06-02,1528447.14,2025-07-26,1510991.19,210,Completed,2026-03-30,Health Sub-Centre Upgrade at Nashik constituency site 50
W01022,MP001,West Bengal,Malda,IA030,Drainage / Sewage Line (per km),1.53,km,17.30302,82.84189,2024-02-09,1831425.19,2024-04-06,1900129.46,180,In Progress,,Drainage / Sewage Line (per km) at Malda constituency site 51
W01023,MP035,West Bengal,Malda,IA051,Health Sub-Centre Upgrade,1.0,unit,17.31186,83.07509,2025-07-07,1953268.11,2025-07-21,1897060.82,210,Completed,2026-04-16,Health Sub-Centre Upgrade at Malda constituency site 52
W01024,MP034,Uttar Pradesh,Gorakhpur,IA054,Drainage / Sewage Line (per km),1.75,km,16.38409,87.62533,2024-10-17,2430383.4,2024-11-21,2392225.57,180,In Progress,,Drainage / Sewage Line (per km) at Gorakhpur constituency site 53
W01025,MP015,West Bengal,Malda,IA014,School Building Renovation,1.28,unit,17.33777,82.88015,2025-01-25,1681890.79,2025-03-23,1702886.19,200,Completed,2025-09-17,School Building Renovation at Malda constituency site 54
W01026,MP007,Maharashtra,Nagpur,IA016,Community Hall,1.0,unit,24.69076,85.22872,2024-07-23,2618620.85,2024-09-20,2605383.49,240,Completed,2025-03-20,Community Hall at Nagpur constituency site 55
W01027,MP004,Bihar,Muzaffarpur,IA032,Road Construction (per km),2.07,km,27.50535,81.9689,2025-09-23,3625175.03,2025-10-03,3652657.69,270,In Progress,,Road Construction (per km) at Muzaffarpur constituency site 56
W01028,MP023,Tamil Nadu,Coimbatore,IA024,Drinking Water Facility,2.61,unit,29.58017,86.39578,2023-08-10,2253750.54,2023-09-28,2249484.93,150,Completed,2024-02-03,Drinking Water Facility at Coimbatore constituency site 57
W01029,MP001,West Bengal,Malda,IA030,Drainage / Sewage Line (per km),1.7,km,17.44468,83.06833,2023-11-25,2538070.43,2023-12-11,2565565.41,180,Completed,2024-06-23,Drainage / Sewage Line (per km) at Malda constituency site 58
W01030,MP033,Uttar Pradesh,Meerut,IA047,Health Sub-Centre Upgrade,1.0,unit,27.80795,83.30642,2023-04-23,1732174.92,2023-05-09,1730405.47,210,In Progress,,Health Sub-Centre Upgrade at Meerut constituency site 59
W01031,MP032,Tamil Nadu,Coimbatore,IA015,Drainage / Sewage Line (per km),1.53,km,29.63209,86.22551,2024-06-15,2270659.3,2024-08-06,2159641.6,180,Completed,2025-04-25,Drainage / Sewage Line (per km) at Coimbatore constituency site 60
W01032,MP020,Tamil Nadu,Coimbatore,IA015,School Building Renovation,1.37,unit,29.53614,86.23509,2025-04-04,1658222.86,2025-04-20,1750867.16,200,Completed,2025-09-15,School Building Renovation at Coimbatore constituency site 61
W01033,MP037,Bihar,Muzaffarpur,IA032,Street Lighting (per 50 units),1.24,batch,27.3488,82.02315,2026-01-19,693715.09,2026-02-11,667400.14,90,In Progress,,Street Lighting (per 50 units) at Muzaffarpur constituency site 62
W01034,MP020,Tamil Nadu,Coimbatore,IA015,Drinking Water Facility,1.77,unit,29.50865,86.42685,2024-07-01,2005642.51,2024-07-31,1942218.67,150,Completed,2025-02-05,Drinking Water Facility at Coimbatore constituency site 63
W01035,MP002,West Bengal,Howrah,IA037,Health Sub-Centre Upgrade,1.0,unit,21.9442,72.8505,2026-03-19,1735599.75,2026-05-02,1704972.46,210,In Progress,,Health Sub-Centre Upgrade at Howrah constituency site 64
W01036,MP002,West Bengal,Howrah,IA013,Health Sub-Centre Upgrade,1.0,unit,21.96319,72.56382,2025-11-05,1518061.25,2025-12-28,1507434.87,210,In Progress,,Health Sub-Centre Upgrade at Howrah constituency site 65
W01037,MP004,Bihar,Muzaffarpur,IA032,Road Construction (per km),1.21,km,27.46465,82.14039,2025-06-02,2116680.23,2025-07-24,2064463.55,270,Completed,2026-01-09,Road Construction (per km) at Muzaffarpur constituency site 66
W01038,MP026,Maharashtra,Nagpur,IA034,Public Toilet Complex,1.86,unit,24.63552,85.20979,2023-07-13,1077766.4,2023-08-11,1069342.7,120,Completed,2023-12-28,Public Toilet Complex at Nagpur constituency site 67
W01039,MP015,West Bengal,Malda,IA041,Drainage / Sewage Line (per km),2.73,km,17.45064,82.87336,2025-04-02,3508626.92,2025-04-28,3724439.86,180,Completed,2025-07-09,Drainage / Sewage Line (per km) at Malda constituency site 68
W01040,MP024,Maharashtra,Nagpur,IA016,Road Construction (per km),1.58,km,24.78697,85.27272,2024-12-02,2770416.11,2024-12-21,2616050.19,270,Completed,2025-10-16,Road Construction (per km) at Nagpur constituency site 69
W01041,MP018,Bihar,Gaya,IA011,Public Toilet Complex,1.58,unit,23.37367,72.90813,2024-03-23,632656.32,2024-04-06,628194.02,120,Completed,2024-07-14,Public Toilet Complex at Gaya constituency site 70
W01042,MP011,Bihar,Muzaffarpur,IA032,Street Lighting (per 50 units),1.44,batch,27.27511,82.22836,2025-06-19,1093976.9,2025-08-05,1129879.43,90,Completed,2025-11-03,Street Lighting (per 50 units) at Muzaffarpur constituency site 71
W01043,MP035,West Bengal,Malda,IA050,Drinking Water Facility,2.44,unit,17.16698,83.0439,2025-09-01,2196023.46,2025-10-27,2141707.06,150,Completed,2026-01-09,Drinking Water Facility at Malda constituency site 72
W01044,MP015,West Bengal,Malda,IA030,Drinking Water Facility,2.61,unit,17.29192,82.98919,2025-05-15,2666457.83,2025-07-08,2656312.83,150,Completed,2026-01-10,Drinking Water Facility at Malda constituency site 73
W01045,MP029,Bihar,Patna,IA023,Community Hall,1.0,unit,21.78321,75.6363,2024-10-23,4245659.3,2024-11-05,4289043.5,240,Completed,2025-07-12,Community Hall at Patna constituency site 74
W01046,MP021,West Bengal,Howrah,IA013,Road Construction (per km),3.16,km,21.90047,72.58029,2023-09-16,5745526.74,2023-10-26,5689738.65,270,Completed,2024-03-12,Road Construction (per km) at Howrah constituency site 75
W01047,MP040,Bihar,Gaya,IA036,Drainage / Sewage Line (per km),0.62,km,23.41238,72.90967,2023-10-13,971834.14,2023-10-23,970042.06,180,Completed,2024-05-28,Drainage / Sewage Line (per km) at Gaya constituency site 76
W01048,MP016,West Bengal,Howrah,IA022,Drinking Water Facility,1.31,unit,22.08141,72.66235,2024-05-02,1404676.71,2024-06-25,1406772.99,150,Completed,2024-11-15,Drinking Water Facility at Howrah constituency site 77
W01049,MP031,Uttar Pradesh,Gorakhpur,IA053,Community Hall,1.0,unit,16.48682,87.47853,2023-07-15,3399843.68,2023-09-04,3332773.5,240,Completed,2023-12-11,Community Hall at Gorakhpur constituency site 78
W01050,MP007,Maharashtra,Nagpur,IA034,Public Toilet Complex,2.18,unit,24.74579,85.03777,2023-05-13,1122442.9,2023-06-29,1052527.2,120,Completed,2023-10-26,Public Toilet Complex at Nagpur constituency site 79
W01051,MP019,Maharashtra,Nashik,IA027,Community Hall,1.0,unit,16.91045,79.29035,2024-08-20,4287225.48,2024-09-25,4323434.13,240,Completed,2025-09-05,Community Hall at Nashik constituency site 80
W01052,MP039,Bihar,Gaya,IA042,School Building Renovation,1.23,unit,23.43232,73.03422,2023-04-08,1766975.87,2023-05-12,1754599.06,200,Completed,2023-12-11,School Building Renovation at Gaya constituency site 81
W01053,MP033,Uttar Pradesh,Meerut,IA005,Public Toilet Complex,2.37,unit,27.82493,83.29542,2024-12-05,1008152.97,2025-01-03,1017635.84,120,Completed,2025-04-07,Public Toilet Complex at Meerut constituency site 82
W01054,MP013,Uttar Pradesh,Gorakhpur,IA026,Drinking Water Facility,1.25,unit,16.41321,87.48313,2025-10-31,1101361.0,2025-11-25,1140078.53,150,Completed,2026-07-05,Drinking Water Facility at Gorakhpur constituency site 83
W01055,MP039,Bihar,Muzaffarpur,IA032,Drainage / Sewage Line (per km),1.47,km,27.31357,82.12208,2024-02-17,2406387.31,2024-04-08,2339863.98,180,In Progress,,Drainage / Sewage Line (per km) at Muzaffarpur constituency site 84
W01056,MP021,West Bengal,Malda,IA051,Drainage / Sewage Line (per km),2.03,km,17.41896,83.0114,2025-06-13,2842840.58,2025-07-15,2869464.38,180,Completed,2025-12-17,Drainage / Sewage Line (per km) at Malda constituency site 85
W01057,MP002,West Bengal,Howrah,IA020,Drainage / Sewage Line (per km),0.91,km,21.88224,72.6176,2023-05-22,1315574.15,2023-06-30,1293380.9,180,Completed,2024-03-15,Drainage / Sewage Line (per km) at Howrah constituency site 86
W01058,MP039,Bihar,Gaya,IA036,Public Toilet Complex,1.7,unit,23.21362,72.97332,2023-12-28,666290.76,2024-02-20,726853.35,120,Completed,2024-07-01,Public Toilet Complex at Gaya constituency site 87
W01059,MP030,Bihar,Muzaffarpur,IA032,Drainage / Sewage Line (per km),2.88,km,27.27513,82.02995,2025-01-25,3842420.22,2025-03-24,4020226.12,180,Completed,2026-01-06,Drainage / Sewage Line (per km) at Muzaffarpur constituency site 88
W01060,MP019,Maharashtra,Nashik,IA027,School Building Renovation,1.18,unit,16.92667,79.27703,2025-01-31,1542914.71,2025-02-22,5287583.86,200,Completed,2025-08-08,School Building Renovation at Nashik constituency site 89
W01061,MP011,Bihar,Muzaffarpur,IA032,Drainage / Sewage Line (per km),1.43,km,27.31175,82.11223,2024-07-03,1912355.82,2024-07-20,1822075.14,180,Completed,2025-01-26,Drainage / Sewage Line (per km) at Muzaffarpur constituency site 90
W01062,MP023,Tamil Nadu,Coimbatore,IA055,Road Construction (per km),2.57,km,29.46201,86.38012,2023-08-23,4543434.45,2023-09-17,4545871.34,270,Completed,2024-06-04,Road Construction (per km) at Coimbatore constituency site 91
W01063,MP029,Bihar,Patna,IA023,Street Lighting (per 50 units),1.39,batch,21.77065,75.57603,2024-07-19,750548.42,2024-09-09,735209.82,90,Completed,2024-11-06,Street Lighting (per 50 units) at Patna constituency site 92
W01064,MP040,Bihar,Gaya,IA025,School Building Renovation,1.46,unit,23.21086,73.08294,2023-10-28,1687366.28,2023-11-23,1690059.59,200,Completed,2024-05-28,School Building Renovation at Gaya constituency site 93
W01065,MP035,West Bengal,Malda,IA051,Drinking Water Facility,2.41,unit,17.37921,82.82339,2025-09-14,2060189.72,2025-11-06,2038698.53,150,Completed,2026-06-23,Drinking Water Facility at Malda constituency site 94
W01066,MP021,West Bengal,Howrah,IA020,Public Toilet Complex,1.35,unit,21.96253,72.70475,2023-09-28,731121.77,2023-11-23,714504.61,120,Completed,2024-02-08,Public Toilet Complex at Howrah constituency site 95
W01067,MP013,Uttar Pradesh,Gorakhpur,IA052,Road Construction (per km),3.0,km,16.50734,87.74262,2023-12-18,5657210.85,2024-02-03,5668356.77,270,Completed,2025-03-28,Road Construction (per km) at Gorakhpur constituency site 96
W01068,MP023,Tamil Nadu,Coimbatore,IA055,Drainage / Sewage Line (per km),0.51,km,29.43274,86.40586,2023-08-10,813835.74,2023-09-03,807880.35,180,Completed,2024-03-03,Drainage / Sewage Line (per km) at Coimbatore constituency site 0
W01069,MP018,Bihar,Gaya,IA025,Street Lighting (per 50 units),2.54,batch,23.42359,72.96747,2024-09-05,1674063.09,2024-10-01,1636476.3,90,Completed,2024-12-25,Street Lighting (per 50 units) at Gaya constituency site 1
W01070,MP017,Uttar Pradesh,Gorakhpur,IA026,School Building Renovation,1.03,unit,16.42566,87.71124,2024-02-02,1195355.53,2024-03-25,1215137.28,200,Completed,2024-11-01,School Building Renovation at Gorakhpur constituency site 2
W01071,MP028,Tamil Nadu,Madurai,IA044,Road Construction (per km),0.6,km,26.36912,77.6496,2024-12-28,1235942.27,2025-01-09,1215151.88,270,Completed,2025-10-12,Road Construction (per km) at Madurai constituency site 3
W01072,MP012,Uttar Pradesh,Sitapur,IA029,Street Lighting (per 50 units),2.3,batch,26.47097,78.89661,2023-10-29,1212717.89,2023-12-18,1214923.95,90,Completed,2024-04-07,Street Lighting (per 50 units) at Sitapur constituency site 4
W01073,MP038,Tamil Nadu,Coimbatore,IA024,Drainage / Sewage Line (per km),2.46,km,29.44768,86.34959,2025-10-25,3011836.62,2025-12-01,3170470.71,180,Completed,2026-04-27,Drainage / Sewage Line (per km) at Coimbatore constituency site 5
W01074,MP032,Tamil Nadu,Salem,IA006,School Building Renovation,1.74,unit,26.57687,75.17268,2023-12-12,2166268.25,2024-01-25,2152938.81,200,Completed,2024-06-30,School Building Renovation at Salem constituency site 6
W01075,MP029,Bihar,Patna,IA023,Drainage / Sewage Line (per km),1.36,km,21.68508,75.75149,2025-05-21,1834841.34,2025-06-25,1780022.23,180,Completed,2025-12-08,Drainage / Sewage Line (per km) at Patna constituency site 7
W01076,MP018,Bihar,Patna,IA023,Health Sub-Centre Upgrade,1.0,unit,21.58086,75.59177,2024-02-29,1185876.18,2024-04-25,1142008.81,210,Completed,2024-10-31,Health Sub-Centre Upgrade at Patna constituency site 8
W01077,MP033,Uttar Pradesh,Meerut,IA047,Health Sub-Centre Upgrade,1.0,unit,27.99855,83.24546,2024-12-14,1676059.57,2025-02-10,1660093.84,210,Completed,2025-08-12,Health Sub-Centre Upgrade at Meerut constituency site 9
W01078,MP007,Maharashtra,Nagpur,IA001,Public Toilet Complex,2.16,unit,24.58055,85.16385,2023-11-16,1023848.68,2023-11-28,971482.97,120,Completed,2024-03-14,Public Toilet Complex at Nagpur constituency site 10
W01079,MP037,Bihar,Muzaffarpur,IA032,Drainage / Sewage Line (per km),0.43,km,27.47325,82.13337,2025-10-09,593255.52,2025-11-23,623401.7,180,Completed,2026-07-21,Drainage / Sewage Line (per km) at Muzaffarpur constituency site 11
W01080,MP008,West Bengal,Howrah,IA012,School Building Renovation,1.86,unit,21.98013,72.61212,2023-08-25,2185125.49,2023-10-19,2252318.61,200,Completed,2024-02-14,School Building Renovation at Howrah constituency site 12
W01081,MP022,Uttar Pradesh,Meerut,IA040,Health Sub-Centre Upgrade,1.0,unit,27.86579,83.22789,2024-07-16,1851082.37,2024-08-04,1837541.93,210,Completed,2025-04-12,Health Sub-Centre Upgrade at Meerut constituency site 13
W01082,MP016,West Bengal,Howrah,IA056,Community Hall,1.0,unit,21.95105,72.61661,2026-03-23,3695245.95,2026-04-28,3633294.19,240,In Progress,,Community Hall at Howrah constituency site 14
W01083,MP002,West Bengal,Howrah,IA012,Health Sub-Centre Upgrade,1.0,unit,22.08371,72.61602,2025-11-08,1343149.13,2025-12-07,1241287.54,210,Completed,2026-04-01,Health Sub-Centre Upgrade at Howrah constituency site 15
W01084,MP022,Uttar Pradesh,Meerut,IA018,Community Hall,1.0,unit,27.8432,83.15072,2023-12-16,3794899.58,2024-01-26,3736766.85,240,Completed,2024-11-04,Community Hall at Meerut constituency site 16
W01085,MP007,Maharashtra,Nagpur,IA016,Public Toilet Complex,1.52,unit,24.62594,85.04175,2025-02-26,549143.83,2025-03-17,568890.79,120,Completed,2025-07-14,Public Toilet Complex at Nagpur constituency site 17
W01086,MP014,Maharashtra,Pune,IA003,Community Hall,1.0,unit,20.45597,86.76421,2023-12-09,3120494.37,2024-01-11,3170783.71,240,Completed,2024-12-30,Community Hall at Pune constituency site 18
W01087,MP014,Maharashtra,Pune,IA003,Street Lighting (per 50 units),3.02,batch,20.70554,86.77424,2024-09-24,1965980.69,2024-10-13,1894174.61,90,Completed,2025-01-22,Street Lighting (per 50 units) at Pune constituency site 19
W01088,MP028,Tamil Nadu,Madurai,IA044,Community Hall,1.0,unit,26.43425,77.79601,2023-12-07,3018241.56,2024-01-22,2972870.19,240,Completed,2024-07-23,Community Hall at Madurai constituency site 20
W01089,MP037,Bihar,Muzaffarpur,IA032,Road Construction (per km),3.24,km,27.3694,82.05828,2023-11-11,5395803.16,2023-11-30,5272558.92,270,Completed,2024-09-28,Road Construction (per km) at Muzaffarpur constituency site 21
W01090,MP019,Maharashtra,Nashik,IA038,Health Sub-Centre Upgrade,1.0,unit,16.81541,79.35443,2023-11-08,1824653.63,2023-12-17,1878061.78,210,Completed,2024-06-12,Health Sub-Centre Upgrade at Nashik constituency site 22
W01091,MP030,Bihar,Muzaffarpur,IA032,Public Toilet Complex,2.44,unit,27.40139,82.15746,2024-05-29,1033368.75,2024-07-18,1039033.55,120,Completed,2024-11-11,Public Toilet Complex at Muzaffarpur constituency site 23
W01092,MP033,Uttar Pradesh,Meerut,IA047,School Building Renovation,1.22,unit,27.83831,83.12919,2023-04-06,1277528.0,2023-04-24,1280742.93,200,In Progress,,School Building Renovation at Meerut constituency site 24
W01093,MP019,Maharashtra,Nashik,IA038,Drainage / Sewage Line (per km),2.57,km,16.83251,79.28008,2024-05-11,3236387.15,2024-06-03,3389632.97,180,Completed,2024-09-30,Drainage / Sewage Line (per km) at Nashik constituency site 25
W01094,MP036,Maharashtra,Nashik,IA048,Health Sub-Centre Upgrade,1.0,unit,16.88865,79.29063,2025-10-13,1501333.1,2025-11-12,1418477.73,210,Completed,2026-08-09,Health Sub-Centre Upgrade at Nashik constituency site 26
W01095,MP031,Uttar Pradesh,Gorakhpur,IA004,Road Construction (per km),2.84,km,16.27901,87.4886,2024-04-18,5595187.86,2024-05-21,5674400.62,270,Completed,2024-11-22,Road Construction (per km) at Gorakhpur constituency site 27
W01096,MP023,Tamil Nadu,Salem,IA006,Drinking Water Facility,2.44,unit,26.70356,75.0565,2024-11-01,2046080.15,2024-12-30,1993090.12,150,Completed,2025-05-19,Drinking Water Facility at Salem constituency site 28
W01097,MP028,Tamil Nadu,Madurai,IA044,Drainage / Sewage Line (per km),2.19,km,26.51061,77.55785,2025-04-28,2615819.01,2025-06-01,2617136.45,180,Completed,2025-10-08,Drainage / Sewage Line (per km) at Madurai constituency site 29
W01098,MP015,West Bengal,Malda,IA050,Drinking Water Facility,2.16,unit,17.43516,82.8655,2025-09-21,1836065.71,2025-11-19,1821367.46,150,Completed,2026-05-03,Drinking Water Facility at Malda constituency site 30
W01099,MP005,Tamil Nadu,Salem,IA059,Road Construction (per km),1.02,km,26.72712,75.25204,2025-10-28,1597675.01,2025-12-25,1559726.87,270,Completed,2026-07-08,Road Construction (per km) at Salem constituency site 31
W01100,MP012,Uttar Pradesh,Varanasi,IA057,Health Sub-Centre Upgrade,1.0,unit,26.28759,84.60404,2025-12-15,1671773.16,2026-01-01,1646511.34,210,Completed,2026-07-26,Health Sub-Centre Upgrade at Varanasi constituency site 32
W01101,MP011,Bihar,Muzaffarpur,IA032,Community Hall,1.0,unit,27.27214,81.95707,2025-11-17,3703374.88,2025-12-29,3612234.05,240,In Progress,,Community Hall at Muzaffarpur constituency site 33
W01102,MP028,Tamil Nadu,Coimbatore,IA055,Public Toilet Complex,2.06,unit,29.41294,86.32946,2023-05-20,1072660.58,2023-05-30,1078732.15,120,Completed,2023-08-31,Public Toilet Complex at Coimbatore constituency site 34
W01103,MP031,Uttar Pradesh,Gorakhpur,IA060,Community Hall,1.0,unit,16.40952,87.56211,2025-10-15,3327027.41,2025-11-02,3247757.21,240,Completed,2026-07-22,Community Hall at Gorakhpur constituency site 35
W01104,MP032,Tamil Nadu,Coimbatore,IA055,Drainage / Sewage Line (per km),2.2,km,29.59374,86.29543,2024-06-22,3572719.78,2024-07-29,3477089.9,180,Completed,2024-12-06,Drainage / Sewage Line (per km) at Coimbatore constituency site 36
W01105,MP028,Tamil Nadu,Madurai,IA031,Drainage / Sewage Line (per km),2.82,km,26.29248,77.53653,2023-04-06,4573035.67,2023-05-10,4649439.59,180,Completed,2023-10-03,Drainage / Sewage Line (per km) at Madurai constituency site 37
W01106,MP032,Tamil Nadu,Coimbatore,IA015,Community Hall,1.0,unit,29.46501,86.21387,2025-08-06,3700149.45,2025-09-20,3553976.68,240,Completed,2026-04-23,Community Hall at Coimbatore constituency site 38
W01107,MP035,West Bengal,Malda,IA050,Community Hall,1.0,unit,17.35479,82.78354,2025-01-21,3398889.39,2025-03-15,3363514.11,240,In Progress,,Community Hall at Malda constituency site 39
W01108,MP010,Bihar,Gaya,IA042,Street Lighting (per 50 units),2.36,batch,23.22161,72.88855,2024-11-06,1849950.32,2024-12-27,1861249.43,90,Completed,2025-03-27,Street Lighting (per 50 units) at Gaya constituency site 40
W01109,MP025,Bihar,Gaya,IA036,Community Hall,1.0,unit,23.32844,73.15666,2023-12-18,3833047.77,2024-01-17,3633348.81,240,Completed,2025-05-20,Community Hall at Gaya constituency site 41
W01110,MP037,Bihar,Muzaffarpur,IA032,Health Sub-Centre Upgrade,1.0,unit,27.44718,82.16316,2025-11-01,1791073.42,2025-11-21,1726026.02,210,Completed,2026-06-15,Health Sub-Centre Upgrade at Muzaffarpur constituency site 42
W01111,MP010,Bihar,Gaya,IA049,School Building Renovation,1.04,unit,23.34648,73.15591,2025-05-16,1155084.97,2025-06-26,1137612.81,200,Completed,2025-11-08,School Building Renovation at Gaya constituency site 43
W01112,MP021,West Bengal,Malda,IA019,Road Construction (per km),4.08,km,17.40375,82.78871,2024-01-08,7436994.37,2024-02-11,7502915.93,270,Completed,2024-11-11,Road Construction (per km) at Malda constituency site 44
W01113,MP010,Bihar,Gaya,IA036,Public Toilet Complex,1.2,unit,23.25235,73.08553,2026-02-06,609104.9,2026-03-04,603609.69,120,Completed,2026-05-06,Public Toilet Complex at Gaya constituency site 45
W01114,MP013,Uttar Pradesh,Gorakhpur,IA039,School Building Renovation,1.89,unit,16.50762,87.69844,2024-04-09,2584482.97,2024-06-04,2574660.46,200,In Progress,,School Building Renovation at Gorakhpur constituency site 46
W01115,MP008,West Bengal,Howrah,IA045,Street Lighting (per 50 units),3.1,batch,21.95552,72.66858,2025-06-20,1968485.26,2025-08-16,1896696.41,90,Completed,2025-10-16,Street Lighting (per 50 units) at Howrah constituency site 47
W01116,MP025,Bihar,Patna,IA023,Public Toilet Complex,2.19,unit,21.69415,75.75449,2024-09-01,1016616.89,2024-10-12,1022776.29,120,Completed,2025-01-09,Public Toilet Complex at Patna constituency site 48
W01117,MP036,Maharashtra,Nashik,IA048,School Building Renovation,1.25,unit,16.9287,79.18767,2024-05-17,1424584.23,2024-06-27,1411620.54,200,Completed,2025-02-22,School Building Renovation at Nashik constituency site 49
W01118,MP018,Bihar,Gaya,IA042,School Building Renovation,1.84,unit,23.39857,72.93342,2026-03-22,2171792.19,2026-04-29,2174836.12,200,In Progress,,School Building Renovation at Gaya constituency site 50
W01119,MP002,West Bengal,Howrah,IA058,Community Hall,1.0,unit,22.00628,72.65057,2024-06-21,3526160.21,2024-07-06,3464630.54,240,Completed,2025-04-06,Community Hall at Howrah constituency site 51
W01120,MP014,Maharashtra,Nashik,IA048,Drinking Water Facility,1.21,unit,17.03751,79.21134,2023-10-14,993363.56,2023-10-27,1013294.73,150,Completed,2024-03-02,Drinking Water Facility at Nashik constituency site 52
W01121,MP009,Bihar,Muzaffarpur,IA032,School Building Renovation,1.3,unit,27.46454,82.23293,2023-10-13,1264408.71,2023-11-17,1239271.36,200,In Progress,,School Building Renovation at Muzaffarpur constituency site 53
W01122,MP006,Bihar,Muzaffarpur,IA032,Community Hall,1.0,unit,27.44966,82.11202,2023-09-05,3272937.29,2023-10-30,3460740.2,240,Completed,2024-04-14,Community Hall at Muzaffarpur constituency site 54
W01123,MP030,Bihar,Gaya,IA011,Community Hall,1.0,unit,23.45543,72.88694,2024-06-11,2421427.76,2024-08-05,7636345.12,240,Completed,2025-03-18,Community Hall at Gaya constituency site 55
W01124,MP007,Maharashtra,Nagpur,IA034,School Building Renovation,2.0,unit,24.59103,85.14906,2023-05-30,2614744.09,2023-07-04,2749384.65,200,Completed,2024-02-28,School Building Renovation at Nagpur constituency site 56
W01125,MP029,Bihar,Patna,IA023,Street Lighting (per 50 units),3.71,batch,21.55961,75.67346,2024-12-06,1813634.16,2025-01-02,1824128.5,90,Completed,2025-04-05,Street Lighting (per 50 units) at Patna constituency site 57
W01126,MP015,West Bengal,Howrah,IA037,School Building Renovation,1.53,unit,22.09199,72.82775,2024-10-05,1572400.42,2024-12-02,1624162.01,200,Completed,2025-05-23,School Building Renovation at Howrah constituency site 58
W01127,MP025,Bihar,Patna,IA023,Street Lighting (per 50 units),2.15,batch,21.54326,75.51263,2024-12-26,1388009.82,2024-09-25,1384236.95,90,In Progress,,Street Lighting (per 50 units) at Patna constituency site 59
W01128,MP038,Tamil Nadu,Coimbatore,IA015,Health Sub-Centre Upgrade,1.0,unit,29.62059,86.37817,2024-09-14,1574058.73,2024-10-19,1634249.53,210,Completed,2025-05-28,Health Sub-Centre Upgrade at Coimbatore constituency site 60
W01129,MP032,Tamil Nadu,Coimbatore,IA055,Street Lighting (per 50 units),1.26,batch,29.5201,86.15284,2026-02-20,802715.73,2026-04-16,788618.19,90,In Progress,,Street Lighting (per 50 units) at Coimbatore constituency site 61
W01130,MP030,Bihar,Gaya,IA049,Community Hall,1.0,unit,23.37238,73.13695,2023-08-17,3682693.53,2023-09-09,3563133.5,240,Completed,2024-05-20,Community Hall at Gaya constituency site 62
W01131,MP022,Uttar Pradesh,Meerut,IA018,Community Hall,1.0,unit,27.87766,83.12498,2025-08-19,3501434.67,2025-09-09,3460716.38,240,Completed,2026-05-02,Community Hall at Meerut constituency site 63
W01132,MP012,Uttar Pradesh,Meerut,IA005,Health Sub-Centre Upgrade,1.0,unit,27.92257,83.21727,2025-11-30,1509077.38,2025-12-30,1444612.66,210,In Progress,,Health Sub-Centre Upgrade at Meerut constituency site 64
W01133,MP010,Bihar,Gaya,IA042,Road Construction (per km),2.55,km,23.35825,72.96311,2023-04-19,4851098.11,2023-06-02,4952295.42,270,Completed,2024-02-19,Road Construction (per km) at Gaya constituency site 65
W01134,MP036,Maharashtra,Nashik,IA027,Road Construction (per km),2.26,km,16.86161,79.25536,2025-05-13,4144282.04,2025-07-09,4042380.8,270,In Progress,,Road Construction (per km) at Nashik constituency site 66
W01135,MP010,Bihar,Gaya,IA049,Road Construction (per km),1.97,km,23.31289,73.09632,2023-10-11,3256849.02,2023-10-31,3279675.59,270,Completed,2024-10-01,Road Construction (per km) at Gaya constituency site 67
W01136,MP003,Bihar,Patna,IA023,School Building Renovation,1.86,unit,21.62386,75.71748,2026-01-31,2336949.82,2026-03-01,2399549.51,200,In Progress,,School Building Renovation at Patna constituency site 68
W01137,MP037,Bihar,Muzaffarpur,IA032,Health Sub-Centre Upgrade,1.0,unit,27.29567,82.21016,2024-08-02,1688657.5,2024-09-07,1772122.01,210,Completed,2025-06-24,Health Sub-Centre Upgrade at Muzaffarpur constituency site 69
W01138,MP032,Tamil Nadu,Coimbatore,IA024,Drainage / Sewage Line (per km),2.0,km,29.55039,86.4381,2025-08-19,2733402.31,2025-10-03,2827835.21,180,Completed,2026-04-11,Drainage / Sewage Line (per km) at Coimbatore constituency site 70
W01139,MP040,Bihar,Gaya,IA049,Public Toilet Complex,1.58,unit,23.30062,73.13774,2025-10-09,672183.05,2025-10-28,695851.0,120,Completed,2026-02-09,Public Toilet Complex at Gaya constituency site 71
W01140,MP002,West Bengal,Howrah,IA012,Drinking Water Facility,2.86,unit,21.90298,72.59513,2024-12-04,2605398.04,2025-01-14,2630318.48,150,Completed,2025-04-06,Drinking Water Facility at Howrah constituency site 72
W01141,MP009,Bihar,Muzaffarpur,IA032,Health Sub-Centre Upgrade,1.0,unit,27.34136,82.11765,2023-07-03,1203114.84,2024-09-29,1211907.06,210,In Progress,,Health Sub-Centre Upgrade at Muzaffarpur constituency site 73
W01142,MP031,Uttar Pradesh,Gorakhpur,IA052,Drinking Water Facility,2.82,unit,16.36092,87.55951,2025-02-16,2619530.47,2025-03-06,2606468.71,150,Completed,2025-07-23,Drinking Water Facility at Gorakhpur constituency site 74
W01143,MP022,Uttar Pradesh,Meerut,IA018,Road Construction (per km),4.39,km,28.02466,83.21528,2023-09-26,7251273.18,2023-10-09,7134185.08,270,Completed,2024-09-01,Road Construction (per km) at Meerut constituency site 75
W01144,MP016,West Bengal,Howrah,IA009,Road Construction (per km),0.8,km,22.11354,72.73377,2025-05-31,1765321.75,2025-07-03,1768662.22,270,In Progress,,Road Construction (per km) at Howrah constituency site 76
W01145,MP013,Uttar Pradesh,Gorakhpur,IA060,Community Hall,1.0,unit,16.4923,87.66217,2024-04-20,3673813.19,2024-06-03,3736173.77,240,Completed,2025-07-19,Community Hall at Gorakhpur constituency site 77
W01146,MP038,Tamil Nadu,Coimbatore,IA055,Drinking Water Facility,2.12,unit,29.5358,86.16553,2025-10-28,1827856.51,2025-12-03,1846297.71,150,Completed,2026-05-02,Drinking Water Facility at Coimbatore constituency site 78
W01147,MP015,West Bengal,Malda,IA041,Road Construction (per km),4.57,km,17.28958,82.91944,2025-10-15,9306356.2,2025-10-25,9078312.34,270,Completed,2026-03-23,Road Construction (per km) at Malda constituency site 79
W01148,MP015,West Bengal,Malda,IA002,Public Toilet Complex,2.01,unit,17.4251,82.83164,2023-07-22,861133.37,2023-08-17,869026.46,120,Completed,2023-12-05,Public Toilet Complex at Malda constituency site 80
W01149,MP004,Bihar,Muzaffarpur,IA032,Street Lighting (per 50 units),3.83,batch,27.27663,82.2418,2024-07-23,2181679.58,2024-08-28,2173242.48,90,Completed,2024-10-25,Street Lighting (per 50 units) at Muzaffarpur constituency site 81
W01150,MP006,Bihar,Muzaffarpur,IA032,Street Lighting (per 50 units),2.64,batch,27.47255,82.17153,2023-07-29,1618651.16,2023-09-23,1548117.87,90,Completed,2024-01-16,Street Lighting (per 50 units) at Muzaffarpur constituency site 82
W01151,MP003,Bihar,Patna,IA023,Street Lighting (per 50 units),4.0,batch,21.54753,75.62207,2024-06-24,2504339.82,2024-07-14,2494895.24,90,Completed,2024-10-10,Street Lighting (per 50 units) at Patna constituency site 83
W01152,MP039,Bihar,Gaya,IA025,Street Lighting (per 50 units),1.96,batch,23.31835,72.92758,2026-01-16,1326550.05,2026-02-27,1360790.71,90,Completed,2026-04-30,Street Lighting (per 50 units) at Gaya constituency site 84
W01153,MP016,West Bengal,Howrah,IA056,Community Hall,1.0,unit,21.97512,72.58201,2025-10-10,3783633.84,2025-11-19,3964033.57,240,Completed,2026-03-16,Community Hall at Howrah constituency site 85
W01154,MP011,Bihar,Muzaffarpur,IA032,Community Hall,1.0,unit,27.4564,82.16375,2025-06-16,3653740.07,2025-07-24,3647495.56,240,Completed,2026-05-19,Community Hall at Muzaffarpur constituency site 86
W01155,MP020,Tamil Nadu,Coimbatore,IA024,School Building Renovation,1.52,unit,29.65054,86.26582,2023-07-21,2395512.36,2023-08-31,2181756.04,200,Completed,2024-02-23,School Building Renovation at Coimbatore constituency site 87
W01156,MP030,Bihar,Muzaffarpur,IA032,Community Hall,1.0,unit,27.32901,82.08511,2023-10-09,3476482.94,2023-11-11,3593746.47,240,Completed,2024-06-03,Community Hall at Muzaffarpur constituency site 88
W01157,MP040,Bihar,Muzaffarpur,IA032,Community Hall,1.0,unit,27.53356,82.23405,2023-05-27,3829315.51,2023-07-15,3990939.15,240,Completed,2024-06-16,Community Hall at Muzaffarpur constituency site 89
W01158,MP009,Bihar,Muzaffarpur,IA032,Drinking Water Facility,1.38,unit,27.32143,81.97985,2025-12-10,1172693.41,2026-01-11,1198398.49,150,Completed,2026-04-10,Drinking Water Facility at Muzaffarpur constituency site 90
W01159,MP008,West Bengal,Howrah,IA013,Road Construction (per km),2.4,km,21.96528,72.6072,2025-08-05,4521391.63,2025-10-03,4415571.45,270,Completed,2026-05-08,Road Construction (per km) at Howrah constituency site 91
W01160,MP004,Bihar,Muzaffarpur,IA032,Public Toilet Complex,2.04,unit,27.37737,82.02364,2023-10-20,921474.96,2023-11-01,888664.38,120,Completed,2024-05-01,Public Toilet Complex at Muzaffarpur constituency site 92
W01161,MP010,Bihar,Gaya,IA036,Street Lighting (per 50 units),2.95,batch,23.23086,73.06579,2025-05-06,1830300.49,2025-07-01,5530485.64,90,Completed,2025-10-08,Street Lighting (per 50 units) at Gaya constituency site 93
W01162,MP029,Bihar,Patna,IA023,Street Lighting (per 50 units),3.85,batch,21.50198,75.67709,2025-12-27,2332977.26,2026-02-21,2342917.92,90,Completed,2026-05-17,Street Lighting (per 50 units) at Patna constituency site 94
W01163,MP016,West Bengal,Howrah,IA009,Drainage / Sewage Line (per km),0.33,km,22.11759,72.85024,2024-09-11,418173.86,2024-10-29,425502.72,180,Completed,2025-05-23,Drainage / Sewage Line (per km) at Howrah constituency site 95
W01164,MP026,Maharashtra,Nagpur,IA035,Public Toilet Complex,2.95,unit,24.67136,85.13836,2023-06-20,1494033.43,2023-07-25,1392340.62,120,Completed,2023-10-30,Public Toilet Complex at Nagpur constituency site 96
W01165,MP017,Uttar Pradesh,Gorakhpur,IA053,Public Toilet Complex,1.96,unit,16.50572,87.59486,2023-12-04,856137.19,2023-12-31,827154.62,120,Completed,2024-05-03,Public Toilet Complex at Gorakhpur constituency site 0
W01166,MP040,Bihar,Gaya,IA025,Street Lighting (per 50 units),2.58,batch,23.20869,73.11353,2023-09-21,1549636.99,2023-10-12,1574391.06,90,Completed,2023-12-03,Street Lighting (per 50 units) at Gaya constituency site 1
W01167,MP008,West Bengal,Howrah,IA012,Street Lighting (per 50 units),3.34,batch,21.9147,72.77082,2025-10-10,1872877.93,2025-11-02,1947284.55,90,Completed,2025-12-28,Street Lighting (per 50 units) at Howrah constituency site 2
W01168,MP040,Bihar,Gaya,IA025,Road Construction (per km),3.6,km,23.42684,73.0649,2023-12-01,6712864.39,2024-01-08,6811833.55,270,Completed,2024-08-09,Road Construction (per km) at Gaya constituency site 3
W01169,MP014,Maharashtra,Pune,IA003,Drainage / Sewage Line (per km),0.79,km,20.41204,86.75545,2025-03-16,1048687.61,2025-05-08,1001269.07,180,Completed,2026-01-23,Drainage / Sewage Line (per km) at Pune constituency site 4
W01170,MP020,Tamil Nadu,Coimbatore,IA015,Road Construction (per km),2.55,km,29.63133,86.16401,2026-01-01,4495625.08,2026-02-28,4369845.76,270,In Progress,,Road Construction (per km) at Coimbatore constituency site 5
W01171,MP012,Uttar Pradesh,Varanasi,IA057,Drainage / Sewage Line (per km),0.43,km,26.47183,84.42833,2026-02-14,569332.68,2026-03-21,560305.53,180,In Progress,,Drainage / Sewage Line (per km) at Varanasi constituency site 6
W01172,MP004,Bihar,Muzaffarpur,IA032,Drinking Water Facility,2.02,unit,27.2956,82.01739,2026-02-21,1370633.95,2026-03-28,1354171.78,150,Completed,2026-08-09,Drinking Water Facility at Muzaffarpur constituency site 7
W01173,MP039,Bihar,Gaya,IA042,Drainage / Sewage Line (per km),2.1,km,23.21777,72.9252,2023-06-21,2766214.26,2023-08-05,2778289.33,180,Completed,2024-04-02,Drainage / Sewage Line (per km) at Gaya constituency site 8
W01174,MP028,Tamil Nadu,Madurai,IA044,Street Lighting (per 50 units),3.86,batch,26.42055,77.61923,2024-03-04,2197844.5,2024-03-19,2156612.11,90,Completed,2024-05-28,Street Lighting (per 50 units) at Madurai constituency site 9
W01175,MP025,Bihar,Patna,IA023,Health Sub-Centre Upgrade,1.0,unit,21.61837,75.64605,2023-11-24,1494635.34,2023-12-13,1579282.44,210,Completed,2024-07-11,Health Sub-Centre Upgrade at Patna constituency site 10
W01176,MP027,Uttar Pradesh,Gorakhpur,IA052,Drainage / Sewage Line (per km),0.52,km,16.3434,87.56187,2024-06-22,648956.66,2024-09-09,650884.25,180,In Progress,,Drainage / Sewage Line (per km) at Gorakhpur constituency site 11
W01177,MP033,Uttar Pradesh,Meerut,IA005,Drinking Water Facility,1.84,unit,28.00314,83.19662,2024-05-25,1472581.23,2024-07-23,1554584.12,150,Completed,2025-02-22,Drinking Water Facility at Meerut constituency site 12
W01178,MP015,West Bengal,Malda,IA028,Street Lighting (per 50 units),3.94,batch,17.21786,82.95985,2024-07-06,2261724.82,2024-07-19,2217210.74,90,Completed,2024-10-16,Street Lighting (per 50 units) at Malda constituency site 13
W01179,MP023,Tamil Nadu,Coimbatore,IA055,Drinking Water Facility,1.94,unit,29.64539,86.24966,2025-08-20,1758713.48,2025-10-07,1765739.07,150,Completed,2026-03-11,Drinking Water Facility at Coimbatore constituency site 14
W01180,MP037,Bihar,Muzaffarpur,IA032,School Building Renovation,1.65,unit,27.54027,82.00373,2024-03-08,2013138.63,2024-04-23,2036016.51,200,Completed,2024-09-28,School Building Renovation at Muzaffarpur constituency site 15
W01181,MP021,West Bengal,Malda,IA014,Community Hall,1.0,unit,17.37512,82.82634,2024-03-09,3347608.38,2024-05-03,3348888.17,240,Completed,2024-11-09,Community Hall at Malda constituency site 16
W01182,MP001,West Bengal,Malda,IA019,School Building Renovation,1.98,unit,17.44621,82.95395,2025-08-01,2573665.67,2025-09-18,2588063.68,200,Completed,2026-04-18,School Building Renovation at Malda constituency site 17
W01183,MP016,West Bengal,Howrah,IA058,Community Hall,1.0,unit,21.88,72.75086,2025-06-15,2914196.99,2025-08-03,2790017.77,240,Completed,2026-04-09,Community Hall at Howrah constituency site 18
W01184,MP002,West Bengal,Howrah,IA022,Health Sub-Centre Upgrade,1.0,unit,22.11927,72.59151,2024-11-25,1547739.73,2024-12-21,1561996.87,210,Completed,2025-08-08,Health Sub-Centre Upgrade at Howrah constituency site 19
W01185,MP037,Bihar,Muzaffarpur,IA032,Community Hall,1.0,unit,27.40616,82.0166,2023-08-25,2479866.07,2025-02-11,2491021.17,240,In Progress,,Community Hall at Muzaffarpur constituency site 20
W01186,MP024,Maharashtra,Nagpur,IA034,Community Hall,1.0,unit,24.64143,85.03455,2026-02-07,3724411.93,2026-02-22,3620680.66,240,In Progress,,Community Hall at Nagpur constituency site 21
W01187,MP018,Bihar,Gaya,IA042,Public Toilet Complex,2.85,unit,23.22333,72.89928,2024-01-26,1308313.52,2024-02-19,1291315.93,120,Completed,2024-06-29,Public Toilet Complex at Gaya constituency site 22
W01188,MP021,West Bengal,Malda,IA007,Drainage / Sewage Line (per km),0.39,km,17.3877,82.86773,2024-03-11,528067.68,2024-03-26,513822.37,180,Completed,2024-09-04,Drainage / Sewage Line (per km) at Malda constituency site 23
W01189,MP018,Bihar,Gaya,IA025,Drinking Water Facility,2.87,unit,23.40057,73.03307,2025-04-28,2771460.46,2025-06-02,2763326.8,150,Completed,2025-10-23,Drinking Water Facility at Gaya constituency site 24
W01190,MP033,Uttar Pradesh,Meerut,IA005,School Building Renovation,1.38,unit,27.83255,83.08405,2025-04-03,1431333.83,2025-04-16,1416542.41,200,Completed,2025-11-10,School Building Renovation at Meerut constituency site 25
W01191,MP007,Maharashtra,Nagpur,IA016,Street Lighting (per 50 units),1.46,batch,24.57785,85.10272,2023-05-03,894926.91,2023-06-08,866481.98,90,Completed,2023-08-17,Street Lighting (per 50 units) at Nagpur constituency site 26
W01192,MP035,West Bengal,Howrah,IA058,Road Construction (per km),1.06,km,22.1313,72.58071,2023-08-31,2322347.37,2023-10-13,2275109.82,270,In Progress,,Road Construction (per km) at Howrah constituency site 27
W01193,MP007,Maharashtra,Nagpur,IA016,Drainage / Sewage Line (per km),1.15,km,24.77282,85.06543,2026-03-24,1352832.06,2026-04-23,1322327.37,180,Completed,2026-08-23,Drainage / Sewage Line (per km) at Nagpur constituency site 28
W01194,MP035,West Bengal,Malda,IA014,Public Toilet Complex,2.7,unit,17.20354,82.95108,2025-07-29,1078941.33,2025-08-28,1042263.57,120,In Progress,,Public Toilet Complex at Malda constituency site 29
W01195,MP032,Tamil Nadu,Coimbatore,IA024,Community Hall,1.0,unit,29.57986,86.26828,2023-12-13,3460944.82,2024-01-22,3321461.82,240,Completed,2024-08-21,Community Hall at Coimbatore constituency site 30
W01196,MP001,West Bengal,Malda,IA014,Community Hall,1.0,unit,17.17278,82.91951,2024-12-01,3425602.93,2025-01-07,3410646.41,240,Completed,2025-07-01,Community Hall at Malda constituency site 31
W01197,MP011,Bihar,Muzaffarpur,IA032,Drinking Water Facility,2.53,unit,27.41588,82.13644,2024-08-26,2531506.91,2024-09-24,2450173.38,150,Completed,2025-01-26,Drinking Water Facility at Muzaffarpur constituency site 32
W01198,MP034,Uttar Pradesh,Gorakhpur,IA008,Street Lighting (per 50 units),1.81,batch,16.26349,87.51808,2025-07-31,1027638.19,2025-09-16,976422.59,90,In Progress,,Street Lighting (per 50 units) at Gorakhpur constituency site 33
W01199,MP023,Tamil Nadu,Coimbatore,IA024,Road Construction (per km),3.37,km,29.60123,86.20459,2023-10-12,5608920.43,2025-03-07,5361481.14,270,In Progress,,Road Construction (per km) at Coimbatore constituency site 34
W01200,MP009,Bihar,Muzaffarpur,IA032,Drinking Water Facility,2.43,unit,27.32653,82.06784,2024-08-16,2129101.45,2024-08-27,2117532.41,150,Completed,2025-03-25,Drinking Water Facility at Muzaffarpur constituency site 35
W01201,MP039,Bihar,Gaya,IA036,Drinking Water Facility,1.38,unit,23.42035,73.13257,2025-03-15,1162623.36,2025-03-28,1171538.51,150,Completed,2025-09-06,Drinking Water Facility at Gaya constituency site 36
W01202,MP014,Maharashtra,Pune,IA003,School Building Renovation,1.52,unit,20.45026,86.95843,2024-05-14,1703790.09,2024-06-07,1729509.07,200,Completed,2025-02-05,School Building Renovation at Pune constituency site 37
W01203,MP036,Maharashtra,Nagpur,IA016,Health Sub-Centre Upgrade,1.0,unit,24.63619,85.2533,2025-06-11,1441930.2,2025-07-02,1427376.25,210,Completed,2026-02-24,Health Sub-Centre Upgrade at Nagpur constituency site 38
W01204,MP003,Bihar,Patna,IA023,Community Hall,1.0,unit,21.73683,75.65604,2026-02-28,3543959.45,2026-03-22,3473836.06,240,In Progress,,Community Hall at Patna constituency site 39
W01205,MP037,Bihar,Muzaffarpur,IA032,Community Hall,1.0,unit,27.46889,82.00231,2025-03-21,2894640.92,2025-05-14,2916819.93,240,In Progress,,Community Hall at Muzaffarpur constituency site 40
W01206,MP039,Bihar,Gaya,IA025,Road Construction (per km),3.99,km,23.3639,72.96516,2024-05-28,8542596.95,2024-06-26,8683765.13,270,Completed,2025-06-12,Road Construction (per km) at Gaya constituency site 41
W01207,MP013,Uttar Pradesh,Gorakhpur,IA026,School Building Renovation,1.92,unit,16.53054,87.59588,2025-11-04,2891264.97,2025-11-16,3007527.42,200,Completed,2026-08-14,School Building Renovation at Gorakhpur constituency site 42
W01208,MP001,West Bengal,Malda,IA007,Drinking Water Facility,2.25,unit,17.2693,82.8515,2024-07-31,2264794.95,2024-08-23,2209352.21,150,Completed,2024-11-27,Drinking Water Facility at Malda constituency site 43
W01209,MP038,Tamil Nadu,Salem,IA059,Community Hall,1.0,unit,26.67807,75.04993,2025-02-17,3615912.53,2025-04-03,3504036.63,240,In Progress,,Community Hall at Salem constituency site 44
W01210,MP020,Tamil Nadu,Coimbatore,IA015,Community Hall,1.0,unit,29.57748,86.41715,2026-01-17,4181546.95,2026-03-12,4205771.88,240,In Progress,,Community Hall at Coimbatore constituency site 45
W01211,MP009,Bihar,Patna,IA023,School Building Renovation,1.63,unit,21.66661,75.65771,2023-07-17,2085665.1,2023-09-13,2139328.94,200,Completed,2024-07-02,School Building Renovation at Patna constituency site 46
W01212,MP011,Bihar,Patna,IA023,Drinking Water Facility,1.65,unit,21.70422,75.61957,2024-07-21,1325815.83,2024-09-07,1248045.66,150,Completed,2024-12-25,Drinking Water Facility at Patna constituency site 47
W01213,MP033,Uttar Pradesh,Meerut,IA047,Health Sub-Centre Upgrade,1.0,unit,27.76773,83.07989,2023-11-23,1668180.63,2023-12-16,1633100.04,210,In Progress,,Health Sub-Centre Upgrade at Meerut constituency site 48
W01214,MP011,Bihar,Muzaffarpur,IA032,Road Construction (per km),2.33,km,27.44863,82.19416,2024-01-15,3700808.0,2024-03-02,3672912.61,270,Completed,2024-11-08,Road Construction (per km) at Muzaffarpur constituency site 49
W01215,MP022,Uttar Pradesh,Meerut,IA018,Drainage / Sewage Line (per km),0.84,km,27.8475,83.25656,2024-12-30,1103847.73,2025-02-12,1098338.58,180,Completed,2025-12-06,Drainage / Sewage Line (per km) at Meerut constituency site 50
W01216,MP025,Bihar,Patna,IA023,Road Construction (per km),2.75,km,21.52464,75.71065,2023-08-09,4832018.77,2023-09-28,4980684.29,270,Completed,2024-03-29,Road Construction (per km) at Patna constituency site 51
W01217,MP033,Uttar Pradesh,Gorakhpur,IA046,Public Toilet Complex,2.26,unit,16.37969,87.51711,2023-05-08,1175195.38,2023-06-24,1201142.39,120,Completed,2023-09-27,Public Toilet Complex at Gorakhpur constituency site 52
W01218,MP004,Bihar,Muzaffarpur,IA032,Drainage / Sewage Line (per km),2.57,km,27.5005,82.10141,2023-12-14,3347401.59,2024-01-12,3271390.91,180,Completed,2024-06-23,Drainage / Sewage Line (per km) at Muzaffarpur constituency site 53
W01219,MP015,West Bengal,Malda,IA050,Health Sub-Centre Upgrade,1.0,unit,17.24251,82.84839,2025-09-17,1646781.32,2025-10-19,1727034.18,210,Completed,2026-04-11,Health Sub-Centre Upgrade at Malda constituency site 54
W01220,MP014,Maharashtra,Pune,IA003,Street Lighting (per 50 units),1.61,batch,20.44576,86.71059,2024-05-30,933408.03,2024-07-16,908249.17,90,Completed,2024-10-03,Street Lighting (per 50 units) at Pune constituency site 55
W01221,MP023,Tamil Nadu,Coimbatore,IA024,Community Hall,1.0,unit,29.44902,86.14125,2023-12-24,3527493.78,2024-01-18,3734733.29,240,In Progress,,Community Hall at Coimbatore constituency site 56
W01222,MP034,Uttar Pradesh,Gorakhpur,IA054,Health Sub-Centre Upgrade,1.0,unit,16.55114,87.69361,2024-10-06,1808192.71,2024-11-08,1913969.93,210,Completed,2025-03-15,Health Sub-Centre Upgrade at Gorakhpur constituency site 57
W01223,MP009,Bihar,Gaya,IA042,Road Construction (per km),1.17,km,23.24183,72.87882,2023-10-31,1877087.25,2023-11-17,1883159.39,270,Completed,2024-09-29,Road Construction (per km) at Gaya constituency site 58
W01224,MP024,Maharashtra,Nagpur,IA035,Drinking Water Facility,2.88,unit,24.50869,85.24858,2024-02-28,3030239.22,2024-04-05,3095767.21,150,Completed,2024-08-05,Drinking Water Facility at Nagpur constituency site 59
W01225,MP019,Maharashtra,Nashik,IA048,Street Lighting (per 50 units),1.44,batch,16.91921,79.29071,2026-01-28,911427.28,2026-02-19,919033.78,90,In Progress,,Street Lighting (per 50 units) at Nashik constituency site 60
W01226,MP013,Uttar Pradesh,Gorakhpur,IA046,School Building Renovation,1.28,unit,16.36965,87.49925,2024-07-12,1536495.97,2024-07-25,1587799.58,200,Completed,2025-06-14,School Building Renovation at Gorakhpur constituency site 61
W01227,MP035,West Bengal,Malda,IA007,Drinking Water Facility,1.98,unit,17.21677,83.01333,2024-10-26,1765608.54,2024-11-24,1736872.0,150,Completed,2025-04-19,Drinking Water Facility at Malda constituency site 62
W01228,MP014,Maharashtra,Pune,IA003,Drainage / Sewage Line (per km),2.24,km,20.51434,86.91831,2024-06-24,2554284.7,2024-07-29,2667554.97,180,Completed,2025-01-25,Drainage / Sewage Line (per km) at Pune constituency site 63
W01229,MP018,Bihar,Gaya,IA049,Drainage / Sewage Line (per km),0.47,km,23.45302,73.0325,2023-05-28,724385.25,2023-07-01,717543.81,180,Completed,2023-12-31,Drainage / Sewage Line (per km) at Gaya constituency site 64
W01230,MP008,West Bengal,Howrah,IA056,Health Sub-Centre Upgrade,1.0,unit,22.01956,72.5882,2026-03-29,1494212.88,2026-04-17,1424223.8,210,In Progress,,Health Sub-Centre Upgrade at Howrah constituency site 65
W01231,MP001,West Bengal,Malda,IA051,Community Hall,1.0,unit,17.22681,82.86834,2024-04-13,4191408.28,2024-05-22,3956212.8,240,Completed,2025-02-27,Community Hall at Malda constituency site 66
W01232,MP013,Uttar Pradesh,Gorakhpur,IA008,Road Construction (per km),3.88,km,16.41584,87.53449,2025-03-23,6508573.83,2025-04-03,6279028.47,270,Completed,2026-03-06,Road Construction (per km) at Gorakhpur constituency site 67
W01233,MP035,West Bengal,Malda,IA021,Community Hall,1.0,unit,17.43036,82.78911,2025-03-22,3989385.33,2025-04-24,4113187.45,240,Completed,2026-01-13,Community Hall at Malda constituency site 68
W01234,MP038,Tamil Nadu,Coimbatore,IA015,Public Toilet Complex,1.57,unit,29.47893,86.43762,2025-06-15,702281.84,2025-07-04,680113.78,120,Completed,2025-10-12,Public Toilet Complex at Coimbatore constituency site 69
W01235,MP006,Bihar,Muzaffarpur,IA032,Health Sub-Centre Upgrade,1.0,unit,27.55218,82.09561,2023-08-20,1600896.43,2023-10-15,1675704.88,210,Completed,2024-03-22,Health Sub-Centre Upgrade at Muzaffarpur constituency site 70
W01236,MP032,Tamil Nadu,Coimbatore,IA015,Road Construction (per km),1.71,km,29.63645,86.22455,2025-01-12,2966054.21,2025-02-28,2878979.15,270,Completed,2025-09-27,Road Construction (per km) at Coimbatore constituency site 71
W01237,MP026,Maharashtra,Nagpur,IA016,Drinking Water Facility,2.0,unit,24.75638,85.01426,2024-08-29,2106013.0,2024-10-19,2113265.64,150,Completed,2025-02-25,Drinking Water Facility at Nagpur constituency site 72
W01238,MP033,Uttar Pradesh,Meerut,IA040,Drinking Water Facility,1.78,unit,27.94702,83.11324,2024-07-04,1566348.23,2024-07-14,1545604.4,150,Completed,2025-02-08,Drinking Water Facility at Meerut constituency site 73
W01239,MP040,Bihar,Gaya,IA042,Public Toilet Complex,2.87,unit,23.3691,73.06761,2024-04-30,1149792.71,2024-06-09,1141270.4,120,Completed,2024-07-27,Public Toilet Complex at Gaya constituency site 74
W01240,MP004,Bihar,Muzaffarpur,IA032,Drainage / Sewage Line (per km),1.78,km,27.42993,82.15839,2025-02-26,2295577.6,2025-03-12,2225897.5,180,Completed,2025-08-18,Drainage / Sewage Line (per km) at Muzaffarpur constituency site 75
W01241,MP033,Uttar Pradesh,Meerut,IA005,Street Lighting (per 50 units),3.01,batch,27.82284,83.30544,2023-07-30,1524819.01,2023-08-28,1523484.54,90,Completed,2023-11-22,Street Lighting (per 50 units) at Meerut constituency site 76
W01242,MP026,Maharashtra,Nagpur,IA035,Road Construction (per km),4.46,km,24.62999,85.0884,2023-12-07,7769384.69,2023-12-29,7720022.3,270,Completed,2024-12-11,Road Construction (per km) at Nagpur constituency site 77
W01243,MP023,Tamil Nadu,Coimbatore,IA055,School Building Renovation,1.05,unit,29.51217,86.19941,2023-10-01,1196651.39,2023-10-29,1215926.94,200,Completed,2024-05-07,School Building Renovation at Coimbatore constituency site 78
W01244,MP027,Uttar Pradesh,Sitapur,IA017,Community Hall,1.0,unit,26.64527,79.15649,2024-07-11,3628400.41,2024-08-19,3652467.49,240,In Progress,,Community Hall at Sitapur constituency site 79
W01245,MP007,Maharashtra,Nagpur,IA016,Drinking Water Facility,1.62,unit,24.70391,85.28538,2024-08-05,1451550.29,2024-10-03,1384452.43,150,Completed,2025-01-26,Drinking Water Facility at Nagpur constituency site 80
W01246,MP004,Bihar,Gaya,IA049,Public Toilet Complex,2.05,unit,23.29929,72.93952,2024-01-18,884459.9,2024-02-06,879557.42,120,Completed,2024-06-10,Public Toilet Complex at Gaya constituency site 81
W01247,MP037,Bihar,Muzaffarpur,IA032,School Building Renovation,1.97,unit,27.54754,82.00906,2025-12-04,2405124.91,2025-12-23,2449975.85,200,Completed,2026-06-30,School Building Renovation at Muzaffarpur constituency site 82
W01248,MP030,Bihar,Muzaffarpur,IA032,School Building Renovation,1.01,unit,27.36113,82.05633,2025-04-16,1339508.2,2025-05-20,1375087.32,200,Completed,2025-12-12,School Building Renovation at Muzaffarpur constituency site 83
W01249,MP027,Uttar Pradesh,Sitapur,IA029,Public Toilet Complex,2.56,unit,26.53579,78.89204,2023-04-25,968207.75,2023-05-15,931934.28,120,Completed,2023-09-14,Public Toilet Complex at Sitapur constituency site 84
W01250,MP018,Bihar,Gaya,IA025,School Building Renovation,1.32,unit,23.20354,72.90005,2024-09-01,2018898.17,2024-09-30,1947956.46,200,Completed,2025-02-08,School Building Renovation at Gaya constituency site 85
W01251,MP009,Bihar,Muzaffarpur,IA032,Drainage / Sewage Line (per km),2.54,km,27.48604,82.22339,2025-10-15,3673119.08,2025-11-05,3483063.54,180,Completed,2026-08-13,Drainage / Sewage Line (per km) at Muzaffarpur constituency site 86
W01252,MP038,Tamil Nadu,Coimbatore,IA024,Community Hall,1.0,unit,29.46129,86.14705,2024-11-30,3152004.79,2024-12-31,3293155.15,240,In Progress,,Community Hall at Coimbatore constituency site 87
W01253,MP034,Uttar Pradesh,Gorakhpur,IA052,School Building Renovation,1.4,unit,16.4161,87.47086,2023-04-11,1561777.59,2023-05-24,1572346.85,200,In Progress,,School Building Renovation at Gorakhpur constituency site 88
W01254,MP005,Tamil Nadu,Salem,IA006,Community Hall,1.0,unit,26.59225,74.97149,2024-07-13,3398613.07,2024-09-04,3392157.7,240,Completed,2025-05-19,Community Hall at Salem constituency site 89
W01255,MP006,Bihar,Muzaffarpur,IA032,Drainage / Sewage Line (per km),1.64,km,27.4965,81.98838,2025-10-14,2006907.72,2025-11-29,2091197.59,180,Completed,2026-05-15,Drainage / Sewage Line (per km) at Muzaffarpur constituency site 90
W01256,MP033,Uttar Pradesh,Meerut,IA018,Drainage / Sewage Line (per km),0.91,km,27.75152,83.15453,2023-11-19,1483589.56,2023-12-04,1448183.33,180,Completed,2024-06-27,Drainage / Sewage Line (per km) at Meerut constituency site 91
W01257,MP003,Bihar,Patna,IA023,Road Construction (per km),4.12,km,21.57171,75.57555,2023-08-26,8625519.58,2023-10-11,8506469.28,270,Completed,2024-07-04,Road Construction (per km) at Patna constituency site 92
W01258,MP022,Uttar Pradesh,Meerut,IA018,Community Hall,1.0,unit,27.83191,83.2999,2023-08-11,3729965.73,2023-10-09,3750740.17,240,Completed,2024-04-13,Community Hall at Meerut constituency site 93
W01259,MP005,Tamil Nadu,Coimbatore,IA015,Drainage / Sewage Line (per km),1.48,km,29.50974,86.23032,2024-10-01,2393397.64,2024-11-14,2242873.55,180,Completed,2025-05-31,Drainage / Sewage Line (per km) at Coimbatore constituency site 94
W01260,MP017,Uttar Pradesh,Gorakhpur,IA026,Community Hall,1.0,unit,16.30066,87.72546,2023-07-24,3561432.11,2023-08-13,3448291.72,240,Completed,2024-05-15,Community Hall at Gorakhpur constituency site 95
W01261,MP005,Tamil Nadu,Salem,IA006,Street Lighting (per 50 units),2.6,batch,26.70094,75.10878,2025-09-09,1289678.6,2025-10-17,1294568.27,90,Completed,2026-01-30,Street Lighting (per 50 units) at Salem constituency site 96
W01262,MP031,Uttar Pradesh,Gorakhpur,IA008,Street Lighting (per 50 units),3.03,batch,16.30687,87.53366,2024-01-16,2052991.79,2024-03-08,2192268.69,90,Completed,2024-06-01,Street Lighting (per 50 units) at Gorakhpur constituency site 0
W01263,MP017,Uttar Pradesh,Gorakhpur,IA046,Road Construction (per km),2.51,km,16.54756,87.56496,2023-05-28,4876951.74,2023-06-29,4805630.4,270,Completed,2024-05-02,Road Construction (per km) at Gorakhpur constituency site 1
W01264,MP027,Uttar Pradesh,Sitapur,IA010,Public Toilet Complex,2.75,unit,26.51575,79.10546,2024-06-05,1198787.06,2024-08-01,1195092.73,120,Completed,2024-11-06,Public Toilet Complex at Sitapur constituency site 2
W01265,MP020,Tamil Nadu,Coimbatore,IA055,Health Sub-Centre Upgrade,1.0,unit,29.50272,86.30984,2024-08-13,1669302.15,2024-08-27,1619112.73,210,Completed,2025-06-02,Health Sub-Centre Upgrade at Coimbatore constituency site 3
W01266,MP023,Tamil Nadu,Coimbatore,IA055,Community Hall,1.0,unit,29.52115,86.36507,2023-08-25,3355259.72,2023-09-18,3227308.9,240,Completed,2024-05-12,Community Hall at Coimbatore constituency site 4
W01267,MP032,Tamil Nadu,Coimbatore,IA055,Public Toilet Complex,1.21,unit,29.57292,86.20701,2026-02-24,582898.57,2026-04-03,555820.92,120,Completed,2026-07-28,Public Toilet Complex at Coimbatore constituency site 5
W01268,MP006,Bihar,Muzaffarpur,IA032,Health Sub-Centre Upgrade,1.0,unit,27.32537,82.22947,2023-07-26,1435670.29,2023-08-10,1416115.11,210,Completed,2024-05-28,Health Sub-Centre Upgrade at Muzaffarpur constituency site 6
W01269,MP018,Bihar,Gaya,IA011,Road Construction (per km),1.68,km,23.21826,72.95097,2025-12-14,2913229.63,2025-12-28,3041857.68,270,In Progress,,Road Construction (per km) at Gaya constituency site 7
W01270,MP028,Tamil Nadu,Salem,IA006,Drainage / Sewage Line (per km),1.18,km,26.54402,75.25453,2024-02-20,1613189.47,2024-04-16,1631844.33,180,Completed,2024-11-06,Drainage / Sewage Line (per km) at Salem constituency site 8
W01271,MP002,West Bengal,Malda,IA002,Health Sub-Centre Upgrade,1.0,unit,17.27723,82.97933,2025-10-20,1533483.55,2025-12-01,1499892.61,210,Completed,2026-08-28,Health Sub-Centre Upgrade at Malda constituency site 9
W01272,MP020,Tamil Nadu,Coimbatore,IA015,Community Hall,1.0,unit,29.57276,86.38863,2023-06-01,3881725.77,2023-06-14,3802462.67,240,In Progress,,Community Hall at Coimbatore constituency site 10
W01273,MP023,Tamil Nadu,Coimbatore,IA055,Drinking Water Facility,1.74,unit,29.70025,86.28158,2026-02-04,1466575.91,2026-03-18,1473610.05,150,In Progress,,Drinking Water Facility at Coimbatore constituency site 11
W01274,MP008,West Bengal,Howrah,IA037,Community Hall,1.0,unit,21.94804,72.79809,2024-10-19,3240053.96,2024-11-24,3486800.81,240,Completed,2025-06-20,Community Hall at Howrah constituency site 12
W01275,MP033,Uttar Pradesh,Meerut,IA040,Health Sub-Centre Upgrade,1.0,unit,28.01972,83.12652,2023-07-26,1325112.12,2023-08-14,1342778.43,210,In Progress,,Health Sub-Centre Upgrade at Meerut constituency site 13
W01276,MP024,Maharashtra,Nagpur,IA001,Community Hall,1.0,unit,24.51067,85.22666,2025-02-01,3346972.3,2025-03-23,3535794.73,240,Completed,2025-07-23,Community Hall at Nagpur constituency site 14
W01277,MP009,Bihar,Muzaffarpur,IA032,Drainage / Sewage Line (per km),1.96,km,27.4016,82.00594,2023-05-22,2990422.41,2023-06-29,3011248.65,180,In Progress,,Drainage / Sewage Line (per km) at Muzaffarpur constituency site 15
W01278,MP015,West Bengal,Malda,IA014,School Building Renovation,1.22,unit,17.20666,82.818,2025-07-02,1450510.35,2025-07-20,1368873.41,200,Completed,2025-12-02,School Building Renovation at Malda constituency site 16
W01279,MP001,West Bengal,Malda,IA051,Community Hall,1.0,unit,17.40343,82.85854,2025-07-09,3935139.01,2025-08-26,3713915.35,240,Completed,2026-02-18,Community Hall at Malda constituency site 17
W01280,MP010,Bihar,Gaya,IA042,Health Sub-Centre Upgrade,1.0,unit,23.35181,73.0377,2023-10-21,1931768.22,2023-12-18,1862594.27,210,Completed,2024-06-08,Health Sub-Centre Upgrade at Gaya constituency site 18
W01281,MP021,West Bengal,Howrah,IA022,Public Toilet Complex,2.16,unit,22.12843,72.61338,2024-05-18,825166.17,2024-06-28,854841.1,120,Completed,2024-11-23,Public Toilet Complex at Howrah constituency site 19
W01282,MP022,Uttar Pradesh,Gorakhpur,IA008,School Building Renovation,1.33,unit,16.27107,87.67666,2025-09-23,1411908.25,2025-10-06,1360709.28,200,Completed,2026-01-28,School Building Renovation at Gorakhpur constituency site 20
W01283,MP013,Uttar Pradesh,Gorakhpur,IA004,Street Lighting (per 50 units),2.18,batch,16.29591,87.52574,2024-03-20,1428795.53,2024-05-13,1488138.96,90,Completed,2024-09-13,Street Lighting (per 50 units) at Gorakhpur constituency site 21
W01284,MP017,Uttar Pradesh,Gorakhpur,IA052,Community Hall,1.0,unit,16.41916,87.49698,2023-05-28,3834156.48,2023-07-20,3758389.69,240,Completed,2024-04-07,Community Hall at Gorakhpur constituency site 22
W01285,MP017,Uttar Pradesh,Gorakhpur,IA052,Drainage / Sewage Line (per km),0.73,km,16.37845,87.65459,2026-01-28,1206260.7,2026-03-20,1176300.08,180,Completed,2026-08-30,Drainage / Sewage Line (per km) at Gorakhpur constituency site 23
W01286,MP022,Uttar Pradesh,Meerut,IA040,Drinking Water Facility,1.18,unit,27.98344,83.30562,2023-05-02,1092475.35,2023-05-23,1059929.24,150,Completed,2023-08-19,Drinking Water Facility at Meerut constituency site 24
W01287,MP032,Tamil Nadu,Coimbatore,IA024,Road Construction (per km),3.27,km,29.66054,86.38227,2025-12-17,5422760.67,2026-01-15,5414286.97,270,In Progress,,Road Construction (per km) at Coimbatore constituency site 25
W01288,MP020,Tamil Nadu,Coimbatore,IA024,Road Construction (per km),2.95,km,29.57646,86.40251,2025-02-23,4637993.45,2025-03-30,4976145.35,270,Completed,2025-09-27,Road Construction (per km) at Coimbatore constituency site 26
W01289,MP035,West Bengal,Malda,IA028,Community Hall,1.0,unit,17.42404,83.06062,2024-11-28,3320516.63,2025-01-21,3490847.03,240,Completed,2025-08-14,Community Hall at Malda constituency site 27
W01290,MP023,Tamil Nadu,Coimbatore,IA015,Street Lighting (per 50 units),2.56,batch,29.59704,86.33853,2024-08-12,1574822.9,2024-09-11,1602013.58,90,Completed,2024-12-10,Street Lighting (per 50 units) at Coimbatore constituency site 28
W01291,MP011,Bihar,Gaya,IA049,Drainage / Sewage Line (per km),1.94,km,23.29904,73.12394,2024-06-06,2799449.78,2024-07-22,2981288.39,180,Completed,2025-01-12,Drainage / Sewage Line (per km) at Gaya constituency site 29
W01292,MP039,Bihar,Gaya,IA042,Health Sub-Centre Upgrade,1.0,unit,23.23964,72.91589,2025-05-29,1403770.84,2025-07-03,1449679.79,210,Completed,2026-01-27,Health Sub-Centre Upgrade at Gaya constituency site 30
W01293,MP012,Uttar Pradesh,Varanasi,IA057,Public Toilet Complex,2.28,unit,26.38461,84.47881,2025-01-08,846117.45,2025-02-18,834924.16,120,Completed,2025-07-26,Public Toilet Complex at Varanasi constituency site 31
W01294,MP033,Uttar Pradesh,Meerut,IA018,Public Toilet Complex,2.11,unit,27.91172,83.29669,2024-06-17,881754.81,2024-06-28,897252.67,120,Completed,2024-11-23,Public Toilet Complex at Meerut constituency site 32
W01295,MP017,Uttar Pradesh,Gorakhpur,IA046,Drinking Water Facility,2.03,unit,16.34146,87.70189,2025-04-03,1905505.47,2025-05-20,1936664.98,150,In Progress,,Drinking Water Facility at Gorakhpur constituency site 33
W01296,MP033,Uttar Pradesh,Meerut,IA018,Drinking Water Facility,1.19,unit,27.73171,83.07728,2023-08-18,1026318.2,2023-09-14,1032625.18,150,Completed,2024-01-15,Drinking Water Facility at Meerut constituency site 34
W01297,MP012,Uttar Pradesh,Varanasi,IA057,Drinking Water Facility,2.58,unit,26.41964,84.46096,2025-06-17,2191029.29,2025-08-02,2193855.23,150,Completed,2025-10-06,Drinking Water Facility at Varanasi constituency site 35
W01298,MP003,Bihar,Patna,IA023,Health Sub-Centre Upgrade,1.0,unit,21.57468,75.6334,2025-06-25,1568469.03,2025-08-21,1567327.67,210,Completed,2025-11-14,Health Sub-Centre Upgrade at Patna constituency site 36
W01299,MP023,Tamil Nadu,Coimbatore,IA015,Health Sub-Centre Upgrade,1.0,unit,29.66906,86.27565,2023-10-21,1663149.02,2023-12-17,1658877.24,210,Completed,2024-09-04,Health Sub-Centre Upgrade at Coimbatore constituency site 37
W01300,MP019,Maharashtra,Nashik,IA048,School Building Renovation,1.12,unit,16.87936,79.18378,2024-05-20,1153048.0,2024-07-10,1158056.42,200,In Progress,,School Building Renovation at Nashik constituency site 38
W01301,MP034,Uttar Pradesh,Gorakhpur,IA054,Road Construction (per km),1.27,km,16.47107,87.51856,2024-01-29,2219645.96,2024-02-16,2364846.07,270,Completed,2025-03-29,Road Construction (per km) at Gorakhpur constituency site 39
W01302,MP012,Uttar Pradesh,Varanasi,IA057,Health Sub-Centre Upgrade,1.0,unit,26.54281,84.69478,2024-04-17,1554491.04,2024-05-31,1564054.89,210,Completed,2024-12-20,Health Sub-Centre Upgrade at Varanasi constituency site 40
W01303,MP038,Tamil Nadu,Coimbatore,IA024,Community Hall,1.0,unit,29.61748,86.33422,2025-08-31,4271073.38,2025-09-29,4205155.96,240,Completed,2026-05-20,Community Hall at Coimbatore constituency site 41
W01304,MP027,Uttar Pradesh,Varanasi,IA057,School Building Renovation,1.45,unit,26.27128,84.68905,2025-07-11,1867920.03,2025-08-08,1805877.02,200,In Progress,,School Building Renovation at Varanasi constituency site 42
W01305,MP034,Uttar Pradesh,Gorakhpur,IA039,Street Lighting (per 50 units),2.69,batch,16.39163,87.75876,2023-04-02,1463180.22,2023-05-29,1464764.28,90,Completed,2023-08-21,Street Lighting (per 50 units) at Gorakhpur constituency site 43
W01306,MP035,West Bengal,Malda,IA050,Health Sub-Centre Upgrade,1.0,unit,17.339,82.92201,2024-03-21,1919423.43,2024-04-29,1982810.19,210,Completed,2024-11-20,Health Sub-Centre Upgrade at Malda constituency site 44
W01307,MP007,Maharashtra,Nagpur,IA034,Public Toilet Complex,2.39,unit,24.5701,85.03165,2025-08-05,1101124.55,2025-09-22,1019866.39,120,Completed,2026-02-13,Public Toilet Complex at Nagpur constituency site 45
W01308,MP010,Bihar,Gaya,IA042,Drainage / Sewage Line (per km),1.5,km,23.41881,73.1633,2026-02-01,1946723.84,2026-02-20,1958153.41,180,Completed,2026-08-17,Drainage / Sewage Line (per km) at Gaya constituency site 46
W01309,MP009,Bihar,Muzaffarpur,IA032,School Building Renovation,1.16,unit,27.40962,82.20879,2025-01-11,1268798.79,2025-01-31,1269317.2,200,Completed,2025-11-23,School Building Renovation at Muzaffarpur constituency site 47
W01310,MP016,West Bengal,Howrah,IA013,Street Lighting (per 50 units),3.4,batch,21.9018,72.79647,2023-07-25,1873187.82,2023-08-18,1863409.68,90,In Progress,,Street Lighting (per 50 units) at Howrah constituency site 48
W01311,MP035,West Bengal,Howrah,IA013,Drainage / Sewage Line (per km),1.92,km,21.96398,72.56853,2023-08-19,2628911.17,2023-10-08,2701802.84,180,Completed,2024-01-11,Drainage / Sewage Line (per km) at Howrah constituency site 49
W01312,MP023,Tamil Nadu,Coimbatore,IA024,Road Construction (per km),0.5,km,29.48386,86.22235,2025-06-03,1020423.2,2025-07-25,1023286.38,270,Completed,2026-03-26,Road Construction (per km) at Coimbatore constituency site 50
W01313,MP017,Uttar Pradesh,Gorakhpur,IA054,School Building Renovation,1.71,unit,16.52439,87.75367,2026-02-22,2184183.51,2026-03-16,2204627.36,200,Completed,2026-08-27,School Building Renovation at Gorakhpur constituency site 51
W01314,MP031,Uttar Pradesh,Meerut,IA047,School Building Renovation,1.79,unit,27.81646,83.11802,2025-05-20,1711807.8,2025-07-08,1702610.73,200,Completed,2026-03-13,School Building Renovation at Meerut constituency site 52
W01315,MP020,Tamil Nadu,Coimbatore,IA024,Community Hall,1.0,unit,29.62944,86.35924,2025-05-19,3311621.01,2025-07-17,3300755.2,240,Completed,2026-03-12,Community Hall at Coimbatore constituency site 53
W01316,MP019,Maharashtra,Nashik,IA048,Street Lighting (per 50 units),2.43,batch,17.02529,79.14954,2025-02-07,1216800.55,2025-03-23,1180928.57,90,Completed,2025-06-28,Street Lighting (per 50 units) at Nashik constituency site 54
W01317,MP002,West Bengal,Howrah,IA058,Health Sub-Centre Upgrade,1.0,unit,21.97985,72.56506,2025-10-31,1658053.88,2025-11-10,1620175.11,210,Completed,2026-07-10,Health Sub-Centre Upgrade at Howrah constituency site 55
W01318,MP018,Bihar,Gaya,IA025,Drainage / Sewage Line (per km),1.37,km,23.20056,72.91701,2026-03-21,2208533.57,2026-04-25,2207055.94,180,In Progress,,Drainage / Sewage Line (per km) at Gaya constituency site 56
W01319,MP022,Uttar Pradesh,Meerut,IA047,Health Sub-Centre Upgrade,1.0,unit,27.92271,83.23105,2024-05-22,1187053.72,2024-06-19,1189833.5,210,Completed,2024-11-28,Health Sub-Centre Upgrade at Meerut constituency site 57
W01320,MP018,Bihar,Gaya,IA042,School Building Renovation,1.46,unit,23.34261,73.02106,2026-03-24,1791950.84,2026-04-16,1891509.43,200,In Progress,,School Building Renovation at Gaya constituency site 58
W01321,MP007,Maharashtra,Nagpur,IA001,Health Sub-Centre Upgrade,1.0,unit,24.6571,85.07075,2024-05-16,1655705.82,2024-07-02,1724224.34,210,Completed,2024-09-24,Health Sub-Centre Upgrade at Nagpur constituency site 59
W01322,MP033,Uttar Pradesh,Meerut,IA047,Road Construction (per km),4.07,km,27.8015,83.27979,2025-07-26,7555060.76,2025-09-20,7494326.73,270,In Progress,,Road Construction (per km) at Meerut constituency site 60
W01323,MP013,Uttar Pradesh,Gorakhpur,IA053,Drinking Water Facility,1.44,unit,16.39446,87.60875,2025-07-20,1323068.6,2025-08-06,1366639.68,150,Completed,2025-10-16,Drinking Water Facility at Gorakhpur constituency site 61
W01324,MP021,West Bengal,Howrah,IA022,Health Sub-Centre Upgrade,1.0,unit,21.97082,72.71493,2023-04-26,1548833.02,2023-06-19,1534625.09,210,In Progress,,Health Sub-Centre Upgrade at Howrah constituency site 62
W01325,MP003,Bihar,Patna,IA023,Drinking Water Facility,2.8,unit,21.75545,75.65676,2024-04-06,2680852.77,2024-05-29,2725181.3,150,Completed,2025-02-03,Drinking Water Facility at Patna constituency site 63
W01326,MP040,Bihar,Gaya,IA011,Road Construction (per km),4.07,km,23.40653,73.04173,2023-12-31,7259287.97,2024-01-11,7200435.02,270,Completed,2024-09-23,Road Construction (per km) at Gaya constituency site 64
W01327,MP026,Maharashtra,Nagpur,IA035,Drainage / Sewage Line (per km),2.47,km,24.62919,85.2483,2024-07-28,3375507.45,2024-08-29,3282393.44,180,In Progress,,Drainage / Sewage Line (per km) at Nagpur constituency site 65
W01328,MP009,Bihar,Muzaffarpur,IA032,Drainage / Sewage Line (per km),1.65,km,27.3746,82.12238,2026-02-01,1649672.96,2026-03-09,1607222.12,180,Completed,2026-09-01,Drainage / Sewage Line (per km) at Muzaffarpur constituency site 66
W01329,MP040,Bihar,Gaya,IA036,Community Hall,1.0,unit,23.31576,73.03567,2025-10-04,4386326.68,2025-11-10,4582627.7,240,Completed,2026-06-05,Community Hall at Gaya constituency site 67
W01330,MP006,Bihar,Muzaffarpur,IA032,Road Construction (per km),4.27,km,27.3112,82.05466,2025-09-06,6752001.35,2025-10-01,6915063.7,270,Completed,2026-08-15,Road Construction (per km) at Muzaffarpur constituency site 68
W01331,MP024,Maharashtra,Nagpur,IA016,Public Toilet Complex,2.58,unit,24.56506,85.10836,2024-08-14,1212899.21,2024-10-07,1227369.51,120,Completed,2025-02-22,Public Toilet Complex at Nagpur constituency site 69
W01332,MP007,Maharashtra,Nagpur,IA035,Street Lighting (per 50 units),3.62,batch,24.73526,85.30389,2025-12-28,1885444.19,2026-01-16,1935860.92,90,Completed,2026-05-04,Street Lighting (per 50 units) at Nagpur constituency site 70
W01333,MP013,Uttar Pradesh,Gorakhpur,IA052,Public Toilet Complex,1.17,unit,16.46131,87.68048,2025-02-10,537366.25,2025-03-08,545623.52,120,Completed,2025-07-12,Public Toilet Complex at Gorakhpur constituency site 71
W01334,MP007,Maharashtra,Nagpur,IA035,Drinking Water Facility,2.91,unit,24.60572,85.24668,2025-10-19,2523880.58,2025-11-28,2539530.46,150,In Progress,,Drinking Water Facility at Nagpur constituency site 72
W01335,MP025,Bihar,Patna,IA023,Community Hall,1.0,unit,21.67684,75.67631,2024-08-26,3763745.47,2024-09-27,3907291.09,240,Completed,2025-05-15,Community Hall at Patna constituency site 73
W01336,MP015,West Bengal,Malda,IA007,Road Construction (per km),1.57,km,17.16559,82.91368,2024-03-11,3071409.01,2024-04-20,2948311.33,270,Completed,2025-05-23,Road Construction (per km) at Malda constituency site 74
W01337,MP035,West Bengal,Malda,IA051,Drainage / Sewage Line (per km),0.31,km,17.34771,82.83955,2025-04-28,568942.52,2025-05-28,558597.92,180,Completed,2025-10-30,Drainage / Sewage Line (per km) at Malda constituency site 75
W01338,MP039,Bihar,Gaya,IA036,Drainage / Sewage Line (per km),2.58,km,23.40918,73.13583,2025-09-28,3585928.87,2025-10-18,3618226.72,180,Completed,2026-02-21,Drainage / Sewage Line (per km) at Gaya constituency site 76
W01339,MP003,Bihar,Patna,IA023,Street Lighting (per 50 units),1.52,batch,21.55524,75.70922,2025-04-01,897968.68,2025-05-02,922006.63,90,Completed,2025-07-28,Street Lighting (per 50 units) at Patna constituency site 77
W01340,MP015,West Bengal,Malda,IA021,Health Sub-Centre Upgrade,1.0,unit,17.42673,82.90653,2024-07-01,1350532.16,2024-08-24,1337027.5,210,Completed,2025-03-29,Health Sub-Centre Upgrade at Malda constituency site 78
W01341,MP033,Uttar Pradesh,Meerut,IA040,Public Toilet Complex,2.12,unit,27.81245,83.28723,2023-07-13,874249.74,2023-08-29,874493.73,120,Completed,2023-12-13,Public Toilet Complex at Meerut constituency site 79
W01342,MP013,Uttar Pradesh,Gorakhpur,IA008,Drainage / Sewage Line (per km),1.3,km,16.54916,87.48517,2025-05-03,1967275.44,2025-05-21,1949202.25,180,Completed,2025-08-01,Drainage / Sewage Line (per km) at Gorakhpur constituency site 80
W01343,MP039,Bihar,Gaya,IA049,Health Sub-Centre Upgrade,1.0,unit,23.3067,73.06187,2024-11-01,1676508.13,2024-12-18,1690696.3,210,Completed,2025-04-13,Health Sub-Centre Upgrade at Gaya constituency site 81
W01344,MP016,West Bengal,Howrah,IA056,Drainage / Sewage Line (per km),0.93,km,21.88778,72.67966,2025-10-28,1671918.38,2025-11-10,1659733.88,180,Completed,2026-06-06,Drainage / Sewage Line (per km) at Howrah constituency site 82
W01345,MP023,Tamil Nadu,Coimbatore,IA024,Road Construction (per km),1.86,km,29.52702,86.14324,2025-01-17,3552079.45,2024-07-01,3581462.94,270,In Progress,,Road Construction (per km) at Coimbatore constituency site 83
W01346,MP002,West Bengal,Howrah,IA037,Public Toilet Complex,2.5,unit,21.89439,72.84011,2025-11-21,1159541.28,2025-12-05,1186152.0,120,Completed,2026-04-04,Public Toilet Complex at Howrah constituency site 84
W01347,MP023,Tamil Nadu,Coimbatore,IA015,Drainage / Sewage Line (per km),2.91,km,29.67307,86.41518,2023-09-12,4480526.67,2024-05-06,4417070.73,180,In Progress,,Drainage / Sewage Line (per km) at Coimbatore constituency site 85
W01348,MP023,Tamil Nadu,Coimbatore,IA055,Street Lighting (per 50 units),3.78,batch,29.59522,86.41149,2023-11-21,2942794.44,2023-12-09,2843255.71,90,Completed,2024-02-03,Street Lighting (per 50 units) at Coimbatore constituency site 86
W01349,MP036,Maharashtra,Nashik,IA038,Public Toilet Complex,1.2,unit,16.89391,79.1564,2025-05-14,574786.89,2025-06-10,562789.13,120,Completed,2025-10-22,Public Toilet Complex at Nashik constituency site 87
W01350,MP006,Bihar,Muzaffarpur,IA032,School Building Renovation,1.89,unit,27.30418,82.01482,2026-02-25,2076221.56,2026-03-17,2099107.28,200,Completed,2026-08-12,School Building Renovation at Muzaffarpur constituency site 88
W01351,MP035,West Bengal,Howrah,IA013,Drinking Water Facility,2.86,unit,21.96441,72.76003,2025-06-17,2540862.4,2025-08-05,2544571.72,150,Completed,2025-11-29,Drinking Water Facility at Howrah constituency site 89
W01352,MP034,Uttar Pradesh,Gorakhpur,IA052,Road Construction (per km),0.88,km,16.32528,87.73676,2025-08-17,1259693.15,2025-10-08,1338153.69,270,Completed,2026-05-02,Road Construction (per km) at Gorakhpur constituency site 90
W01353,MP035,West Bengal,Malda,IA014,Community Hall,1.0,unit,17.26597,82.98568,2024-09-07,2828983.9,2024-09-23,2806858.57,240,In Progress,,Community Hall at Malda constituency site 91
W01354,MP014,Maharashtra,Pune,IA003,Drainage / Sewage Line (per km),0.7,km,20.47615,86.8717,2025-07-26,1121579.73,2025-09-19,1170362.12,180,Completed,2026-03-18,Drainage / Sewage Line (per km) at Pune constituency site 92
W01355,MP036,Maharashtra,Nashik,IA038,Public Toilet Complex,2.41,unit,17.00988,79.32963,2024-04-03,1011736.21,2024-04-24,978238.41,120,Completed,2024-08-29,Public Toilet Complex at Nashik constituency site 93
W01356,MP035,West Bengal,Malda,IA050,Street Lighting (per 50 units),1.79,batch,17.34737,82.97593,2025-12-17,1030986.19,2026-01-24,1076294.95,90,Completed,2026-04-25,Street Lighting (per 50 units) at Malda constituency site 94
W01357,MP021,West Bengal,Howrah,IA058,School Building Renovation,1.2,unit,21.85676,72.59339,2023-08-22,1508957.43,2023-10-14,1534849.78,200,Completed,2024-05-23,School Building Renovation at Howrah constituency site 95
W01358,MP032,Tamil Nadu,Coimbatore,IA055,Public Toilet Complex,2.68,unit,29.66635,86.22205,2025-04-20,1132587.85,2025-05-23,1126370.84,120,Completed,2025-09-20,Public Toilet Complex at Coimbatore constituency site 96
W01359,MP039,Bihar,Gaya,IA042,School Building Renovation,1.31,unit,23.4339,73.13872,2025-09-10,1717746.03,2025-11-08,1588737.41,200,Completed,2026-05-10,School Building Renovation at Gaya constituency site 0
W01360,MP022,Uttar Pradesh,Meerut,IA005,Drainage / Sewage Line (per km),1.58,km,27.99691,83.19431,2023-12-19,2286919.68,2024-01-03,2229046.01,180,Completed,2024-06-21,Drainage / Sewage Line (per km) at Meerut constituency site 1
W01361,MP020,Tamil Nadu,Coimbatore,IA055,Street Lighting (per 50 units),3.77,batch,29.60049,86.30564,2025-02-16,2513528.77,2025-02-26,2535292.84,90,Completed,2025-06-16,Street Lighting (per 50 units) at Coimbatore constituency site 2
W01362,MP025,Bihar,Patna,IA023,Road Construction (per km),3.29,km,21.74152,75.7751,2024-02-21,6940904.23,2024-03-17,6739228.99,270,In Progress,,Road Construction (per km) at Patna constituency site 3
W01363,MP017,Uttar Pradesh,Gorakhpur,IA008,Drainage / Sewage Line (per km),0.71,km,16.53658,87.64402,2024-01-22,859766.42,2024-02-05,866750.53,180,In Progress,,Drainage / Sewage Line (per km) at Gorakhpur constituency site 4
W01364,MP038,Tamil Nadu,Salem,IA006,Public Toilet Complex,2.58,unit,26.69202,75.11495,2025-12-31,1336007.86,2026-02-09,1337413.46,120,Completed,2026-06-21,Public Toilet Complex at Salem constituency site 5
W01365,MP031,Uttar Pradesh,Gorakhpur,IA054,Public Toilet Complex,1.11,unit,16.46484,87.46945,2024-02-16,482201.64,2024-04-05,460891.69,120,Completed,2024-06-23,Public Toilet Complex at Gorakhpur constituency site 6
W01366,MP012,Uttar Pradesh,Varanasi,IA057,Drinking Water Facility,2.86,unit,26.4254,84.62669,2023-04-21,2155778.26,2023-06-09,2056571.8,150,Completed,2023-11-01,Drinking Water Facility at Varanasi constituency site 7
W01367,MP033,Uttar Pradesh,Varanasi,IA057,Health Sub-Centre Upgrade,1.0,unit,26.46165,84.44945,2024-03-19,1867592.54,2024-04-05,2004098.31,210,Completed,2024-12-27,Health Sub-Centre Upgrade at Varanasi constituency site 8
W01368,MP019,Maharashtra,Nashik,IA048,Drinking Water Facility,1.94,unit,16.99099,79.14202,2024-03-20,1657274.96,2024-04-22,1683987.39,150,Completed,2024-09-23,Drinking Water Facility at Nashik constituency site 9
W01369,MP029,Bihar,Muzaffarpur,IA032,Health Sub-Centre Upgrade,1.0,unit,27.34759,82.11345,2025-07-26,1566375.97,2025-08-08,1517793.4,210,Completed,2025-12-02,Health Sub-Centre Upgrade at Muzaffarpur constituency site 10
W01370,MP009,Bihar,Gaya,IA025,Health Sub-Centre Upgrade,1.0,unit,23.38967,73.16393,2025-06-22,1643785.89,2025-08-13,1711063.56,210,Completed,2026-03-05,Health Sub-Centre Upgrade at Gaya constituency site 11
W01371,MP006,Bihar,Muzaffarpur,IA032,Drainage / Sewage Line (per km),2.51,km,27.38652,81.99982,2024-02-10,3279525.91,2024-03-07,3136009.54,180,Completed,2024-10-20,Drainage / Sewage Line (per km) at Muzaffarpur constituency site 12
W01372,MP010,Bihar,Patna,IA023,Street Lighting (per 50 units),3.96,batch,21.71495,75.62607,2025-03-07,2526236.29,2025-04-24,2547353.59,90,Completed,2025-08-31,Street Lighting (per 50 units) at Patna constituency site 13
W01373,MP001,West Bengal,Malda,IA007,Public Toilet Complex,1.33,unit,17.42858,82.97153,2026-01-27,575845.77,2026-03-14,572593.38,120,Completed,2026-06-03,Public Toilet Complex at Malda constituency site 14
W01374,MP022,Uttar Pradesh,Meerut,IA047,Community Hall,1.0,unit,27.92437,83.18739,2023-09-06,3277874.42,2023-10-03,3264713.56,240,Completed,2024-09-23,Community Hall at Meerut constituency site 15
W01375,MP021,West Bengal,Howrah,IA056,Health Sub-Centre Upgrade,1.0,unit,22.04461,72.69282,2026-03-29,1902051.6,2026-04-24,1994703.13,210,In Progress,,Health Sub-Centre Upgrade at Howrah constituency site 16
W01376,MP008,West Bengal,Howrah,IA056,Community Hall,1.0,unit,21.91589,72.68889,2023-04-17,3446934.85,2023-06-13,3282715.15,240,Completed,2024-03-21,Community Hall at Howrah constituency site 17
W01377,MP021,West Bengal,Howrah,IA012,Drinking Water Facility,2.15,unit,22.11007,72.78717,2023-07-06,1772158.09,2023-09-03,1766017.88,150,Completed,2024-03-23,Drinking Water Facility at Howrah constituency site 18
W01378,MP028,Tamil Nadu,Coimbatore,IA055,Public Toilet Complex,2.17,unit,29.43599,86.35772,2023-12-03,1010226.87,2023-12-21,1016281.24,120,Completed,2024-04-04,Public Toilet Complex at Coimbatore constituency site 19
W01379,MP011,Bihar,Muzaffarpur,IA032,Street Lighting (per 50 units),3.5,batch,27.46149,82.13317,2023-09-05,1820601.01,2023-10-12,1860769.67,90,Completed,2024-01-08,Street Lighting (per 50 units) at Muzaffarpur constituency site 20
W01380,MP037,Bihar,Muzaffarpur,IA032,Road Construction (per km),2.05,km,27.445,82.23169,2025-03-07,3866808.48,2025-04-20,3954894.19,270,Completed,2025-11-27,Road Construction (per km) at Muzaffarpur constituency site 21
W01381,MP026,Maharashtra,Nagpur,IA035,Road Construction (per km),3.84,km,24.72486,85.19787,2025-07-15,6674686.28,2025-08-10,6661466.06,270,Completed,2026-05-28,Road Construction (per km) at Nagpur constituency site 22
W01382,MP025,Bihar,Patna,IA023,School Building Renovation,1.95,unit,21.54235,75.70819,2023-08-01,1557391.34,2023-08-28,1470991.33,200,Completed,2024-02-06,School Building Renovation at Patna constituency site 23
W01383,MP032,Tamil Nadu,Coimbatore,IA024,Public Toilet Complex,1.7,unit,29.64243,86.30335,2024-10-04,687590.54,2024-11-04,684716.99,120,Completed,2025-01-27,Public Toilet Complex at Coimbatore constituency site 24
W01384,MP038,Tamil Nadu,Coimbatore,IA024,Drinking Water Facility,2.91,unit,29.67445,86.41813,2025-01-25,2661896.7,2025-02-13,2676164.1,150,Completed,2025-07-27,Drinking Water Facility at Coimbatore constituency site 25
W01385,MP036,Maharashtra,Pune,IA003,Road Construction (per km),2.4,km,20.47962,86.73957,2025-11-24,4338404.32,2025-12-30,4380128.65,270,In Progress,,Road Construction (per km) at Pune constituency site 26
W01386,MP034,Uttar Pradesh,Gorakhpur,IA046,Road Construction (per km),1.36,km,16.35253,87.70941,2025-05-14,2779181.02,2025-06-06,2731059.31,270,Completed,2026-04-18,Road Construction (per km) at Gorakhpur constituency site 27
W01387,MP039,Bihar,Gaya,IA042,Drinking Water Facility,1.01,unit,23.4133,72.90475,2025-12-31,834752.64,2026-02-21,799369.31,150,In Progress,,Drinking Water Facility at Gaya constituency site 28
W01388,MP004,Bihar,Muzaffarpur,IA032,Drainage / Sewage Line (per km),1.81,km,27.51766,82.08093,2023-08-26,2492785.87,2023-10-13,2479517.2,180,Completed,2024-04-16,Drainage / Sewage Line (per km) at Muzaffarpur constituency site 29
W01389,MP026,Maharashtra,Nagpur,IA001,Road Construction (per km),3.21,km,24.68998,85.23386,2023-05-18,6709177.39,2023-06-30,6558719.79,270,Completed,2024-03-17,Road Construction (per km) at Nagpur constituency site 30
W01390,MP001,West Bengal,Malda,IA050,Drinking Water Facility,2.85,unit,17.19346,82.91422,2023-04-08,2540824.46,2023-05-18,2533536.3,150,In Progress,,Drinking Water Facility at Malda constituency site 31
W01391,MP036,Maharashtra,Nashik,IA027,Health Sub-Centre Upgrade,1.0,unit,17.00133,79.31066,2024-12-15,1396448.34,2025-01-13,1382275.66,210,Completed,2025-09-09,Health Sub-Centre Upgrade at Nashik constituency site 32
W01392,MP001,West Bengal,Malda,IA030,School Building Renovation,1.57,unit,17.34221,82.87721,2023-07-10,2088593.35,2023-07-31,2068045.67,200,Completed,2024-01-17,School Building Renovation at Malda constituency site 33
W01393,MP010,Bihar,Gaya,IA011,School Building Renovation,1.33,unit,23.23168,73.00325,2024-06-28,1752587.4,2024-08-08,1723927.77,200,Completed,2025-05-17,School Building Renovation at Gaya constituency site 34
W01394,MP017,Uttar Pradesh,Gorakhpur,IA053,Health Sub-Centre Upgrade,1.0,unit,16.32655,87.53266,2024-07-17,1517783.36,2024-09-07,1446338.26,210,Completed,2025-04-19,Health Sub-Centre Upgrade at Gorakhpur constituency site 35
W01395,MP014,Maharashtra,Pune,IA003,Community Hall,1.0,unit,20.41291,86.84091,2024-03-03,3337724.62,2024-04-17,3293419.27,240,Completed,2024-11-08,Community Hall at Pune constituency site 36
W01396,MP034,Uttar Pradesh,Meerut,IA040,Public Toilet Complex,2.15,unit,27.75879,83.23773,2023-05-21,859252.62,2023-07-04,855198.41,120,Completed,2023-11-03,Public Toilet Complex at Meerut constituency site 37
W01397,MP008,West Bengal,Howrah,IA037,Road Construction (per km),4.02,km,22.10621,72.68815,2023-07-26,7970429.68,2023-08-06,8184184.25,270,Completed,2024-10-05,Road Construction (per km) at Howrah constituency site 38
W01398,MP022,Uttar Pradesh,Meerut,IA018,Community Hall,1.0,unit,27.97856,83.1287,2023-06-19,4306523.86,2023-07-04,4378608.75,240,Completed,2024-03-28,Community Hall at Meerut constituency site 39
W01399,MP012,Uttar Pradesh,Varanasi,IA057,Public Toilet Complex,2.3,unit,26.34476,84.54912,2025-03-05,1277218.35,2025-03-15,1290332.79,120,Completed,2025-09-17,Public Toilet Complex at Varanasi constituency site 40
W01400,MP018,Bihar,Gaya,IA049,Drainage / Sewage Line (per km),2.4,km,23.31068,73.10225,2023-11-30,2712792.17,2023-12-30,2611340.19,180,Completed,2024-06-23,Drainage / Sewage Line (per km) at Gaya constituency site 41
W01401,MP028,Tamil Nadu,Madurai,IA031,Drainage / Sewage Line (per km),2.82,km,26.291531163060725,77.53697520969105,2023-05-18,4573035.67,2023-08-03,4649439.59,180,Completed,2023-10-03,Drainage / Sewage Line (per km) at Madurai constituency site 37 (re-recommended)
W01402,MP033,Uttar Pradesh,Meerut,IA040,Public Toilet Complex,2.12,unit,27.81273402389062,83.28795284015492,2023-09-21,874249.74,2023-11-14,874493.73,120,Completed,2023-12-13,Public Toilet Complex at Meerut constituency site 79 (re-recommended)
W01403,MP030,Bihar,Muzaffarpur,IA032,Drinking Water Facility,1.87,unit,27.338542584565968,82.03649820080538,2026-06-06,1454039.63,2026-07-06,1382343.57,150,In Progress,,Drinking Water Facility at Muzaffarpur constituency site 23 (re-recommended)
W01404,MP010,Bihar,Gaya,IA036,Public Toilet Complex,1.2,unit,23.25304606701006,73.08635079714986,2026-02-27,609104.9,2026-04-03,603609.69,120,Completed,2026-05-06,Public Toilet Complex at Gaya constituency site 45 (re-recommended)
W01405,MP018,Bihar,Gaya,IA011,Drainage / Sewage Line (per km),0.45,km,23.443823064759183,73.08585365920011,2025-10-27,736344.57,2026-01-22,745949.18,180,Completed,2026-05-08,Drainage / Sewage Line (per km) at Gaya constituency site 57 (re-recommended)
W01406,MP027,Uttar Pradesh,Sitapur,IA010,Street Lighting (per 50 units),3.48,batch,26.636309962314517,79.0715604802828,2026-02-15,2286027.74,2026-01-23,2250570.47,90,Completed,2026-04-21,Street Lighting (per 50 units) at Sitapur constituency site 13 (re-recommended)
W01407,MP029,Bihar,Gaya,IA011,Public Toilet Complex,2.48,unit,23.413297496459933,73.02873404601296,2023-07-22,1094679.81,2023-08-10,1072224.61,120,Completed,2023-11-09,Public Toilet Complex at Gaya constituency site 36 (re-recommended)
W01408,MP038,Tamil Nadu,Coimbatore,IA024,Drainage / Sewage Line (per km),2.46,km,29.446885614486177,86.34919413693223,2025-12-26,3011836.62,2026-02-15,3170470.71,180,Completed,2026-04-27,Drainage / Sewage Line (per km) at Coimbatore constituency site 5 (re-recommended)
W01409,MP027,Uttar Pradesh,Sitapur,IA017,Street Lighting (per 50 units),2.94,batch,26.508566959066037,78.9112031455511,2023-12-24,1635247.81,2023-12-13,1766317.67,90,Completed,2024-02-12,Street Lighting (per 50 units) at Sitapur constituency site 89 (re-recommended)
W01410,MP017,Uttar Pradesh,Gorakhpur,IA053,Drinking Water Facility,2.91,unit,16.310617162559346,87.4886239149762,2025-12-19,2695375.56,2026-01-14,2617248.59,150,Completed,2026-05-01,Drinking Water Facility at Gorakhpur constituency site 76 (re-recommended)
W01411,MP035,West Bengal,Malda,IA050,Road Construction (per km),2.55,km,17.302716139204087,82.90852910860923,2024-01-11,4882797.56,2024-03-13,4867420.16,270,Completed,2024-08-02,Road Construction (per km) at Malda constituency site 4 (re-recommended)
W01412,MP035,West Bengal,Malda,IA050,Street Lighting (per 50 units),1.79,batch,17.34794239794881,82.97580099759789,2026-03-14,1030986.19,2026-04-16,1076294.95,90,Completed,2026-04-25,Street Lighting (per 50 units) at Malda constituency site 94 (re-recommended)
W01413,MP002,West Bengal,Howrah,IA013,Health Sub-Centre Upgrade,1.0,unit,21.962950517834127,72.56454865915966,2025-12-25,1518061.25,2026-01-19,1507434.87,210,In Progress,,Health Sub-Centre Upgrade at Howrah constituency site 65 (re-recommended)
W01414,MP022,Uttar Pradesh,Meerut,IA018,Drainage / Sewage Line (per km),1.98,km,27.938184460580462,83.22351013695605,2023-09-16,3210765.24,2023-12-21,3275589.38,180,In Progress,,Drainage / Sewage Line (per km) at Meerut constituency site 14 (re-recommended)
W01415,MP008,West Bengal,Howrah,IA012,Community Hall,1.0,unit,22.07635284808244,72.58036973163378,2024-10-23,3547916.71,2024-12-16,3674861.77,240,Completed,2025-04-17,Community Hall at Howrah constituency site 25 (re-recommended)
